lane_id,case_id,family,dimension,step_count_n,lambda_real,omega_contract,lambda_minus_omega,delta_scaled,lambda_gate_status,status,released,exact_resolvent_diagnostic_available,resolvent_error_E_lambda_n,declared_bound_B_total,bound_utilization_E_over_B,B_product,B_quadrature,B_tail,B_tail_status,B_reference,B_floating,certificate_E_le_B,quadrature_rule,stability_max_power_norm_probe,stability_probe_cap,stability_probe_pass,factor_norm_sum,claim_boundary
DRCET4C_CHERNOFF_REMIZOV_RESOLVENT_LANE,RC4C-DISS-01,C1_dissipative_negative_c,4,4,0.6954440874095136,0.001207453004085372,0.6942366344054282,0.5,INSIDE_CERTIFIED_RESOLVENT_HALF_PLANE,PASS_RESOLVENT_CONVERGENCE,True,True,2.2858220434637873e-05,6.011997250907538,3.8021009459356156e-06,6.011997248844165,1.2746045716310261e-12,0.0,NOT_APPLICABLE_FOR_GAUSS_LAGUERRE_INFINITE_INTERVAL,0.0,2.062099232323601e-09,True,gauss_laguerre_64,1.0,1.0017407661685076,True,0.4156713033943587,bounded public-safe contract-surrogate resolvent lane; not production ARIN22 kernel validation
DRCET4C_CHERNOFF_REMIZOV_RESOLVENT_LANE,RC4C-DISS-01,C1_dissipative_negative_c,4,8,0.6954440874095136,0.001207453004085372,0.6942366344054282,0.5,INSIDE_CERTIFIED_RESOLVENT_HALF_PLANE,PASS_RESOLVENT_CONVERGENCE,True,True,5.726900579847073e-06,1.5029993143957128,3.8103148318132116e-06,1.5029993122110412,1.2722823962559215e-12,0.0,NOT_APPLICABLE_FOR_GAUSS_LAGUERRE_INFINITE_INTERVAL,0.0,2.1833991871661657e-09,True,gauss_laguerre_64,1.0,1.0017407661685076,True,0.4156713033943587,bounded public-safe contract-surrogate resolvent lane; not production ARIN22 kernel validation
DRCET4C_CHERNOFF_REMIZOV_RESOLVENT_LANE,RC4C-DISS-01,C1_dissipative_negative_c,4,16,0.6954440874095136,0.001207453004085372,0.6942366344054282,0.5,INSIDE_CERTIFIED_RESOLVENT_HALF_PLANE,PASS_RESOLVENT_CONVERGENCE,True,True,1.4325029149499083e-06,0.37574983048003147,3.8123847271463668e-06,0.3757498280527603,1.272011710116482e-12,0.0,NOT_APPLICABLE_FOR_GAUSS_LAGUERRE_INFINITE_INTERVAL,0.0,2.4259990968512955e-09,True,gauss_laguerre_64,1.0,1.0017407661685076,True,0.4156713033943587,bounded public-safe contract-surrogate resolvent lane; not production ARIN22 kernel validation
DRCET4C_CHERNOFF_REMIZOV_RESOLVENT_LANE,RC4C-DISS-01,C1_dissipative_negative_c,4,32,0.6954440874095136,0.001207453004085372,0.6942366344054282,0.5,INSIDE_CERTIFIED_RESOLVENT_HALF_PLANE,PASS_RESOLVENT_CONVERGENCE,True,True,3.5817444821674924e-07,0.09393745992565886,3.812903270965649e-06,0.09393745701319008,1.2698589890334368e-12,0.0,NOT_APPLICABLE_FOR_GAUSS_LAGUERRE_INFINITE_INTERVAL,0.0,2.9111989162215545e-09,True,gauss_laguerre_64,1.0,1.0017407661685076,True,0.4156713033943587,bounded public-safe contract-surrogate resolvent lane; not production ARIN22 kernel validation
DRCET4C_CHERNOFF_REMIZOV_RESOLVENT_LANE,RC4C-DISS-01,C1_dissipative_negative_c,4,64,0.6954440874095136,0.001207453004085372,0.6942366344054282,0.5,INSIDE_CERTIFIED_RESOLVENT_HALF_PLANE,PASS_RESOLVENT_CONVERGENCE,True,True,8.954666651617684e-08,0.023484368136168884,3.8130328223846783e-06,0.02348436425329752,1.2728080320810756e-12,0.0,NOT_APPLICABLE_FOR_GAUSS_LAGUERRE_INFINITE_INTERVAL,0.0,3.881598554962073e-09,True,gauss_laguerre_64,1.0,1.0017407661685076,True,0.4156713033943587,bounded public-safe contract-surrogate resolvent lane; not production ARIN22 kernel validation
DRCET4C_CHERNOFF_REMIZOV_RESOLVENT_LANE,RC4C-DISS-01,C1_dissipative_negative_c,4,4,0.140054779885171,0.001207453004085372,0.13884732688108564,0.1,INSIDE_CERTIFIED_RESOLVENT_HALF_PLANE,PASS_RESOLVENT_CONVERGENCE,True,True,0.0013967253570581566,150.29993122262113,9.292920799739796e-06,150.29993122110412,4.481784359716525e-12,0.0,NOT_APPLICABLE_FOR_GAUSS_LAGUERRE_INFINITE_INTERVAL,0.0,1.51252472003878e-09,True,gauss_laguerre_64,1.0,1.0087341863068608,True,0.4156713033943587,bounded public-safe contract-surrogate resolvent lane; not production ARIN22 kernel validation
DRCET4C_CHERNOFF_REMIZOV_RESOLVENT_LANE,RC4C-DISS-01,C1_dissipative_negative_c,4,8,0.140054779885171,0.001207453004085372,0.13884732688108564,0.1,INSIDE_CERTIFIED_RESOLVENT_HALF_PLANE,PASS_RESOLVENT_CONVERGENCE,True,True,0.00035783079647052637,37.57498280688201,9.523112713307434e-06,37.57498280527603,4.4818341547578436e-12,0.0,NOT_APPLICABLE_FOR_GAUSS_LAGUERRE_INFINITE_INTERVAL,0.0,1.6014967623940025e-09,True,gauss_laguerre_64,1.0,1.0087341863068608,True,0.4156713033943587,bounded public-safe contract-surrogate resolvent lane; not production ARIN22 kernel validation
DRCET4C_CHERNOFF_REMIZOV_RESOLVENT_LANE,RC4C-DISS-01,C1_dissipative_negative_c,4,16,0.140054779885171,0.001207453004085372,0.13884732688108564,0.1,INSIDE_CERTIFIED_RESOLVENT_HALF_PLANE,PASS_RESOLVENT_CONVERGENCE,True,True,9.005084832392022e-05,9.393745703102917,9.586255703534199e-06,9.393745701319007,4.469104417918869e-12,0.0,NOT_APPLICABLE_FOR_GAUSS_LAGUERRE_INFINITE_INTERVAL,0.0,1.779440847104447e-09,True,gauss_laguerre_64,1.0,1.0087341863068608,True,0.4156713033943587,bounded public-safe contract-surrogate resolvent lane; not production ARIN22 kernel validation
DRCET4C_CHERNOFF_REMIZOV_RESOLVENT_LANE,RC4C-DISS-01,C1_dissipative_negative_c,4,32,0.140054779885171,0.001207453004085372,0.13884732688108564,0.1,INSIDE_CERTIFIED_RESOLVENT_HALF_PLANE,PASS_RESOLVENT_CONVERGENCE,True,True,2.255076162173827e-05,2.3484364274695495,9.602457770609876e-06,2.348436425329752,4.4690460690034684e-12,0.0,NOT_APPLICABLE_FOR_GAUSS_LAGUERRE_INFINITE_INTERVAL,0.0,2.1353290165253365e-09,True,gauss_laguerre_64,1.0,1.0087341863068608,True,0.4156713033943587,bounded public-safe contract-surrogate resolvent lane; not production ARIN22 kernel validation
DRCET4C_CHERNOFF_REMIZOV_RESOLVENT_LANE,RC4C-DISS-01,C1_dissipative_negative_c,4,64,0.140054779885171,0.001207453004085372,0.13884732688108564,0.1,INSIDE_CERTIFIED_RESOLVENT_HALF_PLANE,PASS_RESOLVENT_CONVERGENCE,True,True,5.64008473945527e-06,0.5871091091840689,9.606535908280391e-06,0.587109106332438,4.525624684501027e-12,0.0,NOT_APPLICABLE_FOR_GAUSS_LAGUERRE_INFINITE_INTERVAL,0.0,2.8471053553671154e-09,True,gauss_laguerre_64,1.0,1.0087341863068608,True,0.4156713033943587,bounded public-safe contract-surrogate resolvent lane; not production ARIN22 kernel validation
DRCET4C_CHERNOFF_REMIZOV_RESOLVENT_LANE,RC4C-DISS-01,C1_dissipative_negative_c,4,4,0.0289769183803025,0.001207453004085372,0.027769465376217127,0.02,INSIDE_CERTIFIED_RESOLVENT_HALF_PLANE,PASS_RECOMPRESSED_NEAR_BOUNDARY,True,True,0.01388547643326085,3757.498280621419,3.6954046006814024e-06,3757.4982805276027,9.241385938927764e-08,0.0,NOT_APPLICABLE_FOR_GAUSS_LAGUERRE_INFINITE_INTERVAL,0.0,1.4026098175818159e-09,True,gauss_laguerre_64,1.0,1.0097064287849549,True,0.4156713033943587,bounded public-safe contract-surrogate resolvent lane; not production ARIN22 kernel validation
DRCET4C_CHERNOFF_REMIZOV_RESOLVENT_LANE,RC4C-DISS-01,C1_dissipative_negative_c,4,8,0.0289769183803025,0.001207453004085372,0.027769465376217127,0.02,INSIDE_CERTIFIED_RESOLVENT_HALF_PLANE,PASS_RECOMPRESSED_NEAR_BOUNDARY,True,True,0.00376889279081995,939.3745702381885,4.012129889639558e-06,939.3745701319007,1.04802809633482e-07,0.0,NOT_APPLICABLE_FOR_GAUSS_LAGUERRE_INFINITE_INTERVAL,0.0,1.4851162774395699e-09,True,gauss_laguerre_64,1.0,1.0097064287849549,True,0.4156713033943587,bounded public-safe contract-surrogate resolvent lane; not production ARIN22 kernel validation
DRCET4C_CHERNOFF_REMIZOV_RESOLVENT_LANE,RC4C-DISS-01,C1_dissipative_negative_c,4,16,0.0289769183803025,0.001207453004085372,0.027769465376217127,0.02,INSIDE_CERTIFIED_RESOLVENT_HALF_PLANE,PASS_RECOMPRESSED_NEAR_BOUNDARY,True,True,0.0009678396689296874,234.84364264269493,4.121208724403139e-06,234.84364253297517,1.0806962120040135e-07,0.0,NOT_APPLICABLE_FOR_GAUSS_LAGUERRE_INFINITE_INTERVAL,0.0,1.6501291971550776e-09,True,gauss_laguerre_64,1.0,1.0097064287849549,True,0.4156713033943587,bounded public-safe contract-surrogate resolvent lane; not production ARIN22 kernel validation
DRCET4C_CHERNOFF_REMIZOV_RESOLVENT_LANE,RC4C-DISS-01,C1_dissipative_negative_c,4,32,0.0289769183803025,0.001207453004085372,0.027769465376217127,0.02,INSIDE_CERTIFIED_RESOLVENT_HALF_PLANE,PASS_RECOMPRESSED_NEAR_BOUNDARY,True,True,0.00024371606813698512,58.710910744121016,4.15112055064466e-06,58.71091063324379,1.0889707118815588e-07,0.0,NOT_APPLICABLE_FOR_GAUSS_LAGUERRE_INFINITE_INTERVAL,0.0,1.980155036586093e-09,True,gauss_laguerre_64,1.0,1.0097064287849549,True,0.4156713033943587,bounded public-safe contract-surrogate resolvent lane; not production ARIN22 kernel validation
DRCET4C_CHERNOFF_REMIZOV_RESOLVENT_LANE,RC4C-DISS-01,C1_dissipative_negative_c,4,64,0.0289769183803025,0.001207453004085372,0.027769465376217127,0.02,INSIDE_CERTIFIED_RESOLVENT_HALF_PLANE,PASS_RECOMPRESSED_NEAR_BOUNDARY,True,True,6.100715087150454e-05,14.677727770055723,4.156443819319653e-06,14.677727658310948,1.0910456887125399e-07,0.0,NOT_APPLICABLE_FOR_GAUSS_LAGUERRE_INFINITE_INTERVAL,0.0,2.640206715448124e-09,True,gauss_laguerre_64,1.0,1.0097064287849549,True,0.4156713033943587,bounded public-safe contract-surrogate resolvent lane; not production ARIN22 kernel validation
DRCET4C_CHERNOFF_REMIZOV_RESOLVENT_LANE,RC4C-DISS-01,C1_dissipative_negative_c,4,4,0.015092185692193935,0.001207453004085372,0.013884732688108564,0.01,INSIDE_CERTIFIED_RESOLVENT_HALF_PLANE,PASS_RECOMPRESSED_NEAR_BOUNDARY,True,True,0.02175394449997503,15029.993526868,1.4473688535585277e-06,15029.99312211041,0.0004047561995240488,0.0,NOT_APPLICABLE_FOR_GAUSS_LAGUERRE_INFINITE_INTERVAL,0.0,1.3888704547746953e-09,True,gauss_laguerre_64,1.0,1.0097064287849549,True,0.4156713033943587,bounded public-safe contract-surrogate resolvent lane; not production ARIN22 kernel validation
DRCET4C_CHERNOFF_REMIZOV_RESOLVENT_LANE,RC4C-DISS-01,C1_dissipative_negative_c,4,8,0.015092185692193935,0.001207453004085372,0.013884732688108564,0.01,INSIDE_CERTIFIED_RESOLVENT_HALF_PLANE,PASS_RECOMPRESSED_NEAR_BOUNDARY,True,True,0.005895251484959985,3757.498690459177,1.568929751041262e-06,3757.4982805276027,0.00040993010361366477,0.0,NOT_APPLICABLE_FOR_GAUSS_LAGUERRE_INFINITE_INTERVAL,0.0,1.4705687168202657e-09,True,gauss_laguerre_64,1.0,1.0097064287849549,True,0.4156713033943587,bounded public-safe contract-surrogate resolvent lane; not production ARIN22 kernel validation
DRCET4C_CHERNOFF_REMIZOV_RESOLVENT_LANE,RC4C-DISS-01,C1_dissipative_negative_c,4,16,0.015092185692193935,0.001207453004085372,0.013884732688108564,0.01,INSIDE_CERTIFIED_RESOLVENT_HALF_PLANE,PASS_RECOMPRESSED_NEAR_BOUNDARY,True,True,0.0014033452909492895,939.3749813581128,1.4939138456938527e-06,939.3745701319007,0.0004112245781243864,0.0,NOT_APPLICABLE_FOR_GAUSS_LAGUERRE_INFINITE_INTERVAL,0.0,1.6339652409114064e-09,True,gauss_laguerre_64,1.0,1.0097064287849549,True,0.4156713033943587,bounded public-safe contract-surrogate resolvent lane; not production ARIN22 kernel validation
DRCET4C_CHERNOFF_REMIZOV_RESOLVENT_LANE,RC4C-DISS-01,C1_dissipative_negative_c,4,32,0.015092185692193935,0.001207453004085372,0.013884732688108564,0.01,INSIDE_CERTIFIED_RESOLVENT_HALF_PLANE,PASS_RECOMPRESSED_NEAR_BOUNDARY,True,True,0.0002618377120461717,234.8440540831964,1.1149429057012126e-06,234.84364253297517,0.0004115482604769007,0.0,NOT_APPLICABLE_FOR_GAUSS_LAGUERRE_INFINITE_INTERVAL,0.0,1.9607582890936874e-09,True,gauss_laguerre_64,1.0,1.0097064287849549,True,0.4156713033943587,bounded public-safe contract-surrogate resolvent lane; not production ARIN22 kernel validation
DRCET4C_CHERNOFF_REMIZOV_RESOLVENT_LANE,RC4C-DISS-01,C1_dissipative_negative_c,4,64,0.015092185692193935,0.001207453004085372,0.013884732688108564,0.01,INSIDE_CERTIFIED_RESOLVENT_HALF_PLANE,PASS_RECOMPRESSED_NEAR_BOUNDARY,True,True,0.00015907403096446617,58.71132226504325,2.709426816285126e-06,58.71091063324379,0.00041162918511330804,0.0,NOT_APPLICABLE_FOR_GAUSS_LAGUERRE_INFINITE_INTERVAL,0.0,2.61434438545825e-09,True,gauss_laguerre_64,1.0,1.0097064287849549,True,0.4156713033943587,bounded public-safe contract-surrogate resolvent lane; not production ARIN22 kernel validation
DRCET4C_CHERNOFF_REMIZOV_RESOLVENT_LANE,RC4C-DISS-01,C1_dissipative_negative_c,4,4,0.008149819348139653,0.001207453004085372,0.006942366344054282,0.005,INSIDE_CERTIFIED_RESOLVENT_HALF_PLANE,PASS_RECOMPRESSED_NEAR_BOUNDARY,True,True,0.02994258764901942,60120.02025308916,4.980468656359255e-07,60119.97248844164,0.047764646135057896,0.0,NOT_APPLICABLE_FOR_GAUSS_LAGUERRE_INFINITE_INTERVAL,0.0,1.3820007733711352e-09,True,gauss_laguerre_64,1.0,1.0097064287849549,True,0.4156713033943587,bounded public-safe contract-surrogate resolvent lane; not production ARIN22 kernel validation
DRCET4C_CHERNOFF_REMIZOV_RESOLVENT_LANE,RC4C-DISS-01,C1_dissipative_negative_c,4,8,0.008149819348139653,0.001207453004085372,0.006942366344054282,0.005,INSIDE_CERTIFIED_RESOLVENT_HALF_PLANE,PASS_RECOMPRESSED_NEAR_BOUNDARY,True,True,0.027396885105226598,15030.040853956343,1.8228084255682474e-06,15029.99312211041,0.04773184446962087,0.0,NOT_APPLICABLE_FOR_GAUSS_LAGUERRE_INFINITE_INTERVAL,0.0,1.4632949365106138e-09,True,gauss_laguerre_64,1.0,1.0097064287849549,True,0.4156713033943587,bounded public-safe contract-surrogate resolvent lane; not production ARIN22 kernel validation
DRCET4C_CHERNOFF_REMIZOV_RESOLVENT_LANE,RC4C-DISS-01,C1_dissipative_negative_c,4,16,0.008149819348139653,0.001207453004085372,0.006942366344054282,0.005,INSIDE_CERTIFIED_RESOLVENT_HALF_PLANE,PASS_RECOMPRESSED_NEAR_BOUNDARY,True,True,0.029342429361108334,3757.546004231649,7.808934162898782e-06,3757.4982805276027,0.04772370242061716,0.0,NOT_APPLICABLE_FOR_GAUSS_LAGUERRE_INFINITE_INTERVAL,0.0,1.6258832627895709e-09,True,gauss_laguerre_64,1.0,1.0097064287849549,True,0.4156713033943587,bounded public-safe contract-surrogate resolvent lane; not production ARIN22 kernel validation
DRCET4C_CHERNOFF_REMIZOV_RESOLVENT_LANE,RC4C-DISS-01,C1_dissipative_negative_c,4,32,0.008149819348139653,0.001207453004085372,0.006942366344054282,0.005,INSIDE_CERTIFIED_RESOLVENT_HALF_PLANE,PASS_RECOMPRESSED_NEAR_BOUNDARY,True,True,0.030023396214525475,939.422291803655,3.1959424932190716e-05,939.3745701319007,0.04772166980322146,0.0,NOT_APPLICABLE_FOR_GAUSS_LAGUERRE_INFINITE_INTERVAL,0.0,1.9510599153474847e-09,True,gauss_laguerre_64,1.0,1.0097064287849549,True,0.4156713033943587,bounded public-safe contract-surrogate resolvent lane; not production ARIN22 kernel validation
DRCET4C_CHERNOFF_REMIZOV_RESOLVENT_LANE,RC4C-DISS-01,C1_dissipative_negative_c,4,64,0.008149819348139653,0.001207453004085372,0.006942366344054282,0.005,INSIDE_CERTIFIED_RESOLVENT_HALF_PLANE,PASS_RECOMPRESSED_NEAR_BOUNDARY,True,True,0.03020626148908602,234.89136369740808,0.0001285967309040717,234.84364253297517,0.04772116183149237,0.0,NOT_APPLICABLE_FOR_GAUSS_LAGUERRE_INFINITE_INTERVAL,0.0,2.6014132204633133e-09,True,gauss_laguerre_64,1.0,1.0097064287849549,True,0.4156713033943587,bounded public-safe contract-surrogate resolvent lane; not production ARIN22 kernel validation
DRCET4C_CHERNOFF_REMIZOV_RESOLVENT_LANE,RC4C-DISS-01,C1_dissipative_negative_c,4,4,0.0025959262728962283,0.001207453004085372,0.0013884732688108563,0.001,INSIDE_CERTIFIED_RESOLVENT_HALF_PLANE,PASS_RECOMPRESSED_NEAR_BOUNDARY,True,True,1.7031933825503762,1503000.531979652,1.1331954622178635e-06,1502999.3122110413,1.2197686092157147,0.0,NOT_APPLICABLE_FOR_GAUSS_LAGUERRE_INFINITE_INTERVAL,0.0,1.3765050282482869e-09,True,gauss_laguerre_64,1.0,1.0097064287849549,True,0.4156713033943587,bounded public-safe contract-surrogate resolvent lane; not production ARIN22 kernel validation
DRCET4C_CHERNOFF_REMIZOV_RESOLVENT_LANE,RC4C-DISS-01,C1_dissipative_negative_c,4,8,0.0025959262728962283,0.001207453004085372,0.0013884732688108563,0.001,INSIDE_CERTIFIED_RESOLVENT_HALF_PLANE,PASS_RECOMPRESSED_NEAR_BOUNDARY,True,True,1.7075949520914904,375751.0477261735,4.544484872164324e-06,375749.82805276033,1.2196734116774592,0.0,NOT_APPLICABLE_FOR_GAUSS_LAGUERRE_INFINITE_INTERVAL,0.0,1.457475912262892e-09,True,gauss_laguerre_64,1.0,1.0097064287849549,True,0.4156713033943587,bounded public-safe contract-surrogate resolvent lane; not production ARIN22 kernel validation
DRCET4C_CHERNOFF_REMIZOV_RESOLVENT_LANE,RC4C-DISS-01,C1_dissipative_negative_c,4,16,0.0025959262728962283,0.001207453004085372,0.0013884732688108563,0.001,INSIDE_CERTIFIED_RESOLVENT_HALF_PLANE,PASS_RECOMPRESSED_NEAR_BOUNDARY,True,True,1.708973795135864,93938.67668889505,1.819244059393792e-05,93937.45701319008,1.2196757033590204,0.0,NOT_APPLICABLE_FOR_GAUSS_LAGUERRE_INFINITE_INTERVAL,0.0,1.6194176802921023e-09,True,gauss_laguerre_64,1.0,1.0097064287849549,True,0.4156713033943587,bounded public-safe contract-surrogate resolvent lane; not production ARIN22 kernel validation
DRCET4C_CHERNOFF_REMIZOV_RESOLVENT_LANE,RC4C-DISS-01,C1_dissipative_negative_c,4,32,0.0025959262728962283,0.001207453004085372,0.0013884732688108563,0.001,INSIDE_CERTIFIED_RESOLVENT_HALF_PLANE,PASS_RECOMPRESSED_NEAR_BOUNDARY,True,True,1.7093488780225694,23485.583930333964,7.278289878135734e-05,23484.36425329752,1.219677034500946,0.0,NOT_APPLICABLE_FOR_GAUSS_LAGUERRE_INFINITE_INTERVAL,0.0,1.9433012163505227e-09,True,gauss_laguerre_64,1.0,1.0097064287849549,True,0.4156713033943587,bounded public-safe contract-surrogate resolvent lane; not production ARIN22 kernel validation
DRCET4C_CHERNOFF_REMIZOV_RESOLVENT_LANE,RC4C-DISS-01,C1_dissipative_negative_c,4,64,0.0025959262728962283,0.001207453004085372,0.0013884732688108563,0.001,INSIDE_CERTIFIED_RESOLVENT_HALF_PLANE,PASS_RECOMPRESSED_NEAR_BOUNDARY,True,True,1.7094450394464453,5872.310740714412,0.00029110261955219325,5871.09106332438,1.2196773874401208,0.0,NOT_APPLICABLE_FOR_GAUSS_LAGUERRE_INFINITE_INTERVAL,0.0,2.5910682884673636e-09,True,gauss_laguerre_64,1.0,1.0097064287849549,True,0.4156713033943587,bounded public-safe contract-surrogate resolvent lane; not production ARIN22 kernel validation
DRCET4C_CHERNOFF_REMIZOV_RESOLVENT_LANE,RC4C-DISS-01,C1_dissipative_negative_c,4,4,0.0013463003309664577,0.001207453004085372,0.00013884732688108567,0.0001,INSIDE_CERTIFIED_RESOLVENT_HALF_PLANE,PASS_RECOMPRESSED_NEAR_BOUNDARY,True,True,3.449850376590754,150299932.5843816,2.2953106613364143e-08,150299931.22110406,1.363277546842083,0.0,NOT_APPLICABLE_FOR_GAUSS_LAGUERRE_INFINITE_INTERVAL,0.0,1.3752684855956459e-09,True,gauss_laguerre_64,1.0,1.0097064287849549,True,0.4156713033943587,bounded public-safe contract-surrogate resolvent lane; not production ARIN22 kernel validation
DRCET4C_CHERNOFF_REMIZOV_RESOLVENT_LANE,RC4C-DISS-01,C1_dissipative_negative_c,4,8,0.0013463003309664577,0.001207453004085372,0.00013884732688108567,0.0001,INSIDE_CERTIFIED_RESOLVENT_HALF_PLANE,PASS_RECOMPRESSED_NEAR_BOUNDARY,True,True,3.450622355119653,37574984.169890694,9.183296896461981e-08,37574982.805276014,1.3646146825870775,0.0,NOT_APPLICABLE_FOR_GAUSS_LAGUERRE_INFINITE_INTERVAL,0.0,1.4561666318071545e-09,True,gauss_laguerre_64,1.0,1.0097064287849549,True,0.4156713033943587,bounded public-safe contract-surrogate resolvent lane; not production ARIN22 kernel validation
DRCET4C_CHERNOFF_REMIZOV_RESOLVENT_LANE,RC4C-DISS-01,C1_dissipative_negative_c,4,16,0.0013463003309664577,0.001207453004085372,0.00013884732688108567,0.0001,INSIDE_CERTIFIED_RESOLVENT_HALF_PLANE,PASS_RECOMPRESSED_NEAR_BOUNDARY,True,True,3.4509260118810965,9393747.066218546,3.673641612398946e-07,9393745.701319003,1.3648995398291843,0.0,NOT_APPLICABLE_FOR_GAUSS_LAGUERRE_INFINITE_INTERVAL,0.0,1.6179629242301717e-09,True,gauss_laguerre_64,1.0,1.0097064287849549,True,0.4156713033943587,bounded public-safe contract-surrogate resolvent lane; not production ARIN22 kernel validation
DRCET4C_CHERNOFF_REMIZOV_RESOLVENT_LANE,RC4C-DISS-01,C1_dissipative_negative_c,4,32,0.0013463003309664577,0.001207453004085372,0.00013884732688108567,0.0001,INSIDE_CERTIFIED_RESOLVENT_HALF_PLANE,PASS_RECOMPRESSED_NEAR_BOUNDARY,True,True,3.451023237862301,2348437.7902971306,1.4694974046664735e-06,2348436.425329751,1.3649673780215672,0.0,NOT_APPLICABLE_FOR_GAUSS_LAGUERRE_INFINITE_INTERVAL,0.0,1.941555509076206e-09,True,gauss_laguerre_64,1.0,1.0097064287849549,True,0.4156713033943587,bounded public-safe contract-surrogate resolvent lane; not production ARIN22 kernel validation
DRCET4C_CHERNOFF_REMIZOV_RESOLVENT_LANE,RC4C-DISS-01,C1_dissipative_negative_c,4,64,0.0013463003309664577,0.001207453004085372,0.00013884732688108567,0.0001,INSIDE_CERTIFIED_RESOLVENT_HALF_PLANE,PASS_RECOMPRESSED_NEAR_BOUNDARY,True,True,3.45104945800679,587110.4713166704,5.878024028880578e-06,587109.1063324377,1.3649842301343031,0.0,NOT_APPLICABLE_FOR_GAUSS_LAGUERRE_INFINITE_INTERVAL,0.0,2.5887406787682747e-09,True,gauss_laguerre_64,1.0,1.0097064287849549,True,0.4156713033943587,bounded public-safe contract-surrogate resolvent lane; not production ARIN22 kernel validation
DRCET4C_CHERNOFF_REMIZOV_RESOLVENT_LANE,RC4C-DISS-01,C1_dissipative_negative_c,4,4,0.0012088414773541829,0.001207453004085372,1.3884732688108133e-06,1e-06,INSIDE_CERTIFIED_RESOLVENT_HALF_PLANE,PASS_RECOMPRESSED_NEAR_BOUNDARY,True,True,3.675761631960232,1502999312212.5686,2.4456176407354007e-12,1502999312211.1343,1.4342622452565135,0.0,NOT_APPLICABLE_FOR_GAUSS_LAGUERRE_INFINITE_INTERVAL,0.0,1.3751324659038554e-09,True,gauss_laguerre_64,1.0,1.0097064287849549,True,0.4156713033943587,bounded public-safe contract-surrogate resolvent lane; not production ARIN22 kernel validation
DRCET4C_CHERNOFF_REMIZOV_RESOLVENT_LANE,RC4C-DISS-01,C1_dissipative_negative_c,4,8,0.0012088414773541829,0.001207453004085372,1.3884732688108133e-06,1e-06,INSIDE_CERTIFIED_RESOLVENT_HALF_PLANE,PASS_RECOMPRESSED_NEAR_BOUNDARY,True,True,3.6766568523479535,375749828054.2191,9.78485305339229e-12,375749828052.78357,1.4355207151143015,0.0,NOT_APPLICABLE_FOR_GAUSS_LAGUERRE_INFINITE_INTERVAL,0.0,1.4560226109570235e-09,True,gauss_laguerre_64,1.0,1.0097064287849549,True,0.4156713033943587,bounded public-safe contract-surrogate resolvent lane; not production ARIN22 kernel validation
DRCET4C_CHERNOFF_REMIZOV_RESOLVENT_LANE,RC4C-DISS-01,C1_dissipative_negative_c,4,16,0.0012088414773541829,0.001207453004085372,1.3884732688108133e-06,1e-06,INSIDE_CERTIFIED_RESOLVENT_HALF_PLANE,PASS_RECOMPRESSED_NEAR_BOUNDARY,True,True,3.6769682460052695,93937457014.63171,3.9142727117176955e-11,93937457013.19589,1.4358191034014538,0.0,NOT_APPLICABLE_FOR_GAUSS_LAGUERRE_INFINITE_INTERVAL,0.0,1.6178029010633593e-09,True,gauss_laguerre_64,1.0,1.0097064287849549,True,0.4156713033943587,bounded public-safe contract-surrogate resolvent lane; not production ARIN22 kernel validation
DRCET4C_CHERNOFF_REMIZOV_RESOLVENT_LANE,RC4C-DISS-01,C1_dissipative_negative_c,4,32,0.0012088414773541829,0.001207453004085372,1.3884732688108133e-06,1e-06,INSIDE_CERTIFIED_RESOLVENT_HALF_PLANE,PASS_RECOMPRESSED_NEAR_BOUNDARY,True,True,3.6770640671475316,23484364254.734863,1.5657498867171465e-10,23484364253.298973,1.4358901738343846,0.0,NOT_APPLICABLE_FOR_GAUSS_LAGUERRE_INFINITE_INTERVAL,0.0,1.9413634812760314e-09,True,gauss_laguerre_64,1.0,1.0097064287849549,True,0.4156713033943587,bounded public-safe contract-surrogate resolvent lane; not production ARIN22 kernel validation
DRCET4C_CHERNOFF_REMIZOV_RESOLVENT_LANE,RC4C-DISS-01,C1_dissipative_negative_c,4,64,0.0012088414773541829,0.001207453004085372,1.3884732688108133e-06,1e-06,INSIDE_CERTIFIED_RESOLVENT_HALF_PLANE,PASS_RECOMPRESSED_NEAR_BOUNDARY,True,True,3.677089729045888,5871091064.760651,6.263043254628505e-10,5871091063.324743,1.435907781809255,0.0,NOT_APPLICABLE_FOR_GAUSS_LAGUERRE_INFINITE_INTERVAL,0.0,2.588484641701375e-09,True,gauss_laguerre_64,1.0,1.0097064287849549,True,0.4156713033943587,bounded public-safe contract-surrogate resolvent lane; not production ARIN22 kernel validation
DRCET4C_CHERNOFF_REMIZOV_RESOLVENT_LANE,RC4C-DISS-01,C1_dissipative_negative_c,4,4,0.001207454392558641,0.001207453004085372,1.388473268868276e-09,1e-09,INSIDE_CERTIFIED_RESOLVENT_HALF_PLANE,PASS_RECOMPRESSED_NEAR_BOUNDARY,True,True,3.678123665298739,1.5029993120867295e+18,2.447189187460184e-18,1.5029993120867295e+18,1.4356295155448797,0.0,NOT_APPLICABLE_FOR_GAUSS_LAGUERRE_INFINITE_INTERVAL,0.0,1.3751310933415111e-09,True,gauss_laguerre_64,1.0,1.0097064287849549,True,0.4156713033943587,bounded public-safe contract-surrogate resolvent lane; not production ARIN22 kernel validation
DRCET4C_CHERNOFF_REMIZOV_RESOLVENT_LANE,RC4C-DISS-01,C1_dissipative_negative_c,4,8,0.001207454392558641,0.001207453004085372,1.388473268868276e-09,1e-09,INSIDE_CERTIFIED_RESOLVENT_HALF_PLANE,PASS_RECOMPRESSED_NEAR_BOUNDARY,True,True,3.6790217753956918,3.7574982802168237e+17,9.79114693083345e-18,3.7574982802168237e+17,1.4368899021966588,0.0,NOT_APPLICABLE_FOR_GAUSS_LAGUERRE_INFINITE_INTERVAL,0.0,1.4560211576557177e-09,True,gauss_laguerre_64,1.0,1.0097064287849549,True,0.4156713033943587,bounded public-safe contract-surrogate resolvent lane; not production ARIN22 kernel validation
DRCET4C_CHERNOFF_REMIZOV_RESOLVENT_LANE,RC4C-DISS-01,C1_dissipative_negative_c,4,16,0.001207454392558641,0.001207453004085372,1.388473268868276e-09,1e-09,INSIDE_CERTIFIED_RESOLVENT_HALF_PLANE,PASS_RECOMPRESSED_NEAR_BOUNDARY,True,True,3.679333731615665,9.393745700542059e+16,3.916790861608434e-17,9.393745700542059e+16,1.4371891819199727,0.0,NOT_APPLICABLE_FOR_GAUSS_LAGUERRE_INFINITE_INTERVAL,0.0,1.6178012862841307e-09,True,gauss_laguerre_64,1.0,1.0097064287849549,True,0.4156713033943587,bounded public-safe contract-surrogate resolvent lane; not production ARIN22 kernel validation
DRCET4C_CHERNOFF_REMIZOV_RESOLVENT_LANE,RC4C-DISS-01,C1_dissipative_negative_c,4,32,0.001207454392558641,0.001207453004085372,1.388473268868276e-09,1e-09,INSIDE_CERTIFIED_RESOLVENT_HALF_PLANE,PASS_RECOMPRESSED_NEAR_BOUNDARY,True,True,3.679429658607536,2.3484364251355148e+16,1.5667571918176228e-16,2.3484364251355148e+16,1.4372604814307663,0.0,NOT_APPLICABLE_FOR_GAUSS_LAGUERRE_INFINITE_INTERVAL,0.0,1.941361543540957e-09,True,gauss_laguerre_64,1.0,1.0097064287849549,True,0.4156713033943587,bounded public-safe contract-surrogate resolvent lane; not production ARIN22 kernel validation
DRCET4C_CHERNOFF_REMIZOV_RESOLVENT_LANE,RC4C-DISS-01,C1_dissipative_negative_c,4,64,0.001207454392558641,0.001207453004085372,1.388473268868276e-09,1e-09,INSIDE_CERTIFIED_RESOLVENT_HALF_PLANE,PASS_RECOMPRESSED_NEAR_BOUNDARY,True,True,3.67945534461313,5871091062838788.0,6.267072517240161e-16,5871091062838787.0,1.437278146460481,0.0,NOT_APPLICABLE_FOR_GAUSS_LAGUERRE_INFINITE_INTERVAL,0.0,2.588482058054609e-09,True,gauss_laguerre_64,1.0,1.0097064287849549,True,0.4156713033943587,bounded public-safe contract-surrogate resolvent lane; not production ARIN22 kernel validation
DRCET4C_CHERNOFF_REMIZOV_RESOLVENT_LANE,RC4C-DISS-01,C1_dissipative_negative_c,4,4,0.001207453004085372,0.001207453004085372,0.0,0.0,OUTSIDE_CERTIFIED_RESOLVENT_HALF_PLANE,SAFE_FAIL_CLOSED_OUTSIDE_CERTIFIED_RESOLVENT_HALF_PLANE,False,True,,,,,,,NOT_APPLICABLE_OUTSIDE_CERTIFIED_RESOLVENT_HALF_PLANE,,,False,gauss_laguerre_64,,,NOT_APPLICABLE_OUTSIDE_CERTIFIED_RESOLVENT_HALF_PLANE,0.4156713033943587,fail_closed_outside_theorem_supported_half_plane_not_resolvent_nonexistence_claim
DRCET4C_CHERNOFF_REMIZOV_RESOLVENT_LANE,RC4C-DISS-01,C1_dissipative_negative_c,4,8,0.001207453004085372,0.001207453004085372,0.0,0.0,OUTSIDE_CERTIFIED_RESOLVENT_HALF_PLANE,SAFE_FAIL_CLOSED_OUTSIDE_CERTIFIED_RESOLVENT_HALF_PLANE,False,True,,,,,,,NOT_APPLICABLE_OUTSIDE_CERTIFIED_RESOLVENT_HALF_PLANE,,,False,gauss_laguerre_64,,,NOT_APPLICABLE_OUTSIDE_CERTIFIED_RESOLVENT_HALF_PLANE,0.4156713033943587,fail_closed_outside_theorem_supported_half_plane_not_resolvent_nonexistence_claim
DRCET4C_CHERNOFF_REMIZOV_RESOLVENT_LANE,RC4C-DISS-01,C1_dissipative_negative_c,4,16,0.001207453004085372,0.001207453004085372,0.0,0.0,OUTSIDE_CERTIFIED_RESOLVENT_HALF_PLANE,SAFE_FAIL_CLOSED_OUTSIDE_CERTIFIED_RESOLVENT_HALF_PLANE,False,True,,,,,,,NOT_APPLICABLE_OUTSIDE_CERTIFIED_RESOLVENT_HALF_PLANE,,,False,gauss_laguerre_64,,,NOT_APPLICABLE_OUTSIDE_CERTIFIED_RESOLVENT_HALF_PLANE,0.4156713033943587,fail_closed_outside_theorem_supported_half_plane_not_resolvent_nonexistence_claim
DRCET4C_CHERNOFF_REMIZOV_RESOLVENT_LANE,RC4C-DISS-01,C1_dissipative_negative_c,4,32,0.001207453004085372,0.001207453004085372,0.0,0.0,OUTSIDE_CERTIFIED_RESOLVENT_HALF_PLANE,SAFE_FAIL_CLOSED_OUTSIDE_CERTIFIED_RESOLVENT_HALF_PLANE,False,True,,,,,,,NOT_APPLICABLE_OUTSIDE_CERTIFIED_RESOLVENT_HALF_PLANE,,,False,gauss_laguerre_64,,,NOT_APPLICABLE_OUTSIDE_CERTIFIED_RESOLVENT_HALF_PLANE,0.4156713033943587,fail_closed_outside_theorem_supported_half_plane_not_resolvent_nonexistence_claim
DRCET4C_CHERNOFF_REMIZOV_RESOLVENT_LANE,RC4C-DISS-01,C1_dissipative_negative_c,4,64,0.001207453004085372,0.001207453004085372,0.0,0.0,OUTSIDE_CERTIFIED_RESOLVENT_HALF_PLANE,SAFE_FAIL_CLOSED_OUTSIDE_CERTIFIED_RESOLVENT_HALF_PLANE,False,True,,,,,,,NOT_APPLICABLE_OUTSIDE_CERTIFIED_RESOLVENT_HALF_PLANE,,,False,gauss_laguerre_64,,,NOT_APPLICABLE_OUTSIDE_CERTIFIED_RESOLVENT_HALF_PLANE,0.4156713033943587,fail_closed_outside_theorem_supported_half_plane_not_resolvent_nonexistence_claim
DRCET4C_CHERNOFF_REMIZOV_RESOLVENT_LANE,RC4C-DISS-01,C1_dissipative_negative_c,4,4,0.0012074516156121032,0.001207453004085372,-1.388473268868276e-09,-1e-09,OUTSIDE_CERTIFIED_RESOLVENT_HALF_PLANE,SAFE_FAIL_CLOSED_OUTSIDE_CERTIFIED_RESOLVENT_HALF_PLANE,False,True,,,,,,,NOT_APPLICABLE_OUTSIDE_CERTIFIED_RESOLVENT_HALF_PLANE,,,False,gauss_laguerre_64,,,NOT_APPLICABLE_OUTSIDE_CERTIFIED_RESOLVENT_HALF_PLANE,0.4156713033943587,fail_closed_outside_theorem_supported_half_plane_not_resolvent_nonexistence_claim
DRCET4C_CHERNOFF_REMIZOV_RESOLVENT_LANE,RC4C-DISS-01,C1_dissipative_negative_c,4,8,0.0012074516156121032,0.001207453004085372,-1.388473268868276e-09,-1e-09,OUTSIDE_CERTIFIED_RESOLVENT_HALF_PLANE,SAFE_FAIL_CLOSED_OUTSIDE_CERTIFIED_RESOLVENT_HALF_PLANE,False,True,,,,,,,NOT_APPLICABLE_OUTSIDE_CERTIFIED_RESOLVENT_HALF_PLANE,,,False,gauss_laguerre_64,,,NOT_APPLICABLE_OUTSIDE_CERTIFIED_RESOLVENT_HALF_PLANE,0.4156713033943587,fail_closed_outside_theorem_supported_half_plane_not_resolvent_nonexistence_claim
DRCET4C_CHERNOFF_REMIZOV_RESOLVENT_LANE,RC4C-DISS-01,C1_dissipative_negative_c,4,16,0.0012074516156121032,0.001207453004085372,-1.388473268868276e-09,-1e-09,OUTSIDE_CERTIFIED_RESOLVENT_HALF_PLANE,SAFE_FAIL_CLOSED_OUTSIDE_CERTIFIED_RESOLVENT_HALF_PLANE,False,True,,,,,,,NOT_APPLICABLE_OUTSIDE_CERTIFIED_RESOLVENT_HALF_PLANE,,,False,gauss_laguerre_64,,,NOT_APPLICABLE_OUTSIDE_CERTIFIED_RESOLVENT_HALF_PLANE,0.4156713033943587,fail_closed_outside_theorem_supported_half_plane_not_resolvent_nonexistence_claim
DRCET4C_CHERNOFF_REMIZOV_RESOLVENT_LANE,RC4C-DISS-01,C1_dissipative_negative_c,4,32,0.0012074516156121032,0.001207453004085372,-1.388473268868276e-09,-1e-09,OUTSIDE_CERTIFIED_RESOLVENT_HALF_PLANE,SAFE_FAIL_CLOSED_OUTSIDE_CERTIFIED_RESOLVENT_HALF_PLANE,False,True,,,,,,,NOT_APPLICABLE_OUTSIDE_CERTIFIED_RESOLVENT_HALF_PLANE,,,False,gauss_laguerre_64,,,NOT_APPLICABLE_OUTSIDE_CERTIFIED_RESOLVENT_HALF_PLANE,0.4156713033943587,fail_closed_outside_theorem_supported_half_plane_not_resolvent_nonexistence_claim
DRCET4C_CHERNOFF_REMIZOV_RESOLVENT_LANE,RC4C-DISS-01,C1_dissipative_negative_c,4,64,0.0012074516156121032,0.001207453004085372,-1.388473268868276e-09,-1e-09,OUTSIDE_CERTIFIED_RESOLVENT_HALF_PLANE,SAFE_FAIL_CLOSED_OUTSIDE_CERTIFIED_RESOLVENT_HALF_PLANE,False,True,,,,,,,NOT_APPLICABLE_OUTSIDE_CERTIFIED_RESOLVENT_HALF_PLANE,,,False,gauss_laguerre_64,,,NOT_APPLICABLE_OUTSIDE_CERTIFIED_RESOLVENT_HALF_PLANE,0.4156713033943587,fail_closed_outside_theorem_supported_half_plane_not_resolvent_nonexistence_claim
DRCET4C_CHERNOFF_REMIZOV_RESOLVENT_LANE,RC4C-DISS-01,C1_dissipative_negative_c,4,4,0.0012060645308165612,0.001207453004085372,-1.3884732688108133e-06,-1e-06,OUTSIDE_CERTIFIED_RESOLVENT_HALF_PLANE,SAFE_FAIL_CLOSED_OUTSIDE_CERTIFIED_RESOLVENT_HALF_PLANE,False,True,,,,,,,NOT_APPLICABLE_OUTSIDE_CERTIFIED_RESOLVENT_HALF_PLANE,,,False,gauss_laguerre_64,,,NOT_APPLICABLE_OUTSIDE_CERTIFIED_RESOLVENT_HALF_PLANE,0.4156713033943587,fail_closed_outside_theorem_supported_half_plane_not_resolvent_nonexistence_claim
DRCET4C_CHERNOFF_REMIZOV_RESOLVENT_LANE,RC4C-DISS-01,C1_dissipative_negative_c,4,8,0.0012060645308165612,0.001207453004085372,-1.3884732688108133e-06,-1e-06,OUTSIDE_CERTIFIED_RESOLVENT_HALF_PLANE,SAFE_FAIL_CLOSED_OUTSIDE_CERTIFIED_RESOLVENT_HALF_PLANE,False,True,,,,,,,NOT_APPLICABLE_OUTSIDE_CERTIFIED_RESOLVENT_HALF_PLANE,,,False,gauss_laguerre_64,,,NOT_APPLICABLE_OUTSIDE_CERTIFIED_RESOLVENT_HALF_PLANE,0.4156713033943587,fail_closed_outside_theorem_supported_half_plane_not_resolvent_nonexistence_claim
DRCET4C_CHERNOFF_REMIZOV_RESOLVENT_LANE,RC4C-DISS-01,C1_dissipative_negative_c,4,16,0.0012060645308165612,0.001207453004085372,-1.3884732688108133e-06,-1e-06,OUTSIDE_CERTIFIED_RESOLVENT_HALF_PLANE,SAFE_FAIL_CLOSED_OUTSIDE_CERTIFIED_RESOLVENT_HALF_PLANE,False,True,,,,,,,NOT_APPLICABLE_OUTSIDE_CERTIFIED_RESOLVENT_HALF_PLANE,,,False,gauss_laguerre_64,,,NOT_APPLICABLE_OUTSIDE_CERTIFIED_RESOLVENT_HALF_PLANE,0.4156713033943587,fail_closed_outside_theorem_supported_half_plane_not_resolvent_nonexistence_claim
DRCET4C_CHERNOFF_REMIZOV_RESOLVENT_LANE,RC4C-DISS-01,C1_dissipative_negative_c,4,32,0.0012060645308165612,0.001207453004085372,-1.3884732688108133e-06,-1e-06,OUTSIDE_CERTIFIED_RESOLVENT_HALF_PLANE,SAFE_FAIL_CLOSED_OUTSIDE_CERTIFIED_RESOLVENT_HALF_PLANE,False,True,,,,,,,NOT_APPLICABLE_OUTSIDE_CERTIFIED_RESOLVENT_HALF_PLANE,,,False,gauss_laguerre_64,,,NOT_APPLICABLE_OUTSIDE_CERTIFIED_RESOLVENT_HALF_PLANE,0.4156713033943587,fail_closed_outside_theorem_supported_half_plane_not_resolvent_nonexistence_claim
DRCET4C_CHERNOFF_REMIZOV_RESOLVENT_LANE,RC4C-DISS-01,C1_dissipative_negative_c,4,64,0.0012060645308165612,0.001207453004085372,-1.3884732688108133e-06,-1e-06,OUTSIDE_CERTIFIED_RESOLVENT_HALF_PLANE,SAFE_FAIL_CLOSED_OUTSIDE_CERTIFIED_RESOLVENT_HALF_PLANE,False,True,,,,,,,NOT_APPLICABLE_OUTSIDE_CERTIFIED_RESOLVENT_HALF_PLANE,,,False,gauss_laguerre_64,,,NOT_APPLICABLE_OUTSIDE_CERTIFIED_RESOLVENT_HALF_PLANE,0.4156713033943587,fail_closed_outside_theorem_supported_half_plane_not_resolvent_nonexistence_claim
DRCET4C_CHERNOFF_REMIZOV_RESOLVENT_LANE,RC4C-DISS-01,C1_dissipative_negative_c,4,4,0.0010686056772042864,0.001207453004085372,-0.00013884732688108567,-0.0001,OUTSIDE_CERTIFIED_RESOLVENT_HALF_PLANE,SAFE_FAIL_CLOSED_OUTSIDE_CERTIFIED_RESOLVENT_HALF_PLANE,False,True,,,,,,,NOT_APPLICABLE_OUTSIDE_CERTIFIED_RESOLVENT_HALF_PLANE,,,False,gauss_laguerre_64,,,NOT_APPLICABLE_OUTSIDE_CERTIFIED_RESOLVENT_HALF_PLANE,0.4156713033943587,fail_closed_outside_theorem_supported_half_plane_not_resolvent_nonexistence_claim
DRCET4C_CHERNOFF_REMIZOV_RESOLVENT_LANE,RC4C-DISS-01,C1_dissipative_negative_c,4,8,0.0010686056772042864,0.001207453004085372,-0.00013884732688108567,-0.0001,OUTSIDE_CERTIFIED_RESOLVENT_HALF_PLANE,SAFE_FAIL_CLOSED_OUTSIDE_CERTIFIED_RESOLVENT_HALF_PLANE,False,True,,,,,,,NOT_APPLICABLE_OUTSIDE_CERTIFIED_RESOLVENT_HALF_PLANE,,,False,gauss_laguerre_64,,,NOT_APPLICABLE_OUTSIDE_CERTIFIED_RESOLVENT_HALF_PLANE,0.4156713033943587,fail_closed_outside_theorem_supported_half_plane_not_resolvent_nonexistence_claim
DRCET4C_CHERNOFF_REMIZOV_RESOLVENT_LANE,RC4C-DISS-01,C1_dissipative_negative_c,4,16,0.0010686056772042864,0.001207453004085372,-0.00013884732688108567,-0.0001,OUTSIDE_CERTIFIED_RESOLVENT_HALF_PLANE,SAFE_FAIL_CLOSED_OUTSIDE_CERTIFIED_RESOLVENT_HALF_PLANE,False,True,,,,,,,NOT_APPLICABLE_OUTSIDE_CERTIFIED_RESOLVENT_HALF_PLANE,,,False,gauss_laguerre_64,,,NOT_APPLICABLE_OUTSIDE_CERTIFIED_RESOLVENT_HALF_PLANE,0.4156713033943587,fail_closed_outside_theorem_supported_half_plane_not_resolvent_nonexistence_claim
DRCET4C_CHERNOFF_REMIZOV_RESOLVENT_LANE,RC4C-DISS-01,C1_dissipative_negative_c,4,32,0.0010686056772042864,0.001207453004085372,-0.00013884732688108567,-0.0001,OUTSIDE_CERTIFIED_RESOLVENT_HALF_PLANE,SAFE_FAIL_CLOSED_OUTSIDE_CERTIFIED_RESOLVENT_HALF_PLANE,False,True,,,,,,,NOT_APPLICABLE_OUTSIDE_CERTIFIED_RESOLVENT_HALF_PLANE,,,False,gauss_laguerre_64,,,NOT_APPLICABLE_OUTSIDE_CERTIFIED_RESOLVENT_HALF_PLANE,0.4156713033943587,fail_closed_outside_theorem_supported_half_plane_not_resolvent_nonexistence_claim
DRCET4C_CHERNOFF_REMIZOV_RESOLVENT_LANE,RC4C-DISS-01,C1_dissipative_negative_c,4,64,0.0010686056772042864,0.001207453004085372,-0.00013884732688108567,-0.0001,OUTSIDE_CERTIFIED_RESOLVENT_HALF_PLANE,SAFE_FAIL_CLOSED_OUTSIDE_CERTIFIED_RESOLVENT_HALF_PLANE,False,True,,,,,,,NOT_APPLICABLE_OUTSIDE_CERTIFIED_RESOLVENT_HALF_PLANE,,,False,gauss_laguerre_64,,,NOT_APPLICABLE_OUTSIDE_CERTIFIED_RESOLVENT_HALF_PLANE,0.4156713033943587,fail_closed_outside_theorem_supported_half_plane_not_resolvent_nonexistence_claim
DRCET4C_CHERNOFF_REMIZOV_RESOLVENT_LANE,RC4C-DISS-01,C1_dissipative_negative_c,4,4,-0.0001810202647254842,0.001207453004085372,-0.0013884732688108563,-0.001,OUTSIDE_CERTIFIED_RESOLVENT_HALF_PLANE,SAFE_FAIL_CLOSED_OUTSIDE_CERTIFIED_RESOLVENT_HALF_PLANE,False,True,,,,,,,NOT_APPLICABLE_OUTSIDE_CERTIFIED_RESOLVENT_HALF_PLANE,,,False,gauss_laguerre_64,,,NOT_APPLICABLE_OUTSIDE_CERTIFIED_RESOLVENT_HALF_PLANE,0.4156713033943587,fail_closed_outside_theorem_supported_half_plane_not_resolvent_nonexistence_claim
DRCET4C_CHERNOFF_REMIZOV_RESOLVENT_LANE,RC4C-DISS-01,C1_dissipative_negative_c,4,8,-0.0001810202647254842,0.001207453004085372,-0.0013884732688108563,-0.001,OUTSIDE_CERTIFIED_RESOLVENT_HALF_PLANE,SAFE_FAIL_CLOSED_OUTSIDE_CERTIFIED_RESOLVENT_HALF_PLANE,False,True,,,,,,,NOT_APPLICABLE_OUTSIDE_CERTIFIED_RESOLVENT_HALF_PLANE,,,False,gauss_laguerre_64,,,NOT_APPLICABLE_OUTSIDE_CERTIFIED_RESOLVENT_HALF_PLANE,0.4156713033943587,fail_closed_outside_theorem_supported_half_plane_not_resolvent_nonexistence_claim
DRCET4C_CHERNOFF_REMIZOV_RESOLVENT_LANE,RC4C-DISS-01,C1_dissipative_negative_c,4,16,-0.0001810202647254842,0.001207453004085372,-0.0013884732688108563,-0.001,OUTSIDE_CERTIFIED_RESOLVENT_HALF_PLANE,SAFE_FAIL_CLOSED_OUTSIDE_CERTIFIED_RESOLVENT_HALF_PLANE,False,True,,,,,,,NOT_APPLICABLE_OUTSIDE_CERTIFIED_RESOLVENT_HALF_PLANE,,,False,gauss_laguerre_64,,,NOT_APPLICABLE_OUTSIDE_CERTIFIED_RESOLVENT_HALF_PLANE,0.4156713033943587,fail_closed_outside_theorem_supported_half_plane_not_resolvent_nonexistence_claim
DRCET4C_CHERNOFF_REMIZOV_RESOLVENT_LANE,RC4C-DISS-01,C1_dissipative_negative_c,4,32,-0.0001810202647254842,0.001207453004085372,-0.0013884732688108563,-0.001,OUTSIDE_CERTIFIED_RESOLVENT_HALF_PLANE,SAFE_FAIL_CLOSED_OUTSIDE_CERTIFIED_RESOLVENT_HALF_PLANE,False,True,,,,,,,NOT_APPLICABLE_OUTSIDE_CERTIFIED_RESOLVENT_HALF_PLANE,,,False,gauss_laguerre_64,,,NOT_APPLICABLE_OUTSIDE_CERTIFIED_RESOLVENT_HALF_PLANE,0.4156713033943587,fail_closed_outside_theorem_supported_half_plane_not_resolvent_nonexistence_claim
DRCET4C_CHERNOFF_REMIZOV_RESOLVENT_LANE,RC4C-DISS-01,C1_dissipative_negative_c,4,64,-0.0001810202647254842,0.001207453004085372,-0.0013884732688108563,-0.001,OUTSIDE_CERTIFIED_RESOLVENT_HALF_PLANE,SAFE_FAIL_CLOSED_OUTSIDE_CERTIFIED_RESOLVENT_HALF_PLANE,False,True,,,,,,,NOT_APPLICABLE_OUTSIDE_CERTIFIED_RESOLVENT_HALF_PLANE,,,False,gauss_laguerre_64,,,NOT_APPLICABLE_OUTSIDE_CERTIFIED_RESOLVENT_HALF_PLANE,0.4156713033943587,fail_closed_outside_theorem_supported_half_plane_not_resolvent_nonexistence_claim
DRCET4C_CHERNOFF_REMIZOV_RESOLVENT_LANE,RC4C-DISS-01,C1_dissipative_negative_c,4,4,-0.00573491333996891,0.001207453004085372,-0.006942366344054282,-0.005,OUTSIDE_CERTIFIED_RESOLVENT_HALF_PLANE,SAFE_FAIL_CLOSED_OUTSIDE_CERTIFIED_RESOLVENT_HALF_PLANE,False,True,,,,,,,NOT_APPLICABLE_OUTSIDE_CERTIFIED_RESOLVENT_HALF_PLANE,,,False,gauss_laguerre_64,,,NOT_APPLICABLE_OUTSIDE_CERTIFIED_RESOLVENT_HALF_PLANE,0.4156713033943587,fail_closed_outside_theorem_supported_half_plane_not_resolvent_nonexistence_claim
DRCET4C_CHERNOFF_REMIZOV_RESOLVENT_LANE,RC4C-DISS-01,C1_dissipative_negative_c,4,8,-0.00573491333996891,0.001207453004085372,-0.006942366344054282,-0.005,OUTSIDE_CERTIFIED_RESOLVENT_HALF_PLANE,SAFE_FAIL_CLOSED_OUTSIDE_CERTIFIED_RESOLVENT_HALF_PLANE,False,True,,,,,,,NOT_APPLICABLE_OUTSIDE_CERTIFIED_RESOLVENT_HALF_PLANE,,,False,gauss_laguerre_64,,,NOT_APPLICABLE_OUTSIDE_CERTIFIED_RESOLVENT_HALF_PLANE,0.4156713033943587,fail_closed_outside_theorem_supported_half_plane_not_resolvent_nonexistence_claim
DRCET4C_CHERNOFF_REMIZOV_RESOLVENT_LANE,RC4C-DISS-01,C1_dissipative_negative_c,4,16,-0.00573491333996891,0.001207453004085372,-0.006942366344054282,-0.005,OUTSIDE_CERTIFIED_RESOLVENT_HALF_PLANE,SAFE_FAIL_CLOSED_OUTSIDE_CERTIFIED_RESOLVENT_HALF_PLANE,False,True,,,,,,,NOT_APPLICABLE_OUTSIDE_CERTIFIED_RESOLVENT_HALF_PLANE,,,False,gauss_laguerre_64,,,NOT_APPLICABLE_OUTSIDE_CERTIFIED_RESOLVENT_HALF_PLANE,0.4156713033943587,fail_closed_outside_theorem_supported_half_plane_not_resolvent_nonexistence_claim
DRCET4C_CHERNOFF_REMIZOV_RESOLVENT_LANE,RC4C-DISS-01,C1_dissipative_negative_c,4,32,-0.00573491333996891,0.001207453004085372,-0.006942366344054282,-0.005,OUTSIDE_CERTIFIED_RESOLVENT_HALF_PLANE,SAFE_FAIL_CLOSED_OUTSIDE_CERTIFIED_RESOLVENT_HALF_PLANE,False,True,,,,,,,NOT_APPLICABLE_OUTSIDE_CERTIFIED_RESOLVENT_HALF_PLANE,,,False,gauss_laguerre_64,,,NOT_APPLICABLE_OUTSIDE_CERTIFIED_RESOLVENT_HALF_PLANE,0.4156713033943587,fail_closed_outside_theorem_supported_half_plane_not_resolvent_nonexistence_claim
DRCET4C_CHERNOFF_REMIZOV_RESOLVENT_LANE,RC4C-DISS-01,C1_dissipative_negative_c,4,64,-0.00573491333996891,0.001207453004085372,-0.006942366344054282,-0.005,OUTSIDE_CERTIFIED_RESOLVENT_HALF_PLANE,SAFE_FAIL_CLOSED_OUTSIDE_CERTIFIED_RESOLVENT_HALF_PLANE,False,True,,,,,,,NOT_APPLICABLE_OUTSIDE_CERTIFIED_RESOLVENT_HALF_PLANE,,,False,gauss_laguerre_64,,,NOT_APPLICABLE_OUTSIDE_CERTIFIED_RESOLVENT_HALF_PLANE,0.4156713033943587,fail_closed_outside_theorem_supported_half_plane_not_resolvent_nonexistence_claim
DRCET4C_CHERNOFF_REMIZOV_RESOLVENT_LANE,RC4C-MIXED-01,C2_mixed_sign_c,5,4,0.6733730381801936,0.027068914766801584,0.6463041234133919,0.5,INSIDE_CERTIFIED_RESOLVENT_HALF_PLANE,PASS_RESOLVENT_CONVERGENCE,True,True,2.33799769705308e-05,6.98965812420234,3.3449385585219767e-06,6.9896581211613,1.356629921110266e-12,0.0,NOT_APPLICABLE_FOR_GAUSS_LAGUERRE_INFINITE_INTERVAL,0.0,3.0396842562475844e-09,True,gauss_laguerre_64,1.0,1.0427720786634003,True,0.3695684220309199,bounded public-safe contract-surrogate resolvent lane; not production ARIN22 kernel validation
DRCET4C_CHERNOFF_REMIZOV_RESOLVENT_LANE,RC4C-MIXED-01,C2_mixed_sign_c,5,8,0.6733730381801936,0.027068914766801584,0.6463041234133919,0.5,INSIDE_CERTIFIED_RESOLVENT_HALF_PLANE,PASS_RESOLVENT_CONVERGENCE,True,True,5.854146613540053e-06,1.7474145335101756,3.3501762182212976e-06,1.747414530290325,1.361256217034256e-12,0.0,NOT_APPLICABLE_FOR_GAUSS_LAGUERRE_INFINITE_INTERVAL,0.0,3.2184892124974424e-09,True,gauss_laguerre_64,1.0,1.0427720786634003,True,0.3695684220309199,bounded public-safe contract-surrogate resolvent lane; not production ARIN22 kernel validation
DRCET4C_CHERNOFF_REMIZOV_RESOLVENT_LANE,RC4C-MIXED-01,C2_mixed_sign_c,5,16,0.6733730381801936,0.027068914766801584,0.6463041234133919,0.5,INSIDE_CERTIFIED_RESOLVENT_HALF_PLANE,PASS_RESOLVENT_CONVERGENCE,True,True,1.4641112887407125e-06,0.4368536361500368,3.351491592570527e-06,0.43685363257258125,1.3564013046000555e-12,0.0,NOT_APPLICABLE_FOR_GAUSS_LAGUERRE_INFINITE_INTERVAL,0.0,3.576099124997158e-09,True,gauss_laguerre_64,1.0,1.0427720786634003,True,0.3695684220309199,bounded public-safe contract-surrogate resolvent lane; not production ARIN22 kernel validation
DRCET4C_CHERNOFF_REMIZOV_RESOLVENT_LANE,RC4C-MIXED-01,C2_mixed_sign_c,5,32,0.6733730381801936,0.027068914766801584,0.6463041234133919,0.5,INSIDE_CERTIFIED_RESOLVENT_HALF_PLANE,PASS_RESOLVENT_CONVERGENCE,True,True,3.6606379356481515e-07,0.10921341243582647,3.3518208560685102e-06,0.10921340814314531,1.3621994018534073e-12,0.0,NOT_APPLICABLE_FOR_GAUSS_LAGUERRE_INFINITE_INTERVAL,0.0,4.29131894999659e-09,True,gauss_laguerre_64,1.0,1.0427720786634003,True,0.3695684220309199,bounded public-safe contract-surrogate resolvent lane; not production ARIN22 kernel validation
DRCET4C_CHERNOFF_REMIZOV_RESOLVENT_LANE,RC4C-MIXED-01,C2_mixed_sign_c,5,64,0.6733730381801936,0.027068914766801584,0.6463041234133919,0.5,INSIDE_CERTIFIED_RESOLVENT_HALF_PLANE,PASS_RESOLVENT_CONVERGENCE,True,True,9.151821630420074e-08,0.02730335775894189,3.351903348745756e-06,0.027303352035786328,1.396958763655395e-12,0.0,NOT_APPLICABLE_FOR_GAUSS_LAGUERRE_INFINITE_INTERVAL,0.0,5.721758599995453e-09,True,gauss_laguerre_64,1.0,1.0427720786634003,True,0.3695684220309199,bounded public-safe contract-surrogate resolvent lane; not production ARIN22 kernel validation
DRCET4C_CHERNOFF_REMIZOV_RESOLVENT_LANE,RC4C-MIXED-01,C2_mixed_sign_c,5,4,0.15632973944947998,0.027068914766801584,0.12926082468267838,0.1,INSIDE_CERTIFIED_RESOLVENT_HALF_PLANE,PASS_RESOLVENT_CONVERGENCE,True,True,0.001827528005243493,174.74145303127793,1.045846863203303e-05,174.7414530290325,5.163374890589591e-12,0.0,NOT_APPLICABLE_FOR_GAUSS_LAGUERRE_INFINITE_INTERVAL,0.0,2.2402624169168562e-09,True,gauss_laguerre_64,1.0,1.2329542721500335,True,0.3695684220309199,bounded public-safe contract-surrogate resolvent lane; not production ARIN22 kernel validation
DRCET4C_CHERNOFF_REMIZOV_RESOLVENT_LANE,RC4C-MIXED-01,C2_mixed_sign_c,5,8,0.15632973944947998,0.027068914766801584,0.12926082468267838,0.1,INSIDE_CERTIFIED_RESOLVENT_HALF_PLANE,PASS_RESOLVENT_CONVERGENCE,True,True,0.0004629448278112935,43.685363259635345,1.0597252563973708e-05,43.685363257258125,5.176925416451571e-12,0.0,NOT_APPLICABLE_FOR_GAUSS_LAGUERRE_INFINITE_INTERVAL,0.0,2.372042559088436e-09,True,gauss_laguerre_64,1.0,1.2329542721500335,True,0.3695684220309199,bounded public-safe contract-surrogate resolvent lane; not production ARIN22 kernel validation
DRCET4C_CHERNOFF_REMIZOV_RESOLVENT_LANE,RC4C-MIXED-01,C2_mixed_sign_c,5,16,0.15632973944947998,0.027068914766801584,0.12926082468267838,0.1,INSIDE_CERTIFIED_RESOLVENT_HALF_PLANE,PASS_RESOLVENT_CONVERGENCE,True,True,0.00011613055736519286,10.921340816955286,1.0633360803547232e-05,10.921340814314531,5.152591720611341e-12,0.0,NOT_APPLICABLE_FOR_GAUSS_LAGUERRE_INFINITE_INTERVAL,0.0,2.6356028434315957e-09,True,gauss_laguerre_64,1.0,1.2329542721500335,True,0.3695684220309199,bounded public-safe contract-surrogate resolvent lane; not production ARIN22 kernel validation
DRCET4C_CHERNOFF_REMIZOV_RESOLVENT_LANE,RC4C-MIXED-01,C2_mixed_sign_c,5,32,0.15632973944947998,0.027068914766801584,0.12926082468267838,0.1,INSIDE_CERTIFIED_RESOLVENT_HALF_PLANE,PASS_RESOLVENT_CONVERGENCE,True,True,2.9057546179263614e-05,2.730335206746535,1.0642483057561478e-05,2.730335203578633,5.179123565045223e-12,0.0,NOT_APPLICABLE_FOR_GAUSS_LAGUERRE_INFINITE_INTERVAL,0.0,3.162723412117915e-09,True,gauss_laguerre_64,1.0,1.2329542721500335,True,0.3695684220309199,bounded public-safe contract-surrogate resolvent lane; not production ARIN22 kernel validation
DRCET4C_CHERNOFF_REMIZOV_RESOLVENT_LANE,RC4C-MIXED-01,C2_mixed_sign_c,5,64,0.15632973944947998,0.027068914766801584,0.12926082468267838,0.1,INSIDE_CERTIFIED_RESOLVENT_HALF_PLANE,PASS_RESOLVENT_CONVERGENCE,True,True,7.2659475187227715e-06,0.6825838051168296,1.0644769864528425e-05,0.6825838008946582,5.206797326347081e-12,0.0,NOT_APPLICABLE_FOR_GAUSS_LAGUERRE_INFINITE_INTERVAL,0.0,4.216964549490553e-09,True,gauss_laguerre_64,1.0,1.2329542721500335,True,0.3695684220309199,bounded public-safe contract-surrogate resolvent lane; not production ARIN22 kernel validation
DRCET4C_CHERNOFF_REMIZOV_RESOLVENT_LANE,RC4C-MIXED-01,C2_mixed_sign_c,5,4,0.05292107970333726,0.027068914766801584,0.025852164936535676,0.02,INSIDE_CERTIFIED_RESOLVENT_HALF_PLANE,PASS_RECOMPRESSED_NEAR_BOUNDARY,True,True,0.01602828785216569,4368.536325727912,3.6690293171580664e-06,4368.536325725812,1.9976030861586034e-11,0.0,NOT_APPLICABLE_FOR_GAUSS_LAGUERRE_INFINITE_INTERVAL,0.0,2.0803780490507106e-09,True,gauss_laguerre_64,1.0,1.2417868099011249,True,0.3695684220309199,bounded public-safe contract-surrogate resolvent lane; not production ARIN22 kernel validation
DRCET4C_CHERNOFF_REMIZOV_RESOLVENT_LANE,RC4C-MIXED-01,C2_mixed_sign_c,5,8,0.05292107970333726,0.027068914766801584,0.025852164936535676,0.02,INSIDE_CERTIFIED_RESOLVENT_HALF_PLANE,PASS_RECOMPRESSED_NEAR_BOUNDARY,True,True,0.0041622341239683155,1092.1340814336759,3.8111017637179044e-06,1092.134081431453,1.998109868413418e-11,0.0,NOT_APPLICABLE_FOR_GAUSS_LAGUERRE_INFINITE_INTERVAL,0.0,2.202753228406635e-09,True,gauss_laguerre_64,1.0,1.2417868099011249,True,0.3695684220309199,bounded public-safe contract-surrogate resolvent lane; not production ARIN22 kernel validation
DRCET4C_CHERNOFF_REMIZOV_RESOLVENT_LANE,RC4C-MIXED-01,C2_mixed_sign_c,5,16,0.05292107970333726,0.027068914766801584,0.025852164936535676,0.02,INSIDE_CERTIFIED_RESOLVENT_HALF_PLANE,PASS_RECOMPRESSED_NEAR_BOUNDARY,True,True,0.0010514559228246981,273.0335203603308,3.851014049253217e-06,273.03352035786327,1.999088325501554e-11,0.0,NOT_APPLICABLE_FOR_GAUSS_LAGUERRE_INFINITE_INTERVAL,0.0,2.447503587118483e-09,True,gauss_laguerre_64,1.0,1.2417868099011249,True,0.3695684220309199,bounded public-safe contract-surrogate resolvent lane; not production ARIN22 kernel validation
DRCET4C_CHERNOFF_REMIZOV_RESOLVENT_LANE,RC4C-MIXED-01,C2_mixed_sign_c,5,32,0.05292107970333726,0.027068914766801584,0.025852164936535676,0.02,INSIDE_CERTIFIED_RESOLVENT_HALF_PLANE,PASS_RECOMPRESSED_NEAR_BOUNDARY,True,True,0.0002635682726849985,68.25838009242284,3.8613320786125195e-06,68.25838008946582,2.002722316405809e-11,0.0,NOT_APPLICABLE_FOR_GAUSS_LAGUERRE_INFINITE_INTERVAL,0.0,2.9370043045421797e-09,True,gauss_laguerre_64,1.0,1.2417868099011249,True,0.3695684220309199,bounded public-safe contract-surrogate resolvent lane; not production ARIN22 kernel validation
DRCET4C_CHERNOFF_REMIZOV_RESOLVENT_LANE,RC4C-MIXED-01,C2_mixed_sign_c,5,64,0.05292107970333726,0.027068914766801584,0.025852164936535676,0.02,INSIDE_CERTIFIED_RESOLVENT_HALF_PLANE,PASS_RECOMPRESSED_NEAR_BOUNDARY,True,True,6.593647330331036e-05,17.064595026302353,3.863934256961844e-06,17.064595022366454,1.9891730056509977e-11,0.0,NOT_APPLICABLE_FOR_GAUSS_LAGUERRE_INFINITE_INTERVAL,0.0,3.916005739389573e-09,True,gauss_laguerre_64,1.0,1.2417868099011249,True,0.3695684220309199,bounded public-safe contract-surrogate resolvent lane; not production ARIN22 kernel validation
DRCET4C_CHERNOFF_REMIZOV_RESOLVENT_LANE,RC4C-MIXED-01,C2_mixed_sign_c,5,4,0.03999499723506943,0.027068914766801584,0.012926082468267843,0.01,INSIDE_CERTIFIED_RESOLVENT_HALF_PLANE,PASS_RECOMPRESSED_NEAR_BOUNDARY,True,True,0.023763943701320414,17474.145302905323,1.3599488438137987e-06,17474.145302903235,2.736732310386152e-11,0.0,NOT_APPLICABLE_FOR_GAUSS_LAGUERRE_INFINITE_INTERVAL,0.0,2.0603925030674423e-09,True,gauss_laguerre_64,1.0,1.2417868099011249,True,0.3695684220309199,bounded public-safe contract-surrogate resolvent lane; not production ARIN22 kernel validation
DRCET4C_CHERNOFF_REMIZOV_RESOLVENT_LANE,RC4C-MIXED-01,C2_mixed_sign_c,5,8,0.03999499723506943,0.027068914766801584,0.012926082468267843,0.01,INSIDE_CERTIFIED_RESOLVENT_HALF_PLANE,PASS_RECOMPRESSED_NEAR_BOUNDARY,True,True,0.006219786918932627,4368.536325728018,1.4237690739348717e-06,4368.536325725809,2.7353537484652408e-11,0.0,NOT_APPLICABLE_FOR_GAUSS_LAGUERRE_INFINITE_INTERVAL,0.0,2.1815920620714098e-09,True,gauss_laguerre_64,1.0,1.2417868099011249,True,0.3695684220309199,bounded public-safe contract-surrogate resolvent lane; not production ARIN22 kernel validation
DRCET4C_CHERNOFF_REMIZOV_RESOLVENT_LANE,RC4C-MIXED-01,C2_mixed_sign_c,5,16,0.03999499723506943,0.027068914766801584,0.012926082468267843,0.01,INSIDE_CERTIFIED_RESOLVENT_HALF_PLANE,PASS_RECOMPRESSED_NEAR_BOUNDARY,True,True,0.0015749927276030844,1092.1340814339035,1.4421239611305031e-06,1092.1340814314522,2.7365295034492094e-11,0.0,NOT_APPLICABLE_FOR_GAUSS_LAGUERRE_INFINITE_INTERVAL,0.0,2.423991180079344e-09,True,gauss_laguerre_64,1.0,1.2417868099011249,True,0.3695684220309199,bounded public-safe contract-surrogate resolvent lane; not production ARIN22 kernel validation
DRCET4C_CHERNOFF_REMIZOV_RESOLVENT_LANE,RC4C-MIXED-01,C2_mixed_sign_c,5,32,0.03999499723506943,0.027068914766801584,0.012926082468267843,0.01,INSIDE_CERTIFIED_RESOLVENT_HALF_PLANE,PASS_RECOMPRESSED_NEAR_BOUNDARY,True,True,0.00039505380334027606,273.0335203607992,1.4469058700859645e-06,273.03352035786304,2.7326373086607614e-11,0.0,NOT_APPLICABLE_FOR_GAUSS_LAGUERRE_INFINITE_INTERVAL,0.0,2.908789416095213e-09,True,gauss_laguerre_64,1.0,1.2417868099011249,True,0.3695684220309199,bounded public-safe contract-surrogate resolvent lane; not production ARIN22 kernel validation
DRCET4C_CHERNOFF_REMIZOV_RESOLVENT_LANE,RC4C-MIXED-01,C2_mixed_sign_c,5,64,0.03999499723506943,0.027068914766801584,0.012926082468267843,0.01,INSIDE_CERTIFIED_RESOLVENT_HALF_PLANE,PASS_RECOMPRESSED_NEAR_BOUNDARY,True,True,9.884594309643003e-05,68.25838009337166,1.448114399451279e-06,68.25838008946576,2.7509592464051236e-11,0.0,NOT_APPLICABLE_FOR_GAUSS_LAGUERRE_INFINITE_INTERVAL,0.0,3.87838588812695e-09,True,gauss_laguerre_64,1.0,1.2417868099011249,True,0.3695684220309199,bounded public-safe contract-surrogate resolvent lane; not production ARIN22 kernel validation
DRCET4C_CHERNOFF_REMIZOV_RESOLVENT_LANE,RC4C-MIXED-01,C2_mixed_sign_c,5,4,0.0335319560009355,0.027068914766801584,0.00646304123413392,0.005,INSIDE_CERTIFIED_RESOLVENT_HALF_PLANE,PASS_RECOMPRESSED_NEAR_BOUNDARY,True,True,0.029458938834796628,69896.58121161522,4.2146465998971096e-07,69896.581211613,1.7980658556117275e-10,0.0,NOT_APPLICABLE_FOR_GAUSS_LAGUERRE_INFINITE_INTERVAL,0.0,2.0503997300758083e-09,True,gauss_laguerre_64,1.0,1.2417868099011249,True,0.3695684220309199,bounded public-safe contract-surrogate resolvent lane; not production ARIN22 kernel validation
DRCET4C_CHERNOFF_REMIZOV_RESOLVENT_LANE,RC4C-MIXED-01,C2_mixed_sign_c,5,8,0.0335319560009355,0.027068914766801584,0.00646304123413392,0.005,INSIDE_CERTIFIED_RESOLVENT_HALF_PLANE,PASS_RECOMPRESSED_NEAR_BOUNDARY,True,True,0.007748294796219857,17474.1453029056,4.434148086734446e-07,17474.14530290325,1.7850069467490248e-10,0.0,NOT_APPLICABLE_FOR_GAUSS_LAGUERRE_INFINITE_INTERVAL,0.0,2.171011478903797e-09,True,gauss_laguerre_64,1.0,1.2417868099011249,True,0.3695684220309199,bounded public-safe contract-surrogate resolvent lane; not production ARIN22 kernel validation
DRCET4C_CHERNOFF_REMIZOV_RESOLVENT_LANE,RC4C-MIXED-01,C2_mixed_sign_c,5,16,0.0335319560009355,0.027068914766801584,0.00646304123413392,0.005,INSIDE_CERTIFIED_RESOLVENT_HALF_PLANE,PASS_RECOMPRESSED_NEAR_BOUNDARY,True,True,0.0019650513017711066,4368.5363257284025,4.4981915114176306e-07,4368.536325725812,1.7797306495426698e-10,0.0,NOT_APPLICABLE_FOR_GAUSS_LAGUERRE_INFINITE_INTERVAL,0.0,2.4122349765597743e-09,True,gauss_laguerre_64,1.0,1.2417868099011249,True,0.3695684220309199,bounded public-safe contract-surrogate resolvent lane; not production ARIN22 kernel validation
DRCET4C_CHERNOFF_REMIZOV_RESOLVENT_LANE,RC4C-MIXED-01,C2_mixed_sign_c,5,32,0.0335319560009355,0.027068914766801584,0.00646304123413392,0.005,INSIDE_CERTIFIED_RESOLVENT_HALF_PLANE,PASS_RECOMPRESSED_NEAR_BOUNDARY,True,True,0.0004930939682490942,1092.1340814345256,4.514958159728995e-07,1092.134081431453,1.7781624541352319e-10,0.0,NOT_APPLICABLE_FOR_GAUSS_LAGUERRE_INFINITE_INTERVAL,0.0,2.8946819718717295e-09,True,gauss_laguerre_64,1.0,1.2417868099011249,True,0.3695684220309199,bounded public-safe contract-surrogate resolvent lane; not production ARIN22 kernel validation
DRCET4C_CHERNOFF_REMIZOV_RESOLVENT_LANE,RC4C-MIXED-01,C2_mixed_sign_c,5,64,0.0335319560009355,0.027068914766801584,0.00646304123413392,0.005,INSIDE_CERTIFIED_RESOLVENT_HALF_PLANE,PASS_RECOMPRESSED_NEAR_BOUNDARY,True,True,0.00012338934737054225,273.03352036190046,4.51920142285065e-07,273.03352035786327,1.7761338637929359e-10,0.0,NOT_APPLICABLE_FOR_GAUSS_LAGUERRE_INFINITE_INTERVAL,0.0,3.859575962495639e-09,True,gauss_laguerre_64,1.0,1.2417868099011249,True,0.3695684220309199,bounded public-safe contract-surrogate resolvent lane; not production ARIN22 kernel validation
DRCET4C_CHERNOFF_REMIZOV_RESOLVENT_LANE,RC4C-MIXED-01,C2_mixed_sign_c,5,4,0.02836152301362837,0.027068914766801584,0.0012926082468267854,0.001,INSIDE_CERTIFIED_RESOLVENT_HALF_PLANE,PASS_RECOMPRESSED_NEAR_BOUNDARY,True,True,0.03533725297502565,1747414.5302903308,2.02225930724946e-08,1747414.530290321,7.742601049766733e-09,0.0,NOT_APPLICABLE_FOR_GAUSS_LAGUERRE_INFINITE_INTERVAL,0.0,2.042405511682501e-09,True,gauss_laguerre_64,1.0,1.2417868099011249,True,0.3695684220309199,bounded public-safe contract-surrogate resolvent lane; not production ARIN22 kernel validation
DRCET4C_CHERNOFF_REMIZOV_RESOLVENT_LANE,RC4C-MIXED-01,C2_mixed_sign_c,5,8,0.02836152301362837,0.027068914766801584,0.0012926082468267854,0.001,INSIDE_CERTIFIED_RESOLVENT_HALF_PLANE,PASS_RECOMPRESSED_NEAR_BOUNDARY,True,True,0.009336613745047519,436853.6325725901,2.1372407252436192e-08,436853.63257258025,7.697832212952103e-09,0.0,NOT_APPLICABLE_FOR_GAUSS_LAGUERRE_INFINITE_INTERVAL,0.0,2.162547012369707e-09,True,gauss_laguerre_64,1.0,1.2417868099011249,True,0.3695684220309199,bounded public-safe contract-surrogate resolvent lane; not production ARIN22 kernel validation
DRCET4C_CHERNOFF_REMIZOV_RESOLVENT_LANE,RC4C-MIXED-01,C2_mixed_sign_c,5,16,0.02836152301362837,0.027068914766801584,0.0012926082468267854,0.001,INSIDE_CERTIFIED_RESOLVENT_HALF_PLANE,PASS_RECOMPRESSED_NEAR_BOUNDARY,True,True,0.0023712746728320674,109213.40814315515,2.171230358202758e-08,109213.40814314506,7.681644632852561e-09,0.0,NOT_APPLICABLE_FOR_GAUSS_LAGUERRE_INFINITE_INTERVAL,0.0,2.402830013744119e-09,True,gauss_laguerre_64,1.0,1.2417868099011249,True,0.3695684220309199,bounded public-safe contract-surrogate resolvent lane; not production ARIN22 kernel validation
DRCET4C_CHERNOFF_REMIZOV_RESOLVENT_LANE,RC4C-MIXED-01,C2_mixed_sign_c,5,32,0.02836152301362837,0.027068914766801584,0.0012926082468267854,0.001,INSIDE_CERTIFIED_RESOLVENT_HALF_PLANE,PASS_RECOMPRESSED_NEAR_BOUNDARY,True,True,0.000595259479627061,27303.352035796826,2.1801699617198262e-08,27303.352035786265,7.677295459284979e-09,0.0,NOT_APPLICABLE_FOR_GAUSS_LAGUERRE_INFINITE_INTERVAL,0.0,2.8833960164929422e-09,True,gauss_laguerre_64,1.0,1.2417868099011249,True,0.3695684220309199,bounded public-safe contract-surrogate resolvent lane; not production ARIN22 kernel validation
DRCET4C_CHERNOFF_REMIZOV_RESOLVENT_LANE,RC4C-MIXED-01,C2_mixed_sign_c,5,64,0.02836152301362837,0.027068914766801584,0.0012926082468267854,0.001,INSIDE_CERTIFIED_RESOLVENT_HALF_PLANE,PASS_RECOMPRESSED_NEAR_BOUNDARY,True,True,0.00014896966213020897,6825.838008958087,2.1824377011980697e-08,6825.838008946566,7.676209241473778e-09,0.0,NOT_APPLICABLE_FOR_GAUSS_LAGUERRE_INFINITE_INTERVAL,0.0,3.84452802199059e-09,True,gauss_laguerre_64,1.0,1.2417868099011249,True,0.3695684220309199,bounded public-safe contract-surrogate resolvent lane; not production ARIN22 kernel validation
DRCET4C_CHERNOFF_REMIZOV_RESOLVENT_LANE,RC4C-MIXED-01,C2_mixed_sign_c,5,4,0.027198175591484262,0.027068914766801584,0.00012926082468267888,0.0001,INSIDE_CERTIFIED_RESOLVENT_HALF_PLANE,PASS_RECOMPRESSED_NEAR_BOUNDARY,True,True,0.036863545511634906,174741453.0290312,2.1096050692396652e-10,174741453.02903116,1.8229460916046834e-08,0.0,NOT_APPLICABLE_FOR_GAUSS_LAGUERRE_INFINITE_INTERVAL,0.0,2.040606812544007e-09,True,gauss_laguerre_64,1.0,1.2417868099011249,True,0.3695684220309199,bounded public-safe contract-surrogate resolvent lane; not production ARIN22 kernel validation
DRCET4C_CHERNOFF_REMIZOV_RESOLVENT_LANE,RC4C-MIXED-01,C2_mixed_sign_c,5,8,0.027198175591484262,0.027068914766801584,0.00012926082468267888,0.0001,INSIDE_CERTIFIED_RESOLVENT_HALF_PLANE,PASS_RECOMPRESSED_NEAR_BOUNDARY,True,True,0.009750644467717192,43685363.257257804,2.2320163415597187e-10,43685363.25725779,1.8132079757903404e-08,0.0,NOT_APPLICABLE_FOR_GAUSS_LAGUERRE_INFINITE_INTERVAL,0.0,2.160642507399537e-09,True,gauss_laguerre_64,1.0,1.2417868099011249,True,0.3695684220309199,bounded public-safe contract-surrogate resolvent lane; not production ARIN22 kernel validation
DRCET4C_CHERNOFF_REMIZOV_RESOLVENT_LANE,RC4C-MIXED-01,C2_mixed_sign_c,5,16,0.027198175591484262,0.027068914766801584,0.00012926082468267888,0.0001,INSIDE_CERTIFIED_RESOLVENT_HALF_PLANE,PASS_RECOMPRESSED_NEAR_BOUNDARY,True,True,0.0024773063653392045,10921340.814314468,2.268317056905897e-10,10921340.814314447,1.8098125118985995e-08,0.0,NOT_APPLICABLE_FOR_GAUSS_LAGUERRE_INFINITE_INTERVAL,0.0,2.400713897110596e-09,True,gauss_laguerre_64,1.0,1.2417868099011249,True,0.3695684220309199,bounded public-safe contract-surrogate resolvent lane; not production ARIN22 kernel validation
DRCET4C_CHERNOFF_REMIZOV_RESOLVENT_LANE,RC4C-MIXED-01,C2_mixed_sign_c,5,32,0.027198175591484262,0.027068914766801584,0.00012926082468267888,0.0001,INSIDE_CERTIFIED_RESOLVENT_HALF_PLANE,PASS_RECOMPRESSED_NEAR_BOUNDARY,True,True,0.000621936490741549,2730335.203578633,2.2778759543018046e-10,2730335.203578612,1.808891437944325e-08,0.0,NOT_APPLICABLE_FOR_GAUSS_LAGUERRE_INFINITE_INTERVAL,0.0,2.8808566765327157e-09,True,gauss_laguerre_64,1.0,1.2417868099011249,True,0.3695684220309199,bounded public-safe contract-surrogate resolvent lane; not production ARIN22 kernel validation
DRCET4C_CHERNOFF_REMIZOV_RESOLVENT_LANE,RC4C-MIXED-01,C2_mixed_sign_c,5,64,0.027198175591484262,0.027068914766801584,0.00012926082468267888,0.0001,INSIDE_CERTIFIED_RESOLVENT_HALF_PLANE,PASS_RECOMPRESSED_NEAR_BOUNDARY,True,True,0.00015564992575420024,682583.8008946748,2.2803050050438803e-10,682583.800894653,1.8086758585677785e-08,0.0,NOT_APPLICABLE_FOR_GAUSS_LAGUERRE_INFINITE_INTERVAL,0.0,3.841142235376954e-09,True,gauss_laguerre_64,1.0,1.2417868099011249,True,0.3695684220309199,bounded public-safe contract-surrogate resolvent lane; not production ARIN22 kernel validation
DRCET4C_CHERNOFF_REMIZOV_RESOLVENT_LANE,RC4C-MIXED-01,C2_mixed_sign_c,5,4,0.02707020737504841,0.027068914766801584,1.2926082468278643e-06,1e-06,INSIDE_CERTIFIED_RESOLVENT_HALF_PLANE,PASS_RECOMPRESSED_NEAR_BOUNDARY,True,True,0.037036585274296964,1747414530287.4036,2.119507685918431e-14,1747414530287.4036,2.0034597744661784e-08,0.0,NOT_APPLICABLE_FOR_GAUSS_LAGUERRE_INFINITE_INTERVAL,0.0,2.0404089556387724e-09,True,gauss_laguerre_64,1.0,1.2417868099011249,True,0.3695684220309199,bounded public-safe contract-surrogate resolvent lane; not production ARIN22 kernel validation
DRCET4C_CHERNOFF_REMIZOV_RESOLVENT_LANE,RC4C-MIXED-01,C2_mixed_sign_c,5,8,0.02707020737504841,0.027068914766801584,1.2926082468278643e-06,1e-06,INSIDE_CERTIFIED_RESOLVENT_HALF_PLANE,PASS_RECOMPRESSED_NEAR_BOUNDARY,True,True,0.009797624804569924,436853632571.8509,2.2427705927244348e-14,436853632571.8509,1.9928600928621114e-08,0.0,NOT_APPLICABLE_FOR_GAUSS_LAGUERRE_INFINITE_INTERVAL,0.0,2.1604330118528177e-09,True,gauss_laguerre_64,1.0,1.2417868099011249,True,0.3695684220309199,bounded public-safe contract-surrogate resolvent lane; not production ARIN22 kernel validation
DRCET4C_CHERNOFF_REMIZOV_RESOLVENT_LANE,RC4C-MIXED-01,C2_mixed_sign_c,5,16,0.02707020737504841,0.027068914766801584,1.2926082468278643e-06,1e-06,INSIDE_CERTIFIED_RESOLVENT_HALF_PLANE,PASS_RECOMPRESSED_NEAR_BOUNDARY,True,True,0.0024893413938632133,109213408142.96272,2.2793367922413074e-14,109213408142.96272,1.9891812192367995e-08,0.0,NOT_APPLICABLE_FOR_GAUSS_LAGUERRE_INFINITE_INTERVAL,0.0,2.4004811242809086e-09,True,gauss_laguerre_64,1.0,1.2417868099011249,True,0.3695684220309199,bounded public-safe contract-surrogate resolvent lane; not production ARIN22 kernel validation
DRCET4C_CHERNOFF_REMIZOV_RESOLVENT_LANE,RC4C-MIXED-01,C2_mixed_sign_c,5,32,0.02707020737504841,0.027068914766801584,1.2926082468278643e-06,1e-06,INSIDE_CERTIFIED_RESOLVENT_HALF_PLANE,PASS_RECOMPRESSED_NEAR_BOUNDARY,True,True,0.0006249647017828056,27303352035.74068,2.2889669406331985e-14,27303352035.74068,1.9881913579917773e-08,0.0,NOT_APPLICABLE_FOR_GAUSS_LAGUERRE_INFINITE_INTERVAL,0.0,2.8805773491370905e-09,True,gauss_laguerre_64,1.0,1.2417868099011249,True,0.3695684220309199,bounded public-safe contract-surrogate resolvent lane; not production ARIN22 kernel validation
DRCET4C_CHERNOFF_REMIZOV_RESOLVENT_LANE,RC4C-MIXED-01,C2_mixed_sign_c,5,64,0.02707020737504841,0.027068914766801584,1.2926082468278643e-06,1e-06,INSIDE_CERTIFIED_RESOLVENT_HALF_PLANE,PASS_RECOMPRESSED_NEAR_BOUNDARY,True,True,0.00015640826054289444,6825838008.93517,2.2914147733677922e-14,6825838008.93517,1.987927264414279e-08,0.0,NOT_APPLICABLE_FOR_GAUSS_LAGUERRE_INFINITE_INTERVAL,0.0,3.840769798849454e-09,True,gauss_laguerre_64,1.0,1.2417868099011249,True,0.3695684220309199,bounded public-safe contract-surrogate resolvent lane; not production ARIN22 kernel validation
DRCET4C_CHERNOFF_REMIZOV_RESOLVENT_LANE,RC4C-MIXED-01,C2_mixed_sign_c,5,4,0.02706891605940983,0.027068914766801584,1.292608246133975e-09,1e-09,INSIDE_CERTIFIED_RESOLVENT_HALF_PLANE,PASS_RECOMPRESSED_NEAR_BOUNDARY,True,True,0.03703833673271435,1.7474145321634747e+18,2.11960791506393e-20,1.7474145321634747e+18,2.0053699419482908e-08,0.0,NOT_APPLICABLE_FOR_GAUSS_LAGUERRE_INFINITE_INTERVAL,0.0,2.0404069590827288e-09,True,gauss_laguerre_64,1.0,1.2417868099011249,True,0.3695684220309199,bounded public-safe contract-surrogate resolvent lane; not production ARIN22 kernel validation
DRCET4C_CHERNOFF_REMIZOV_RESOLVENT_LANE,RC4C-MIXED-01,C2_mixed_sign_c,5,8,0.02706891605940983,0.027068914766801584,1.292608246133975e-09,1e-09,INSIDE_CERTIFIED_RESOLVENT_HALF_PLANE,PASS_RECOMPRESSED_NEAR_BOUNDARY,True,True,0.009798100367831474,4.368536330408687e+17,2.242879451322965e-20,4.368536330408687e+17,1.994763067833799e-08,0.0,NOT_APPLICABLE_FOR_GAUSS_LAGUERRE_INFINITE_INTERVAL,0.0,2.160430897852301e-09,True,gauss_laguerre_64,1.0,1.2417868099011249,True,0.3695684220309199,bounded public-safe contract-surrogate resolvent lane; not production ARIN22 kernel validation
DRCET4C_CHERNOFF_REMIZOV_RESOLVENT_LANE,RC4C-MIXED-01,C2_mixed_sign_c,5,16,0.02706891605940983,0.027068914766801584,1.292608246133975e-09,1e-09,INSIDE_CERTIFIED_RESOLVENT_HALF_PLANE,PASS_RECOMPRESSED_NEAR_BOUNDARY,True,True,0.0024894632233473735,1.0921340826021717e+17,2.2794483415588108e-20,1.0921340826021717e+17,1.991074940591763e-08,0.0,NOT_APPLICABLE_FOR_GAUSS_LAGUERRE_INFINITE_INTERVAL,0.0,2.4004787753914454e-09,True,gauss_laguerre_64,1.0,1.2417868099011249,True,0.3695684220309199,bounded public-safe contract-surrogate resolvent lane; not production ARIN22 kernel validation
DRCET4C_CHERNOFF_REMIZOV_RESOLVENT_LANE,RC4C-MIXED-01,C2_mixed_sign_c,5,32,0.02706891605940983,0.027068914766801584,1.292608246133975e-09,1e-09,INSIDE_CERTIFIED_RESOLVENT_HALF_PLANE,PASS_RECOMPRESSED_NEAR_BOUNDARY,True,True,0.0006249953563800487,2.7303352065054292e+16,2.289079212291972e-20,2.7303352065054292e+16,1.990080780316313e-08,0.0,NOT_APPLICABLE_FOR_GAUSS_LAGUERRE_INFINITE_INTERVAL,0.0,2.8805745304697346e-09,True,gauss_laguerre_64,1.0,1.2417868099011249,True,0.3695684220309199,bounded public-safe contract-surrogate resolvent lane; not production ARIN22 kernel validation
DRCET4C_CHERNOFF_REMIZOV_RESOLVENT_LANE,RC4C-MIXED-01,C2_mixed_sign_c,5,64,0.02706891605940983,0.027068914766801584,1.292608246133975e-09,1e-09,INSIDE_CERTIFIED_RESOLVENT_HALF_PLANE,PASS_RECOMPRESSED_NEAR_BOUNDARY,True,True,0.00015641593719134262,6825838016263573.0,2.2915272354641058e-20,6825838016263573.0,1.9898222208110763e-08,0.0,NOT_APPLICABLE_FOR_GAUSS_LAGUERRE_INFINITE_INTERVAL,0.0,3.8407660406263125e-09,True,gauss_laguerre_64,1.0,1.2417868099011249,True,0.3695684220309199,bounded public-safe contract-surrogate resolvent lane; not production ARIN22 kernel validation
DRCET4C_CHERNOFF_REMIZOV_RESOLVENT_LANE,RC4C-MIXED-01,C2_mixed_sign_c,5,4,0.027068914766801584,0.027068914766801584,0.0,0.0,OUTSIDE_CERTIFIED_RESOLVENT_HALF_PLANE,SAFE_FAIL_CLOSED_OUTSIDE_CERTIFIED_RESOLVENT_HALF_PLANE,False,True,,,,,,,NOT_APPLICABLE_OUTSIDE_CERTIFIED_RESOLVENT_HALF_PLANE,,,False,gauss_laguerre_64,,,NOT_APPLICABLE_OUTSIDE_CERTIFIED_RESOLVENT_HALF_PLANE,0.3695684220309199,fail_closed_outside_theorem_supported_half_plane_not_resolvent_nonexistence_claim
DRCET4C_CHERNOFF_REMIZOV_RESOLVENT_LANE,RC4C-MIXED-01,C2_mixed_sign_c,5,8,0.027068914766801584,0.027068914766801584,0.0,0.0,OUTSIDE_CERTIFIED_RESOLVENT_HALF_PLANE,SAFE_FAIL_CLOSED_OUTSIDE_CERTIFIED_RESOLVENT_HALF_PLANE,False,True,,,,,,,NOT_APPLICABLE_OUTSIDE_CERTIFIED_RESOLVENT_HALF_PLANE,,,False,gauss_laguerre_64,,,NOT_APPLICABLE_OUTSIDE_CERTIFIED_RESOLVENT_HALF_PLANE,0.3695684220309199,fail_closed_outside_theorem_supported_half_plane_not_resolvent_nonexistence_claim
DRCET4C_CHERNOFF_REMIZOV_RESOLVENT_LANE,RC4C-MIXED-01,C2_mixed_sign_c,5,16,0.027068914766801584,0.027068914766801584,0.0,0.0,OUTSIDE_CERTIFIED_RESOLVENT_HALF_PLANE,SAFE_FAIL_CLOSED_OUTSIDE_CERTIFIED_RESOLVENT_HALF_PLANE,False,True,,,,,,,NOT_APPLICABLE_OUTSIDE_CERTIFIED_RESOLVENT_HALF_PLANE,,,False,gauss_laguerre_64,,,NOT_APPLICABLE_OUTSIDE_CERTIFIED_RESOLVENT_HALF_PLANE,0.3695684220309199,fail_closed_outside_theorem_supported_half_plane_not_resolvent_nonexistence_claim
DRCET4C_CHERNOFF_REMIZOV_RESOLVENT_LANE,RC4C-MIXED-01,C2_mixed_sign_c,5,32,0.027068914766801584,0.027068914766801584,0.0,0.0,OUTSIDE_CERTIFIED_RESOLVENT_HALF_PLANE,SAFE_FAIL_CLOSED_OUTSIDE_CERTIFIED_RESOLVENT_HALF_PLANE,False,True,,,,,,,NOT_APPLICABLE_OUTSIDE_CERTIFIED_RESOLVENT_HALF_PLANE,,,False,gauss_laguerre_64,,,NOT_APPLICABLE_OUTSIDE_CERTIFIED_RESOLVENT_HALF_PLANE,0.3695684220309199,fail_closed_outside_theorem_supported_half_plane_not_resolvent_nonexistence_claim
DRCET4C_CHERNOFF_REMIZOV_RESOLVENT_LANE,RC4C-MIXED-01,C2_mixed_sign_c,5,64,0.027068914766801584,0.027068914766801584,0.0,0.0,OUTSIDE_CERTIFIED_RESOLVENT_HALF_PLANE,SAFE_FAIL_CLOSED_OUTSIDE_CERTIFIED_RESOLVENT_HALF_PLANE,False,True,,,,,,,NOT_APPLICABLE_OUTSIDE_CERTIFIED_RESOLVENT_HALF_PLANE,,,False,gauss_laguerre_64,,,NOT_APPLICABLE_OUTSIDE_CERTIFIED_RESOLVENT_HALF_PLANE,0.3695684220309199,fail_closed_outside_theorem_supported_half_plane_not_resolvent_nonexistence_claim
DRCET4C_CHERNOFF_REMIZOV_RESOLVENT_LANE,RC4C-MIXED-01,C2_mixed_sign_c,5,4,0.027068913474193337,0.027068914766801584,-1.292608246133975e-09,-1e-09,OUTSIDE_CERTIFIED_RESOLVENT_HALF_PLANE,SAFE_FAIL_CLOSED_OUTSIDE_CERTIFIED_RESOLVENT_HALF_PLANE,False,True,,,,,,,NOT_APPLICABLE_OUTSIDE_CERTIFIED_RESOLVENT_HALF_PLANE,,,False,gauss_laguerre_64,,,NOT_APPLICABLE_OUTSIDE_CERTIFIED_RESOLVENT_HALF_PLANE,0.3695684220309199,fail_closed_outside_theorem_supported_half_plane_not_resolvent_nonexistence_claim
DRCET4C_CHERNOFF_REMIZOV_RESOLVENT_LANE,RC4C-MIXED-01,C2_mixed_sign_c,5,8,0.027068913474193337,0.027068914766801584,-1.292608246133975e-09,-1e-09,OUTSIDE_CERTIFIED_RESOLVENT_HALF_PLANE,SAFE_FAIL_CLOSED_OUTSIDE_CERTIFIED_RESOLVENT_HALF_PLANE,False,True,,,,,,,NOT_APPLICABLE_OUTSIDE_CERTIFIED_RESOLVENT_HALF_PLANE,,,False,gauss_laguerre_64,,,NOT_APPLICABLE_OUTSIDE_CERTIFIED_RESOLVENT_HALF_PLANE,0.3695684220309199,fail_closed_outside_theorem_supported_half_plane_not_resolvent_nonexistence_claim
DRCET4C_CHERNOFF_REMIZOV_RESOLVENT_LANE,RC4C-MIXED-01,C2_mixed_sign_c,5,16,0.027068913474193337,0.027068914766801584,-1.292608246133975e-09,-1e-09,OUTSIDE_CERTIFIED_RESOLVENT_HALF_PLANE,SAFE_FAIL_CLOSED_OUTSIDE_CERTIFIED_RESOLVENT_HALF_PLANE,False,True,,,,,,,NOT_APPLICABLE_OUTSIDE_CERTIFIED_RESOLVENT_HALF_PLANE,,,False,gauss_laguerre_64,,,NOT_APPLICABLE_OUTSIDE_CERTIFIED_RESOLVENT_HALF_PLANE,0.3695684220309199,fail_closed_outside_theorem_supported_half_plane_not_resolvent_nonexistence_claim
DRCET4C_CHERNOFF_REMIZOV_RESOLVENT_LANE,RC4C-MIXED-01,C2_mixed_sign_c,5,32,0.027068913474193337,0.027068914766801584,-1.292608246133975e-09,-1e-09,OUTSIDE_CERTIFIED_RESOLVENT_HALF_PLANE,SAFE_FAIL_CLOSED_OUTSIDE_CERTIFIED_RESOLVENT_HALF_PLANE,False,True,,,,,,,NOT_APPLICABLE_OUTSIDE_CERTIFIED_RESOLVENT_HALF_PLANE,,,False,gauss_laguerre_64,,,NOT_APPLICABLE_OUTSIDE_CERTIFIED_RESOLVENT_HALF_PLANE,0.3695684220309199,fail_closed_outside_theorem_supported_half_plane_not_resolvent_nonexistence_claim
DRCET4C_CHERNOFF_REMIZOV_RESOLVENT_LANE,RC4C-MIXED-01,C2_mixed_sign_c,5,64,0.027068913474193337,0.027068914766801584,-1.292608246133975e-09,-1e-09,OUTSIDE_CERTIFIED_RESOLVENT_HALF_PLANE,SAFE_FAIL_CLOSED_OUTSIDE_CERTIFIED_RESOLVENT_HALF_PLANE,False,True,,,,,,,NOT_APPLICABLE_OUTSIDE_CERTIFIED_RESOLVENT_HALF_PLANE,,,False,gauss_laguerre_64,,,NOT_APPLICABLE_OUTSIDE_CERTIFIED_RESOLVENT_HALF_PLANE,0.3695684220309199,fail_closed_outside_theorem_supported_half_plane_not_resolvent_nonexistence_claim
DRCET4C_CHERNOFF_REMIZOV_RESOLVENT_LANE,RC4C-MIXED-01,C2_mixed_sign_c,5,4,0.027067622158554756,0.027068914766801584,-1.2926082468278643e-06,-1e-06,OUTSIDE_CERTIFIED_RESOLVENT_HALF_PLANE,SAFE_FAIL_CLOSED_OUTSIDE_CERTIFIED_RESOLVENT_HALF_PLANE,False,True,,,,,,,NOT_APPLICABLE_OUTSIDE_CERTIFIED_RESOLVENT_HALF_PLANE,,,False,gauss_laguerre_64,,,NOT_APPLICABLE_OUTSIDE_CERTIFIED_RESOLVENT_HALF_PLANE,0.3695684220309199,fail_closed_outside_theorem_supported_half_plane_not_resolvent_nonexistence_claim
DRCET4C_CHERNOFF_REMIZOV_RESOLVENT_LANE,RC4C-MIXED-01,C2_mixed_sign_c,5,8,0.027067622158554756,0.027068914766801584,-1.2926082468278643e-06,-1e-06,OUTSIDE_CERTIFIED_RESOLVENT_HALF_PLANE,SAFE_FAIL_CLOSED_OUTSIDE_CERTIFIED_RESOLVENT_HALF_PLANE,False,True,,,,,,,NOT_APPLICABLE_OUTSIDE_CERTIFIED_RESOLVENT_HALF_PLANE,,,False,gauss_laguerre_64,,,NOT_APPLICABLE_OUTSIDE_CERTIFIED_RESOLVENT_HALF_PLANE,0.3695684220309199,fail_closed_outside_theorem_supported_half_plane_not_resolvent_nonexistence_claim
DRCET4C_CHERNOFF_REMIZOV_RESOLVENT_LANE,RC4C-MIXED-01,C2_mixed_sign_c,5,16,0.027067622158554756,0.027068914766801584,-1.2926082468278643e-06,-1e-06,OUTSIDE_CERTIFIED_RESOLVENT_HALF_PLANE,SAFE_FAIL_CLOSED_OUTSIDE_CERTIFIED_RESOLVENT_HALF_PLANE,False,True,,,,,,,NOT_APPLICABLE_OUTSIDE_CERTIFIED_RESOLVENT_HALF_PLANE,,,False,gauss_laguerre_64,,,NOT_APPLICABLE_OUTSIDE_CERTIFIED_RESOLVENT_HALF_PLANE,0.3695684220309199,fail_closed_outside_theorem_supported_half_plane_not_resolvent_nonexistence_claim
DRCET4C_CHERNOFF_REMIZOV_RESOLVENT_LANE,RC4C-MIXED-01,C2_mixed_sign_c,5,32,0.027067622158554756,0.027068914766801584,-1.2926082468278643e-06,-1e-06,OUTSIDE_CERTIFIED_RESOLVENT_HALF_PLANE,SAFE_FAIL_CLOSED_OUTSIDE_CERTIFIED_RESOLVENT_HALF_PLANE,False,True,,,,,,,NOT_APPLICABLE_OUTSIDE_CERTIFIED_RESOLVENT_HALF_PLANE,,,False,gauss_laguerre_64,,,NOT_APPLICABLE_OUTSIDE_CERTIFIED_RESOLVENT_HALF_PLANE,0.3695684220309199,fail_closed_outside_theorem_supported_half_plane_not_resolvent_nonexistence_claim
DRCET4C_CHERNOFF_REMIZOV_RESOLVENT_LANE,RC4C-MIXED-01,C2_mixed_sign_c,5,64,0.027067622158554756,0.027068914766801584,-1.2926082468278643e-06,-1e-06,OUTSIDE_CERTIFIED_RESOLVENT_HALF_PLANE,SAFE_FAIL_CLOSED_OUTSIDE_CERTIFIED_RESOLVENT_HALF_PLANE,False,True,,,,,,,NOT_APPLICABLE_OUTSIDE_CERTIFIED_RESOLVENT_HALF_PLANE,,,False,gauss_laguerre_64,,,NOT_APPLICABLE_OUTSIDE_CERTIFIED_RESOLVENT_HALF_PLANE,0.3695684220309199,fail_closed_outside_theorem_supported_half_plane_not_resolvent_nonexistence_claim
DRCET4C_CHERNOFF_REMIZOV_RESOLVENT_LANE,RC4C-MIXED-01,C2_mixed_sign_c,5,4,0.026939653942118905,0.027068914766801584,-0.00012926082468267888,-0.0001,OUTSIDE_CERTIFIED_RESOLVENT_HALF_PLANE,SAFE_FAIL_CLOSED_OUTSIDE_CERTIFIED_RESOLVENT_HALF_PLANE,False,True,,,,,,,NOT_APPLICABLE_OUTSIDE_CERTIFIED_RESOLVENT_HALF_PLANE,,,False,gauss_laguerre_64,,,NOT_APPLICABLE_OUTSIDE_CERTIFIED_RESOLVENT_HALF_PLANE,0.3695684220309199,fail_closed_outside_theorem_supported_half_plane_not_resolvent_nonexistence_claim
DRCET4C_CHERNOFF_REMIZOV_RESOLVENT_LANE,RC4C-MIXED-01,C2_mixed_sign_c,5,8,0.026939653942118905,0.027068914766801584,-0.00012926082468267888,-0.0001,OUTSIDE_CERTIFIED_RESOLVENT_HALF_PLANE,SAFE_FAIL_CLOSED_OUTSIDE_CERTIFIED_RESOLVENT_HALF_PLANE,False,True,,,,,,,NOT_APPLICABLE_OUTSIDE_CERTIFIED_RESOLVENT_HALF_PLANE,,,False,gauss_laguerre_64,,,NOT_APPLICABLE_OUTSIDE_CERTIFIED_RESOLVENT_HALF_PLANE,0.3695684220309199,fail_closed_outside_theorem_supported_half_plane_not_resolvent_nonexistence_claim
DRCET4C_CHERNOFF_REMIZOV_RESOLVENT_LANE,RC4C-MIXED-01,C2_mixed_sign_c,5,16,0.026939653942118905,0.027068914766801584,-0.00012926082468267888,-0.0001,OUTSIDE_CERTIFIED_RESOLVENT_HALF_PLANE,SAFE_FAIL_CLOSED_OUTSIDE_CERTIFIED_RESOLVENT_HALF_PLANE,False,True,,,,,,,NOT_APPLICABLE_OUTSIDE_CERTIFIED_RESOLVENT_HALF_PLANE,,,False,gauss_laguerre_64,,,NOT_APPLICABLE_OUTSIDE_CERTIFIED_RESOLVENT_HALF_PLANE,0.3695684220309199,fail_closed_outside_theorem_supported_half_plane_not_resolvent_nonexistence_claim
DRCET4C_CHERNOFF_REMIZOV_RESOLVENT_LANE,RC4C-MIXED-01,C2_mixed_sign_c,5,32,0.026939653942118905,0.027068914766801584,-0.00012926082468267888,-0.0001,OUTSIDE_CERTIFIED_RESOLVENT_HALF_PLANE,SAFE_FAIL_CLOSED_OUTSIDE_CERTIFIED_RESOLVENT_HALF_PLANE,False,True,,,,,,,NOT_APPLICABLE_OUTSIDE_CERTIFIED_RESOLVENT_HALF_PLANE,,,False,gauss_laguerre_64,,,NOT_APPLICABLE_OUTSIDE_CERTIFIED_RESOLVENT_HALF_PLANE,0.3695684220309199,fail_closed_outside_theorem_supported_half_plane_not_resolvent_nonexistence_claim
DRCET4C_CHERNOFF_REMIZOV_RESOLVENT_LANE,RC4C-MIXED-01,C2_mixed_sign_c,5,64,0.026939653942118905,0.027068914766801584,-0.00012926082468267888,-0.0001,OUTSIDE_CERTIFIED_RESOLVENT_HALF_PLANE,SAFE_FAIL_CLOSED_OUTSIDE_CERTIFIED_RESOLVENT_HALF_PLANE,False,True,,,,,,,NOT_APPLICABLE_OUTSIDE_CERTIFIED_RESOLVENT_HALF_PLANE,,,False,gauss_laguerre_64,,,NOT_APPLICABLE_OUTSIDE_CERTIFIED_RESOLVENT_HALF_PLANE,0.3695684220309199,fail_closed_outside_theorem_supported_half_plane_not_resolvent_nonexistence_claim
DRCET4C_CHERNOFF_REMIZOV_RESOLVENT_LANE,RC4C-MIXED-01,C2_mixed_sign_c,5,4,0.025776306519974798,0.027068914766801584,-0.0012926082468267854,-0.001,OUTSIDE_CERTIFIED_RESOLVENT_HALF_PLANE,SAFE_FAIL_CLOSED_OUTSIDE_CERTIFIED_RESOLVENT_HALF_PLANE,False,True,,,,,,,NOT_APPLICABLE_OUTSIDE_CERTIFIED_RESOLVENT_HALF_PLANE,,,False,gauss_laguerre_64,,,NOT_APPLICABLE_OUTSIDE_CERTIFIED_RESOLVENT_HALF_PLANE,0.3695684220309199,fail_closed_outside_theorem_supported_half_plane_not_resolvent_nonexistence_claim
DRCET4C_CHERNOFF_REMIZOV_RESOLVENT_LANE,RC4C-MIXED-01,C2_mixed_sign_c,5,8,0.025776306519974798,0.027068914766801584,-0.0012926082468267854,-0.001,OUTSIDE_CERTIFIED_RESOLVENT_HALF_PLANE,SAFE_FAIL_CLOSED_OUTSIDE_CERTIFIED_RESOLVENT_HALF_PLANE,False,True,,,,,,,NOT_APPLICABLE_OUTSIDE_CERTIFIED_RESOLVENT_HALF_PLANE,,,False,gauss_laguerre_64,,,NOT_APPLICABLE_OUTSIDE_CERTIFIED_RESOLVENT_HALF_PLANE,0.3695684220309199,fail_closed_outside_theorem_supported_half_plane_not_resolvent_nonexistence_claim
DRCET4C_CHERNOFF_REMIZOV_RESOLVENT_LANE,RC4C-MIXED-01,C2_mixed_sign_c,5,16,0.025776306519974798,0.027068914766801584,-0.0012926082468267854,-0.001,OUTSIDE_CERTIFIED_RESOLVENT_HALF_PLANE,SAFE_FAIL_CLOSED_OUTSIDE_CERTIFIED_RESOLVENT_HALF_PLANE,False,True,,,,,,,NOT_APPLICABLE_OUTSIDE_CERTIFIED_RESOLVENT_HALF_PLANE,,,False,gauss_laguerre_64,,,NOT_APPLICABLE_OUTSIDE_CERTIFIED_RESOLVENT_HALF_PLANE,0.3695684220309199,fail_closed_outside_theorem_supported_half_plane_not_resolvent_nonexistence_claim
DRCET4C_CHERNOFF_REMIZOV_RESOLVENT_LANE,RC4C-MIXED-01,C2_mixed_sign_c,5,32,0.025776306519974798,0.027068914766801584,-0.0012926082468267854,-0.001,OUTSIDE_CERTIFIED_RESOLVENT_HALF_PLANE,SAFE_FAIL_CLOSED_OUTSIDE_CERTIFIED_RESOLVENT_HALF_PLANE,False,True,,,,,,,NOT_APPLICABLE_OUTSIDE_CERTIFIED_RESOLVENT_HALF_PLANE,,,False,gauss_laguerre_64,,,NOT_APPLICABLE_OUTSIDE_CERTIFIED_RESOLVENT_HALF_PLANE,0.3695684220309199,fail_closed_outside_theorem_supported_half_plane_not_resolvent_nonexistence_claim
DRCET4C_CHERNOFF_REMIZOV_RESOLVENT_LANE,RC4C-MIXED-01,C2_mixed_sign_c,5,64,0.025776306519974798,0.027068914766801584,-0.0012926082468267854,-0.001,OUTSIDE_CERTIFIED_RESOLVENT_HALF_PLANE,SAFE_FAIL_CLOSED_OUTSIDE_CERTIFIED_RESOLVENT_HALF_PLANE,False,True,,,,,,,NOT_APPLICABLE_OUTSIDE_CERTIFIED_RESOLVENT_HALF_PLANE,,,False,gauss_laguerre_64,,,NOT_APPLICABLE_OUTSIDE_CERTIFIED_RESOLVENT_HALF_PLANE,0.3695684220309199,fail_closed_outside_theorem_supported_half_plane_not_resolvent_nonexistence_claim
DRCET4C_CHERNOFF_REMIZOV_RESOLVENT_LANE,RC4C-MIXED-01,C2_mixed_sign_c,5,4,0.020605873532667664,0.027068914766801584,-0.00646304123413392,-0.005,OUTSIDE_CERTIFIED_RESOLVENT_HALF_PLANE,SAFE_FAIL_CLOSED_OUTSIDE_CERTIFIED_RESOLVENT_HALF_PLANE,False,True,,,,,,,NOT_APPLICABLE_OUTSIDE_CERTIFIED_RESOLVENT_HALF_PLANE,,,False,gauss_laguerre_64,,,NOT_APPLICABLE_OUTSIDE_CERTIFIED_RESOLVENT_HALF_PLANE,0.3695684220309199,fail_closed_outside_theorem_supported_half_plane_not_resolvent_nonexistence_claim
DRCET4C_CHERNOFF_REMIZOV_RESOLVENT_LANE,RC4C-MIXED-01,C2_mixed_sign_c,5,8,0.020605873532667664,0.027068914766801584,-0.00646304123413392,-0.005,OUTSIDE_CERTIFIED_RESOLVENT_HALF_PLANE,SAFE_FAIL_CLOSED_OUTSIDE_CERTIFIED_RESOLVENT_HALF_PLANE,False,True,,,,,,,NOT_APPLICABLE_OUTSIDE_CERTIFIED_RESOLVENT_HALF_PLANE,,,False,gauss_laguerre_64,,,NOT_APPLICABLE_OUTSIDE_CERTIFIED_RESOLVENT_HALF_PLANE,0.3695684220309199,fail_closed_outside_theorem_supported_half_plane_not_resolvent_nonexistence_claim
DRCET4C_CHERNOFF_REMIZOV_RESOLVENT_LANE,RC4C-MIXED-01,C2_mixed_sign_c,5,16,0.020605873532667664,0.027068914766801584,-0.00646304123413392,-0.005,OUTSIDE_CERTIFIED_RESOLVENT_HALF_PLANE,SAFE_FAIL_CLOSED_OUTSIDE_CERTIFIED_RESOLVENT_HALF_PLANE,False,True,,,,,,,NOT_APPLICABLE_OUTSIDE_CERTIFIED_RESOLVENT_HALF_PLANE,,,False,gauss_laguerre_64,,,NOT_APPLICABLE_OUTSIDE_CERTIFIED_RESOLVENT_HALF_PLANE,0.3695684220309199,fail_closed_outside_theorem_supported_half_plane_not_resolvent_nonexistence_claim
DRCET4C_CHERNOFF_REMIZOV_RESOLVENT_LANE,RC4C-MIXED-01,C2_mixed_sign_c,5,32,0.020605873532667664,0.027068914766801584,-0.00646304123413392,-0.005,OUTSIDE_CERTIFIED_RESOLVENT_HALF_PLANE,SAFE_FAIL_CLOSED_OUTSIDE_CERTIFIED_RESOLVENT_HALF_PLANE,False,True,,,,,,,NOT_APPLICABLE_OUTSIDE_CERTIFIED_RESOLVENT_HALF_PLANE,,,False,gauss_laguerre_64,,,NOT_APPLICABLE_OUTSIDE_CERTIFIED_RESOLVENT_HALF_PLANE,0.3695684220309199,fail_closed_outside_theorem_supported_half_plane_not_resolvent_nonexistence_claim
DRCET4C_CHERNOFF_REMIZOV_RESOLVENT_LANE,RC4C-MIXED-01,C2_mixed_sign_c,5,64,0.020605873532667664,0.027068914766801584,-0.00646304123413392,-0.005,OUTSIDE_CERTIFIED_RESOLVENT_HALF_PLANE,SAFE_FAIL_CLOSED_OUTSIDE_CERTIFIED_RESOLVENT_HALF_PLANE,False,True,,,,,,,NOT_APPLICABLE_OUTSIDE_CERTIFIED_RESOLVENT_HALF_PLANE,,,False,gauss_laguerre_64,,,NOT_APPLICABLE_OUTSIDE_CERTIFIED_RESOLVENT_HALF_PLANE,0.3695684220309199,fail_closed_outside_theorem_supported_half_plane_not_resolvent_nonexistence_claim
DRCET4C_CHERNOFF_REMIZOV_RESOLVENT_LANE,RC4C-ABC-01,C3_variable_coefficient_abc,6,4,0.7325758069148748,0.060981351361261,0.6715944555536137,0.5,INSIDE_CERTIFIED_RESOLVENT_HALF_PLANE,PASS_RESOLVENT_CONVERGENCE,True,True,4.175276167753376e-05,8.406274906044235,4.966856561818233e-06,8.406274901421595,1.0667299454285058e-12,0.0,NOT_APPLICABLE_FOR_GAUSS_LAGUERRE_INFINITE_INTERVAL,0.0,4.621571888235945e-09,True,gauss_laguerre_64,1.0180537866133144,1.0950509105812523,True,0.4532342557754394,bounded public-safe contract-surrogate resolvent lane; not production ARIN22 kernel validation
DRCET4C_CHERNOFF_REMIZOV_RESOLVENT_LANE,RC4C-ABC-01,C3_variable_coefficient_abc,6,8,0.7325758069148748,0.060981351361261,0.6715944555536137,0.5,INSIDE_CERTIFIED_RESOLVENT_HALF_PLANE,PASS_RESOLVENT_CONVERGENCE,True,True,1.045316499644629e-05,2.1015687302498924,4.973981981166673e-06,2.1015687253553987,1.0646989552318058e-12,0.0,NOT_APPLICABLE_FOR_GAUSS_LAGUERRE_INFINITE_INTERVAL,0.0,4.893429058132177e-09,True,gauss_laguerre_64,1.018053312013016,1.0950509105812523,True,0.4532342557754394,bounded public-safe contract-surrogate resolvent lane; not production ARIN22 kernel validation
DRCET4C_CHERNOFF_REMIZOV_RESOLVENT_LANE,RC4C-ABC-01,C3_variable_coefficient_abc,6,16,0.7325758069148748,0.060981351361261,0.6715944555536137,0.5,INSIDE_CERTIFIED_RESOLVENT_HALF_PLANE,PASS_RESOLVENT_CONVERGENCE,True,True,2.6142344432932928e-06,0.5253921867770581,4.975777160543505e-06,0.5253921813388497,1.065061437423108e-12,0.0,NOT_APPLICABLE_FOR_GAUSS_LAGUERRE_INFINITE_INTERVAL,0.0,5.4371433979246414e-09,True,gauss_laguerre_64,1.0180531933626626,1.0950509105812523,True,0.4532342557754394,bounded public-safe contract-surrogate resolvent lane; not production ARIN22 kernel validation
DRCET4C_CHERNOFF_REMIZOV_RESOLVENT_LANE,RC4C-ABC-01,C3_variable_coefficient_abc,6,32,0.7325758069148748,0.060981351361261,0.6715944555536137,0.5,INSIDE_CERTIFIED_RESOLVENT_HALF_PLANE,PASS_RESOLVENT_CONVERGENCE,True,True,6.536176978854403e-07,0.1313480518603551,4.9762268159130755e-06,0.13134804533471242,1.070582074068376e-12,0.0,NOT_APPLICABLE_FOR_GAUSS_LAGUERRE_INFINITE_INTERVAL,0.0,6.524572077509569e-09,True,gauss_laguerre_64,1.0180531637000594,1.0950509105812523,True,0.4532342557754394,bounded public-safe contract-surrogate resolvent lane; not production ARIN22 kernel validation
DRCET4C_CHERNOFF_REMIZOV_RESOLVENT_LANE,RC4C-ABC-01,C3_variable_coefficient_abc,6,64,0.7325758069148748,0.060981351361261,0.6715944555536137,0.5,INSIDE_CERTIFIED_RESOLVENT_HALF_PLANE,PASS_RESOLVENT_CONVERGENCE,True,True,1.6340813879240687e-07,0.03283702003417847,4.9763388584689855e-06,0.032837011333678105,1.0709310012764509e-12,0.0,NOT_APPLICABLE_FOR_GAUSS_LAGUERRE_INFINITE_INTERVAL,0.0,8.699429436679427e-09,True,gauss_laguerre_64,1.0180531562844164,1.0950509105812523,True,0.4532342557754394,bounded public-safe contract-surrogate resolvent lane; not production ARIN22 kernel validation
DRCET4C_CHERNOFF_REMIZOV_RESOLVENT_LANE,RC4C-ABC-01,C3_variable_coefficient_abc,6,4,0.19530024247198377,0.060981351361261,0.13431889111072276,0.1,INSIDE_CERTIFIED_RESOLVENT_HALF_PLANE,PASS_RESOLVENT_CONVERGENCE,True,True,0.003990316124606637,210.15687253896678,1.898732159647438e-05,210.1568725355398,1.619865383940535e-12,0.0,NOT_APPLICABLE_FOR_GAUSS_LAGUERRE_INFINITE_INTERVAL,0.0,3.4253584526249226e-09,True,gauss_laguerre_64,1.092827070802217,1.5746047357388848,True,0.4532342557754394,bounded public-safe contract-surrogate resolvent lane; not production ARIN22 kernel validation
DRCET4C_CHERNOFF_REMIZOV_RESOLVENT_LANE,RC4C-ABC-01,C3_variable_coefficient_abc,6,8,0.19530024247198377,0.060981351361261,0.13431889111072276,0.1,INSIDE_CERTIFIED_RESOLVENT_HALF_PLANE,PASS_RESOLVENT_CONVERGENCE,True,True,0.0010100518218649178,52.53921813751342,1.9224721221036456e-05,52.53921813388495,1.6233155531998644e-12,0.0,NOT_APPLICABLE_FOR_GAUSS_LAGUERRE_INFINITE_INTERVAL,0.0,3.6268501263087418e-09,True,gauss_laguerre_64,1.09276884209715,1.5746047357388848,True,0.4532342557754394,bounded public-safe contract-surrogate resolvent lane; not production ARIN22 kernel validation
DRCET4C_CHERNOFF_REMIZOV_RESOLVENT_LANE,RC4C-ABC-01,C3_variable_coefficient_abc,6,16,0.19530024247198377,0.060981351361261,0.13431889111072276,0.1,INSIDE_CERTIFIED_RESOLVENT_HALF_PLANE,PASS_RESOLVENT_CONVERGENCE,True,True,0.0002533651109575658,13.134804537502694,1.928959888471533e-05,13.134804533471238,1.6220941711833996e-12,0.0,NOT_APPLICABLE_FOR_GAUSS_LAGUERRE_INFINITE_INTERVAL,0.0,4.029833473676379e-09,True,gauss_laguerre_64,1.0927542855229928,1.5746047357388848,True,0.4532342557754394,bounded public-safe contract-surrogate resolvent lane; not production ARIN22 kernel validation
DRCET4C_CHERNOFF_REMIZOV_RESOLVENT_LANE,RC4C-ABC-01,C3_variable_coefficient_abc,6,32,0.19530024247198377,0.060981351361261,0.13431889111072276,0.1,INSIDE_CERTIFIED_RESOLVENT_HALF_PLANE,PASS_RESOLVENT_CONVERGENCE,True,True,6.339590396897033e-05,3.283701138205216,1.9306234429001918e-05,3.2837011333678094,1.6061368728514582e-12,0.0,NOT_APPLICABLE_FOR_GAUSS_LAGUERRE_INFINITE_INTERVAL,0.0,4.835800168411656e-09,True,gauss_laguerre_64,1.0927506464231882,1.5746047357388848,True,0.4532342557754394,bounded public-safe contract-surrogate resolvent lane; not production ARIN22 kernel validation
DRCET4C_CHERNOFF_REMIZOV_RESOLVENT_LANE,RC4C-ABC-01,C3_variable_coefficient_abc,6,64,0.19530024247198377,0.060981351361261,0.13431889111072276,0.1,INSIDE_CERTIFIED_RESOLVENT_HALF_PLANE,PASS_RESOLVENT_CONVERGENCE,True,True,1.5852412802709106e-05,0.8209252897912901,1.9310420813980992e-05,0.8209252833419524,1.604137506787309e-12,0.0,NOT_APPLICABLE_FOR_GAUSS_LAGUERRE_INFINITE_INTERVAL,0.0,6.447733557882208e-09,True,gauss_laguerre_64,1.0927497366510748,1.5746047357388848,True,0.4532342557754394,bounded public-safe contract-surrogate resolvent lane; not production ARIN22 kernel validation
DRCET4C_CHERNOFF_REMIZOV_RESOLVENT_LANE,RC4C-ABC-01,C3_variable_coefficient_abc,6,4,0.08784512958340555,0.060981351361261,0.02686377822214455,0.02,INSIDE_CERTIFIED_RESOLVENT_HALF_PLANE,PASS_RECOMPRESSED_NEAR_BOUNDARY,True,True,0.0608404738368639,5253.921813391685,1.1580011274965691e-05,5253.921813388496,3.1480238392230725e-12,0.0,NOT_APPLICABLE_FOR_GAUSS_LAGUERRE_INFINITE_INTERVAL,0.0,3.186115765502718e-09,True,gauss_laguerre_64,1.0999720898787497,1.6288118308578625,True,0.4532342557754394,bounded public-safe contract-surrogate resolvent lane; not production ARIN22 kernel validation
DRCET4C_CHERNOFF_REMIZOV_RESOLVENT_LANE,RC4C-ABC-01,C3_variable_coefficient_abc,6,8,0.08784512958340555,0.060981351361261,0.02686377822214455,0.02,INSIDE_CERTIFIED_RESOLVENT_HALF_PLANE,PASS_RECOMPRESSED_NEAR_BOUNDARY,True,True,0.015765883391626708,1313.4804533505007,1.2003135144805691e-05,1313.480453347124,3.172867285240952e-12,0.0,NOT_APPLICABLE_FOR_GAUSS_LAGUERRE_INFINITE_INTERVAL,0.0,3.373534339944054e-09,True,gauss_laguerre_64,1.0999001950147058,1.6288118308578625,True,0.4532342557754394,bounded public-safe contract-surrogate resolvent lane; not production ARIN22 kernel validation
DRCET4C_CHERNOFF_REMIZOV_RESOLVENT_LANE,RC4C-ABC-01,C3_variable_coefficient_abc,6,16,0.08784512958340555,0.060981351361261,0.02686377822214455,0.02,INSIDE_CERTIFIED_RESOLVENT_HALF_PLANE,PASS_RECOMPRESSED_NEAR_BOUNDARY,True,True,0.003989654747688052,328.37011334053255,1.2149871701480411e-05,328.370113336781,3.1920360358173284e-12,0.0,NOT_APPLICABLE_FOR_GAUSS_LAGUERRE_INFINITE_INTERVAL,0.0,3.748371488826727e-09,True,gauss_laguerre_64,1.0998822223976703,1.6288118308578625,True,0.4532342557754394,bounded public-safe contract-surrogate resolvent lane; not production ARIN22 kernel validation
DRCET4C_CHERNOFF_REMIZOV_RESOLVENT_LANE,RC4C-ABC-01,C3_variable_coefficient_abc,6,32,0.08784512958340555,0.060981351361261,0.02686377822214455,0.02,INSIDE_CERTIFIED_RESOLVENT_HALF_PLANE,PASS_RECOMPRESSED_NEAR_BOUNDARY,True,True,0.0010008131685028206,82.09252833869647,1.2191282066178744e-05,82.09252833419525,3.1693891991157165e-12,0.0,NOT_APPLICABLE_FOR_GAUSS_LAGUERRE_INFINITE_INTERVAL,0.0,4.498045786592072e-09,True,gauss_laguerre_64,1.0998777293219897,1.6288118308578625,True,0.4532342557754394,bounded public-safe contract-surrogate resolvent lane; not production ARIN22 kernel validation
DRCET4C_CHERNOFF_REMIZOV_RESOLVENT_LANE,RC4C-ABC-01,C3_variable_coefficient_abc,6,64,0.08784512958340555,0.060981351361261,0.02686377822214455,0.02,INSIDE_CERTIFIED_RESOLVENT_HALF_PLANE,PASS_RECOMPRESSED_NEAR_BOUNDARY,True,True,0.00025042348653916616,20.523132089549396,1.2202011147542365e-05,20.523132083548813,3.1914520594081694e-12,0.0,NOT_APPLICABLE_FOR_GAUSS_LAGUERRE_INFINITE_INTERVAL,0.0,5.997394382122763e-09,True,gauss_laguerre_64,1.0998766060581413,1.6288118308578625,True,0.4532342557754394,bounded public-safe contract-surrogate resolvent lane; not production ARIN22 kernel validation
DRCET4C_CHERNOFF_REMIZOV_RESOLVENT_LANE,RC4C-ABC-01,C3_variable_coefficient_abc,6,4,0.07441324047233328,0.060981351361261,0.013431889111072272,0.01,INSIDE_CERTIFIED_RESOLVENT_HALF_PLANE,PASS_RECOMPRESSED_NEAR_BOUNDARY,True,True,0.10929663407084149,21015.687253557157,5.20071662430843e-06,21015.687253553995,3.779192591613431e-12,0.0,NOT_APPLICABLE_FOR_GAUSS_LAGUERRE_INFINITE_INTERVAL,0.0,3.156210429612442e-09,True,gauss_laguerre_64,1.0999720898787497,1.6288118308578625,True,0.4532342557754394,bounded public-safe contract-surrogate resolvent lane; not production ARIN22 kernel validation
DRCET4C_CHERNOFF_REMIZOV_RESOLVENT_LANE,RC4C-ABC-01,C3_variable_coefficient_abc,6,8,0.07441324047233328,0.060981351361261,0.013431889111072272,0.01,INSIDE_CERTIFIED_RESOLVENT_HALF_PLANE,PASS_RECOMPRESSED_NEAR_BOUNDARY,True,True,0.02847788039834595,5253.921813391844,5.4203091347415976e-06,5253.921813388499,3.832698416845444e-12,0.0,NOT_APPLICABLE_FOR_GAUSS_LAGUERRE_INFINITE_INTERVAL,0.0,3.3418698666484683e-09,True,gauss_laguerre_64,1.0999001950147058,1.6288118308578625,True,0.4532342557754394,bounded public-safe contract-surrogate resolvent lane; not production ARIN22 kernel validation
DRCET4C_CHERNOFF_REMIZOV_RESOLVENT_LANE,RC4C-ABC-01,C3_variable_coefficient_abc,6,16,0.07441324047233328,0.060981351361261,0.013431889111072272,0.01,INSIDE_CERTIFIED_RESOLVENT_HALF_PLANE,PASS_RECOMPRESSED_NEAR_BOUNDARY,True,True,0.007228942937819066,1313.4804533508418,5.503654751296214e-06,1313.4804533471247,3.834102045676201e-12,0.0,NOT_APPLICABLE_FOR_GAUSS_LAGUERRE_INFINITE_INTERVAL,0.0,3.71318874072052e-09,True,gauss_laguerre_64,1.0998822223976703,1.6288118308578625,True,0.4532342557754394,bounded public-safe contract-surrogate resolvent lane; not production ARIN22 kernel validation
DRCET4C_CHERNOFF_REMIZOV_RESOLVENT_LANE,RC4C-ABC-01,C3_variable_coefficient_abc,6,32,0.07441324047233328,0.060981351361261,0.013431889111072272,0.01,INSIDE_CERTIFIED_RESOLVENT_HALF_PLANE,PASS_RECOMPRESSED_NEAR_BOUNDARY,True,True,0.0018153186432954614,328.3701133412407,5.528269990298997e-06,328.3701133367812,3.709160391941148e-12,0.0,NOT_APPLICABLE_FOR_GAUSS_LAGUERRE_INFINITE_INTERVAL,0.0,4.455826488864624e-09,True,gauss_laguerre_64,1.0998777293219897,1.6288118308578625,True,0.4532342557754394,bounded public-safe contract-surrogate resolvent lane; not production ARIN22 kernel validation
DRCET4C_CHERNOFF_REMIZOV_RESOLVENT_LANE,RC4C-ABC-01,C3_variable_coefficient_abc,6,64,0.07441324047233328,0.060981351361261,0.013431889111072272,0.01,INSIDE_CERTIFIED_RESOLVENT_HALF_PLANE,PASS_RECOMPRESSED_NEAR_BOUNDARY,True,True,0.0004543615615850677,82.0925283401401,5.5347492734354275e-06,82.0925283341953,3.708745133444825e-12,0.0,NOT_APPLICABLE_FOR_GAUSS_LAGUERRE_INFINITE_INTERVAL,0.0,5.941101985152832e-09,True,gauss_laguerre_64,1.0998766060581413,1.6288118308578625,True,0.4532342557754394,bounded public-safe contract-surrogate resolvent lane; not production ARIN22 kernel validation
DRCET4C_CHERNOFF_REMIZOV_RESOLVENT_LANE,RC4C-ABC-01,C3_variable_coefficient_abc,6,4,0.06769729591679714,0.060981351361261,0.006715944555536139,0.005,INSIDE_CERTIFIED_RESOLVENT_HALF_PLANE,PASS_RECOMPRESSED_NEAR_BOUNDARY,True,True,0.15372039039407373,84062.74901421904,1.8286386324110368e-06,84062.7490142159,4.262749869336526e-12,0.0,NOT_APPLICABLE_FOR_GAUSS_LAGUERRE_INFINITE_INTERVAL,0.0,3.141257761667305e-09,True,gauss_laguerre_64,1.0999720898787497,1.6288118308578625,True,0.4532342557754394,bounded public-safe contract-surrogate resolvent lane; not production ARIN22 kernel validation
DRCET4C_CHERNOFF_REMIZOV_RESOLVENT_LANE,RC4C-ABC-01,C3_variable_coefficient_abc,6,8,0.06769729591679714,0.060981351361261,0.006715944555536139,0.005,INSIDE_CERTIFIED_RESOLVENT_HALF_PLANE,PASS_RECOMPRESSED_NEAR_BOUNDARY,True,True,0.04014495960583027,21015.687253557302,1.9102377724542402e-06,21015.687253553973,4.2929493700202906e-12,0.0,NOT_APPLICABLE_FOR_GAUSS_LAGUERRE_INFINITE_INTERVAL,0.0,3.3260376300006756e-09,True,gauss_laguerre_64,1.0999001950147058,1.6288118308578625,True,0.4532342557754394,bounded public-safe contract-surrogate resolvent lane; not production ARIN22 kernel validation
DRCET4C_CHERNOFF_REMIZOV_RESOLVENT_LANE,RC4C-ABC-01,C3_variable_coefficient_abc,6,16,0.06769729591679714,0.060981351361261,0.006715944555536139,0.005,INSIDE_CERTIFIED_RESOLVENT_HALF_PLANE,PASS_RECOMPRESSED_NEAR_BOUNDARY,True,True,0.01020938112320644,5253.921813392193,1.9431924352552852e-06,5253.921813388493,4.282363420263507e-12,0.0,NOT_APPLICABLE_FOR_GAUSS_LAGUERRE_INFINITE_INTERVAL,0.0,3.695597366667417e-09,True,gauss_laguerre_64,1.0998822223976703,1.6288118308578625,True,0.4532342557754394,bounded public-safe contract-surrogate resolvent lane; not production ARIN22 kernel validation
DRCET4C_CHERNOFF_REMIZOV_RESOLVENT_LANE,RC4C-ABC-01,C3_variable_coefficient_abc,6,32,0.06769729591679714,0.060981351361261,0.006715944555536139,0.005,INSIDE_CERTIFIED_RESOLVENT_HALF_PLANE,PASS_RECOMPRESSED_NEAR_BOUNDARY,True,True,0.002565561955806784,1313.4804533515623,1.9532547661903372e-06,1313.4804533471233,4.2500424204257665e-12,0.0,NOT_APPLICABLE_FOR_GAUSS_LAGUERRE_INFINITE_INTERVAL,0.0,4.4347168400009005e-09,True,gauss_laguerre_64,1.0998777293219897,1.6288118308578625,True,0.4532342557754394,bounded public-safe contract-surrogate resolvent lane; not production ARIN22 kernel validation
DRCET4C_CHERNOFF_REMIZOV_RESOLVENT_LANE,RC4C-ABC-01,C3_variable_coefficient_abc,6,64,0.06769729591679714,0.060981351361261,0.006715944555536139,0.005,INSIDE_CERTIFIED_RESOLVENT_HALF_PLANE,PASS_RECOMPRESSED_NEAR_BOUNDARY,True,True,0.0006422709273429164,328.37011334269806,1.9559360040559507e-06,328.37011333678083,4.270526334949066e-12,0.0,NOT_APPLICABLE_FOR_GAUSS_LAGUERRE_INFINITE_INTERVAL,0.0,5.912955786667867e-09,True,gauss_laguerre_64,1.0998766060581413,1.6288118308578625,True,0.4532342557754394,bounded public-safe contract-surrogate resolvent lane; not production ARIN22 kernel validation
DRCET4C_CHERNOFF_REMIZOV_RESOLVENT_LANE,RC4C-ABC-01,C3_variable_coefficient_abc,6,4,0.06232454027236823,0.060981351361261,0.0013431889111072265,0.001,INSIDE_CERTIFIED_RESOLVENT_HALF_PLANE,PASS_RECOMPRESSED_NEAR_BOUNDARY,True,True,0.20832153865833108,2101568.725355405,9.91266838647406e-08,2101568.7253554016,4.745870346369858e-12,0.0,NOT_APPLICABLE_FOR_GAUSS_LAGUERRE_INFINITE_INTERVAL,0.0,3.129295627311194e-09,True,gauss_laguerre_64,1.0999720898787497,1.6288118308578625,True,0.4532342557754394,bounded public-safe contract-surrogate resolvent lane; not production ARIN22 kernel validation
DRCET4C_CHERNOFF_REMIZOV_RESOLVENT_LANE,RC4C-ABC-01,C3_variable_coefficient_abc,6,8,0.06232454027236823,0.060981351361261,0.0013431889111072265,0.001,INSIDE_CERTIFIED_RESOLVENT_HALF_PLANE,PASS_RECOMPRESSED_NEAR_BOUNDARY,True,True,0.054461686205621605,525392.1813388537,1.0365911054640598e-07,525392.1813388504,4.746401007737339e-12,0.0,NOT_APPLICABLE_FOR_GAUSS_LAGUERRE_INFINITE_INTERVAL,0.0,3.313371840682441e-09,True,gauss_laguerre_64,1.0999001950147058,1.6288118308578625,True,0.4532342557754394,bounded public-safe contract-surrogate resolvent lane; not production ARIN22 kernel validation
DRCET4C_CHERNOFF_REMIZOV_RESOLVENT_LANE,RC4C-ABC-01,C3_variable_coefficient_abc,6,16,0.06232454027236823,0.060981351361261,0.0013431889111072265,0.001,INSIDE_CERTIFIED_RESOLVENT_HALF_PLANE,PASS_RECOMPRESSED_NEAR_BOUNDARY,True,True,0.013871592547602877,131348.04533471627,1.0560943265089086e-07,131348.0453347126,4.682245908145124e-12,0.0,NOT_APPLICABLE_FOR_GAUSS_LAGUERRE_INFINITE_INTERVAL,0.0,3.6815242674249343e-09,True,gauss_laguerre_64,1.0998822223976703,1.6288118308578625,True,0.4532342557754394,bounded public-safe contract-surrogate resolvent lane; not production ARIN22 kernel validation
DRCET4C_CHERNOFF_REMIZOV_RESOLVENT_LANE,RC4C-ABC-01,C3_variable_coefficient_abc,6,32,0.06232454027236823,0.060981351361261,0.0013431889111072265,0.001,INSIDE_CERTIFIED_RESOLVENT_HALF_PLANE,PASS_RECOMPRESSED_NEAR_BOUNDARY,True,True,0.0034881482661481018,32837.011333682574,1.0622611877500961e-07,32837.01133367815,4.715646835628448e-12,0.0,NOT_APPLICABLE_FOR_GAUSS_LAGUERRE_INFINITE_INTERVAL,0.0,4.417829120909921e-09,True,gauss_laguerre_64,1.0998777293219897,1.6288118308578625,True,0.4532342557754394,bounded public-safe contract-surrogate resolvent lane; not production ARIN22 kernel validation
DRCET4C_CHERNOFF_REMIZOV_RESOLVENT_LANE,RC4C-ABC-01,C3_variable_coefficient_abc,6,64,0.06232454027236823,0.060981351361261,0.0013431889111072265,0.001,INSIDE_CERTIFIED_RESOLVENT_HALF_PLANE,PASS_RECOMPRESSED_NEAR_BOUNDARY,True,True,0.0008734041321513643,8209.252833425431,1.063926461851856e-07,8209.252833419538,4.534034587860804e-12,0.0,NOT_APPLICABLE_FOR_GAUSS_LAGUERRE_INFINITE_INTERVAL,0.0,5.890438827879895e-09,True,gauss_laguerre_64,1.0998766060581413,1.6288118308578625,True,0.4532342557754394,bounded public-safe contract-surrogate resolvent lane; not production ARIN22 kernel validation
DRCET4C_CHERNOFF_REMIZOV_RESOLVENT_LANE,RC4C-ABC-01,C3_variable_coefficient_abc,6,4,0.061115670252371725,0.060981351361261,0.00013431889111072126,0.0001,INSIDE_CERTIFIED_RESOLVENT_HALF_PLANE,PASS_RECOMPRESSED_NEAR_BOUNDARY,True,True,0.22408429084980136,210156872.5355445,1.0662715339556704e-09,210156872.5355445,4.854542181662412e-12,0.0,NOT_APPLICABLE_FOR_GAUSS_LAGUERRE_INFINITE_INTERVAL,0.0,3.1266041470810695e-09,True,gauss_laguerre_64,1.0999720898787497,1.6288118308578625,True,0.4532342557754394,bounded public-safe contract-surrogate resolvent lane; not production ARIN22 kernel validation
DRCET4C_CHERNOFF_REMIZOV_RESOLVENT_LANE,RC4C-ABC-01,C3_variable_coefficient_abc,6,8,0.061115670252371725,0.060981351361261,0.00013431889111072126,0.0001,INSIDE_CERTIFIED_RESOLVENT_HALF_PLANE,PASS_RECOMPRESSED_NEAR_BOUNDARY,True,True,0.05858644722275496,52539218.13388613,1.1150993353852094e-09,52539218.13388613,4.862067867686115e-12,0.0,NOT_APPLICABLE_FOR_GAUSS_LAGUERRE_INFINITE_INTERVAL,0.0,3.310522038085838e-09,True,gauss_laguerre_64,1.0999001950147058,1.6288118308578625,True,0.4532342557754394,bounded public-safe contract-surrogate resolvent lane; not production ARIN22 kernel validation
DRCET4C_CHERNOFF_REMIZOV_RESOLVENT_LANE,RC4C-ABC-01,C3_variable_coefficient_abc,6,16,0.061115670252371725,0.060981351361261,0.00013431889111072126,0.0001,INSIDE_CERTIFIED_RESOLVENT_HALF_PLANE,PASS_RECOMPRESSED_NEAR_BOUNDARY,True,True,0.014927226975884606,13134804.533471536,1.1364635794804121e-09,13134804.533471532,4.884430320388884e-12,0.0,NOT_APPLICABLE_FOR_GAUSS_LAGUERRE_INFINITE_INTERVAL,0.0,3.6783578200953755e-09,True,gauss_laguerre_64,1.0998822223976703,1.6288118308578625,True,0.4532342557754394,bounded public-safe contract-surrogate resolvent lane; not production ARIN22 kernel validation
DRCET4C_CHERNOFF_REMIZOV_RESOLVENT_LANE,RC4C-ABC-01,C3_variable_coefficient_abc,6,32,0.061115670252371725,0.060981351361261,0.00013431889111072126,0.0001,INSIDE_CERTIFIED_RESOLVENT_HALF_PLANE,PASS_RECOMPRESSED_NEAR_BOUNDARY,True,True,0.00375419523690736,3283701.133367887,1.1432816460543461e-09,3283701.133367883,4.905896562830675e-12,0.0,NOT_APPLICABLE_FOR_GAUSS_LAGUERRE_INFINITE_INTERVAL,0.0,4.4140293841144506e-09,True,gauss_laguerre_64,1.0998777293219897,1.6288118308578625,True,0.4532342557754394,bounded public-safe contract-surrogate resolvent lane; not production ARIN22 kernel validation
DRCET4C_CHERNOFF_REMIZOV_RESOLVENT_LANE,RC4C-ABC-01,C3_variable_coefficient_abc,6,64,0.061115670252371725,0.060981351361261,0.00013431889111072126,0.0001,INSIDE_CERTIFIED_RESOLVENT_HALF_PLANE,PASS_RECOMPRESSED_NEAR_BOUNDARY,True,True,0.0009400656716268769,820925.2833419767,1.1451293932620533e-09,820925.2833419708,5.375335025865673e-12,0.0,NOT_APPLICABLE_FOR_GAUSS_LAGUERRE_INFINITE_INTERVAL,0.0,5.885372512152601e-09,True,gauss_laguerre_64,1.0998766060581413,1.6288118308578625,True,0.4532342557754394,bounded public-safe contract-surrogate resolvent lane; not production ARIN22 kernel validation
DRCET4C_CHERNOFF_REMIZOV_RESOLVENT_LANE,RC4C-ABC-01,C3_variable_coefficient_abc,6,4,0.06098269455017211,0.060981351361261,1.3431889111098494e-06,1e-06,INSIDE_CERTIFIED_RESOLVENT_HALF_PLANE,PASS_RECOMPRESSED_NEAR_BOUNDARY,True,True,0.2259148447314015,2101568725347.194,1.0749819504193409e-13,2101568725347.194,4.851202259448598e-12,0.0,NOT_APPLICABLE_FOR_GAUSS_LAGUERRE_INFINITE_INTERVAL,0.0,3.126308084255756e-09,True,gauss_laguerre_64,1.0999720898787497,1.6288118308578625,True,0.4532342557754394,bounded public-safe contract-surrogate resolvent lane; not production ARIN22 kernel validation
DRCET4C_CHERNOFF_REMIZOV_RESOLVENT_LANE,RC4C-ABC-01,C3_variable_coefficient_abc,6,8,0.06098269455017211,0.060981351361261,1.3431889111098494e-06,1e-06,INSIDE_CERTIFIED_RESOLVENT_HALF_PLANE,PASS_RECOMPRESSED_NEAR_BOUNDARY,True,True,0.05906517563060271,525392181336.7985,1.1242111650827832e-13,525392181336.7985,4.881477999500596e-12,0.0,NOT_APPLICABLE_FOR_GAUSS_LAGUERRE_INFINITE_INTERVAL,0.0,3.310208559800212e-09,True,gauss_laguerre_64,1.0999001950147058,1.6288118308578625,True,0.4532342557754394,bounded public-safe contract-surrogate resolvent lane; not production ARIN22 kernel validation
DRCET4C_CHERNOFF_REMIZOV_RESOLVENT_LANE,RC4C-ABC-01,C3_variable_coefficient_abc,6,16,0.06098269455017211,0.060981351361261,1.3431889111098494e-06,1e-06,INSIDE_CERTIFIED_RESOLVENT_HALF_PLANE,PASS_RECOMPRESSED_NEAR_BOUNDARY,True,True,0.015049754618903009,131348045334.19963,1.1457920504725197e-13,131348045334.19963,4.9041902786955175e-12,0.0,NOT_APPLICABLE_FOR_GAUSS_LAGUERRE_INFINITE_INTERVAL,0.0,3.6780095108891243e-09,True,gauss_laguerre_64,1.0998822223976703,1.6288118308578625,True,0.4532342557754394,bounded public-safe contract-surrogate resolvent lane; not production ARIN22 kernel validation
DRCET4C_CHERNOFF_REMIZOV_RESOLVENT_LANE,RC4C-ABC-01,C3_variable_coefficient_abc,6,32,0.06098269455017211,0.060981351361261,1.3431889111098494e-06,1e-06,INSIDE_CERTIFIED_RESOLVENT_HALF_PLANE,PASS_RECOMPRESSED_NEAR_BOUNDARY,True,True,0.0037850780263783833,32837011333.549908,1.1526865182493423e-13,32837011333.549908,4.833193669480385e-12,0.0,NOT_APPLICABLE_FOR_GAUSS_LAGUERRE_INFINITE_INTERVAL,0.0,4.41361141306695e-09,True,gauss_laguerre_64,1.0998777293219897,1.6288118308578625,True,0.4532342557754394,bounded public-safe contract-surrogate resolvent lane; not production ARIN22 kernel validation
DRCET4C_CHERNOFF_REMIZOV_RESOLVENT_LANE,RC4C-ABC-01,C3_variable_coefficient_abc,6,64,0.06098269455017211,0.060981351361261,1.3431889111098494e-06,1e-06,INSIDE_CERTIFIED_RESOLVENT_HALF_PLANE,PASS_RECOMPRESSED_NEAR_BOUNDARY,True,True,0.0009478039970376135,8209252833.387477,1.1545557388400114e-13,8209252833.387477,4.8712696871040704e-12,0.0,NOT_APPLICABLE_FOR_GAUSS_LAGUERRE_INFINITE_INTERVAL,0.0,5.884815217422599e-09,True,gauss_laguerre_64,1.0998766060581413,1.6288118308578625,True,0.4532342557754394,bounded public-safe contract-surrogate resolvent lane; not production ARIN22 kernel validation
DRCET4C_CHERNOFF_REMIZOV_RESOLVENT_LANE,RC4C-ABC-01,C3_variable_coefficient_abc,6,4,0.06098135270444992,0.060981351361261,1.3431889142601072e-09,1e-09,INSIDE_CERTIFIED_RESOLVENT_HALF_PLANE,PASS_RECOMPRESSED_NEAR_BOUNDARY,True,True,0.2259334189006217,2.1015687154893353e+18,1.0750703378643259e-19,2.1015687154893353e+18,4.874760377968966e-12,0.0,NOT_APPLICABLE_FOR_GAUSS_LAGUERRE_INFINITE_INTERVAL,0.0,3.1263050967127e-09,True,gauss_laguerre_64,1.0999720898787497,1.6288118308578625,True,0.4532342557754394,bounded public-safe contract-surrogate resolvent lane; not production ARIN22 kernel validation
DRCET4C_CHERNOFF_REMIZOV_RESOLVENT_LANE,RC4C-ABC-01,C3_variable_coefficient_abc,6,8,0.06098135270444992,0.060981351361261,1.3431889142601072e-09,1e-09,INSIDE_CERTIFIED_RESOLVENT_HALF_PLANE,PASS_RECOMPRESSED_NEAR_BOUNDARY,True,True,0.059070032851802665,5.253921788723338e+17,1.1243036197947708e-19,5.253921788723338e+17,4.8805722686505674e-12,0.0,NOT_APPLICABLE_FOR_GAUSS_LAGUERRE_INFINITE_INTERVAL,0.0,3.3102053965193295e-09,True,gauss_laguerre_64,1.0999001950147058,1.6288118308578625,True,0.4532342557754394,bounded public-safe contract-surrogate resolvent lane; not production ARIN22 kernel validation
DRCET4C_CHERNOFF_REMIZOV_RESOLVENT_LANE,RC4C-ABC-01,C3_variable_coefficient_abc,6,16,0.06098135270444992,0.060981351361261,1.3431889142601072e-09,1e-09,INSIDE_CERTIFIED_RESOLVENT_HALF_PLANE,PASS_RECOMPRESSED_NEAR_BOUNDARY,True,True,0.015050997802930791,1.3134804471808346e+17,1.1458867039273582e-19,1.3134804471808346e+17,4.888752360614911e-12,0.0,NOT_APPLICABLE_FOR_GAUSS_LAGUERRE_INFINITE_INTERVAL,0.0,3.6780059961325884e-09,True,gauss_laguerre_64,1.0998822223976703,1.6288118308578625,True,0.4532342557754394,bounded public-safe contract-surrogate resolvent lane; not production ARIN22 kernel validation
DRCET4C_CHERNOFF_REMIZOV_RESOLVENT_LANE,RC4C-ABC-01,C3_variable_coefficient_abc,6,32,0.06098135270444992,0.060981351361261,1.3431889142601072e-09,1e-09,INSIDE_CERTIFIED_RESOLVENT_HALF_PLANE,PASS_RECOMPRESSED_NEAR_BOUNDARY,True,True,0.003785391370536177,3.2837011179520864e+16,1.1527819477361492e-19,3.2837011179520864e+16,4.959703503443604e-12,0.0,NOT_APPLICABLE_FOR_GAUSS_LAGUERRE_INFINITE_INTERVAL,0.0,4.413607195359106e-09,True,gauss_laguerre_64,1.0998777293219897,1.6288118308578625,True,0.4532342557754394,bounded public-safe contract-surrogate resolvent lane; not production ARIN22 kernel validation
DRCET4C_CHERNOFF_REMIZOV_RESOLVENT_LANE,RC4C-ABC-01,C3_variable_coefficient_abc,6,64,0.06098135270444992,0.060981351361261,1.3431889142601072e-09,1e-09,INSIDE_CERTIFIED_RESOLVENT_HALF_PLANE,PASS_RECOMPRESSED_NEAR_BOUNDARY,True,True,0.0009478825123041411,8209252794880216.0,1.1546513866588414e-19,8209252794880216.0,4.751957067038732e-12,0.0,NOT_APPLICABLE_FOR_GAUSS_LAGUERRE_INFINITE_INTERVAL,0.0,5.884809593812141e-09,True,gauss_laguerre_64,1.0998766060581413,1.6288118308578625,True,0.4532342557754394,bounded public-safe contract-surrogate resolvent lane; not production ARIN22 kernel validation
DRCET4C_CHERNOFF_REMIZOV_RESOLVENT_LANE,RC4C-ABC-01,C3_variable_coefficient_abc,6,4,0.060981351361261,0.060981351361261,0.0,0.0,OUTSIDE_CERTIFIED_RESOLVENT_HALF_PLANE,SAFE_FAIL_CLOSED_OUTSIDE_CERTIFIED_RESOLVENT_HALF_PLANE,False,True,,,,,,,NOT_APPLICABLE_OUTSIDE_CERTIFIED_RESOLVENT_HALF_PLANE,,,False,gauss_laguerre_64,,,NOT_APPLICABLE_OUTSIDE_CERTIFIED_RESOLVENT_HALF_PLANE,0.4532342557754394,fail_closed_outside_theorem_supported_half_plane_not_resolvent_nonexistence_claim
DRCET4C_CHERNOFF_REMIZOV_RESOLVENT_LANE,RC4C-ABC-01,C3_variable_coefficient_abc,6,8,0.060981351361261,0.060981351361261,0.0,0.0,OUTSIDE_CERTIFIED_RESOLVENT_HALF_PLANE,SAFE_FAIL_CLOSED_OUTSIDE_CERTIFIED_RESOLVENT_HALF_PLANE,False,True,,,,,,,NOT_APPLICABLE_OUTSIDE_CERTIFIED_RESOLVENT_HALF_PLANE,,,False,gauss_laguerre_64,,,NOT_APPLICABLE_OUTSIDE_CERTIFIED_RESOLVENT_HALF_PLANE,0.4532342557754394,fail_closed_outside_theorem_supported_half_plane_not_resolvent_nonexistence_claim
DRCET4C_CHERNOFF_REMIZOV_RESOLVENT_LANE,RC4C-ABC-01,C3_variable_coefficient_abc,6,16,0.060981351361261,0.060981351361261,0.0,0.0,OUTSIDE_CERTIFIED_RESOLVENT_HALF_PLANE,SAFE_FAIL_CLOSED_OUTSIDE_CERTIFIED_RESOLVENT_HALF_PLANE,False,True,,,,,,,NOT_APPLICABLE_OUTSIDE_CERTIFIED_RESOLVENT_HALF_PLANE,,,False,gauss_laguerre_64,,,NOT_APPLICABLE_OUTSIDE_CERTIFIED_RESOLVENT_HALF_PLANE,0.4532342557754394,fail_closed_outside_theorem_supported_half_plane_not_resolvent_nonexistence_claim
DRCET4C_CHERNOFF_REMIZOV_RESOLVENT_LANE,RC4C-ABC-01,C3_variable_coefficient_abc,6,32,0.060981351361261,0.060981351361261,0.0,0.0,OUTSIDE_CERTIFIED_RESOLVENT_HALF_PLANE,SAFE_FAIL_CLOSED_OUTSIDE_CERTIFIED_RESOLVENT_HALF_PLANE,False,True,,,,,,,NOT_APPLICABLE_OUTSIDE_CERTIFIED_RESOLVENT_HALF_PLANE,,,False,gauss_laguerre_64,,,NOT_APPLICABLE_OUTSIDE_CERTIFIED_RESOLVENT_HALF_PLANE,0.4532342557754394,fail_closed_outside_theorem_supported_half_plane_not_resolvent_nonexistence_claim
DRCET4C_CHERNOFF_REMIZOV_RESOLVENT_LANE,RC4C-ABC-01,C3_variable_coefficient_abc,6,64,0.060981351361261,0.060981351361261,0.0,0.0,OUTSIDE_CERTIFIED_RESOLVENT_HALF_PLANE,SAFE_FAIL_CLOSED_OUTSIDE_CERTIFIED_RESOLVENT_HALF_PLANE,False,True,,,,,,,NOT_APPLICABLE_OUTSIDE_CERTIFIED_RESOLVENT_HALF_PLANE,,,False,gauss_laguerre_64,,,NOT_APPLICABLE_OUTSIDE_CERTIFIED_RESOLVENT_HALF_PLANE,0.4532342557754394,fail_closed_outside_theorem_supported_half_plane_not_resolvent_nonexistence_claim
DRCET4C_CHERNOFF_REMIZOV_RESOLVENT_LANE,RC4C-ABC-01,C3_variable_coefficient_abc,6,4,0.06098135001807209,0.060981351361261,-1.3431889142601072e-09,-1e-09,OUTSIDE_CERTIFIED_RESOLVENT_HALF_PLANE,SAFE_FAIL_CLOSED_OUTSIDE_CERTIFIED_RESOLVENT_HALF_PLANE,False,True,,,,,,,NOT_APPLICABLE_OUTSIDE_CERTIFIED_RESOLVENT_HALF_PLANE,,,False,gauss_laguerre_64,,,NOT_APPLICABLE_OUTSIDE_CERTIFIED_RESOLVENT_HALF_PLANE,0.4532342557754394,fail_closed_outside_theorem_supported_half_plane_not_resolvent_nonexistence_claim
DRCET4C_CHERNOFF_REMIZOV_RESOLVENT_LANE,RC4C-ABC-01,C3_variable_coefficient_abc,6,8,0.06098135001807209,0.060981351361261,-1.3431889142601072e-09,-1e-09,OUTSIDE_CERTIFIED_RESOLVENT_HALF_PLANE,SAFE_FAIL_CLOSED_OUTSIDE_CERTIFIED_RESOLVENT_HALF_PLANE,False,True,,,,,,,NOT_APPLICABLE_OUTSIDE_CERTIFIED_RESOLVENT_HALF_PLANE,,,False,gauss_laguerre_64,,,NOT_APPLICABLE_OUTSIDE_CERTIFIED_RESOLVENT_HALF_PLANE,0.4532342557754394,fail_closed_outside_theorem_supported_half_plane_not_resolvent_nonexistence_claim
DRCET4C_CHERNOFF_REMIZOV_RESOLVENT_LANE,RC4C-ABC-01,C3_variable_coefficient_abc,6,16,0.06098135001807209,0.060981351361261,-1.3431889142601072e-09,-1e-09,OUTSIDE_CERTIFIED_RESOLVENT_HALF_PLANE,SAFE_FAIL_CLOSED_OUTSIDE_CERTIFIED_RESOLVENT_HALF_PLANE,False,True,,,,,,,NOT_APPLICABLE_OUTSIDE_CERTIFIED_RESOLVENT_HALF_PLANE,,,False,gauss_laguerre_64,,,NOT_APPLICABLE_OUTSIDE_CERTIFIED_RESOLVENT_HALF_PLANE,0.4532342557754394,fail_closed_outside_theorem_supported_half_plane_not_resolvent_nonexistence_claim
DRCET4C_CHERNOFF_REMIZOV_RESOLVENT_LANE,RC4C-ABC-01,C3_variable_coefficient_abc,6,32,0.06098135001807209,0.060981351361261,-1.3431889142601072e-09,-1e-09,OUTSIDE_CERTIFIED_RESOLVENT_HALF_PLANE,SAFE_FAIL_CLOSED_OUTSIDE_CERTIFIED_RESOLVENT_HALF_PLANE,False,True,,,,,,,NOT_APPLICABLE_OUTSIDE_CERTIFIED_RESOLVENT_HALF_PLANE,,,False,gauss_laguerre_64,,,NOT_APPLICABLE_OUTSIDE_CERTIFIED_RESOLVENT_HALF_PLANE,0.4532342557754394,fail_closed_outside_theorem_supported_half_plane_not_resolvent_nonexistence_claim
DRCET4C_CHERNOFF_REMIZOV_RESOLVENT_LANE,RC4C-ABC-01,C3_variable_coefficient_abc,6,64,0.06098135001807209,0.060981351361261,-1.3431889142601072e-09,-1e-09,OUTSIDE_CERTIFIED_RESOLVENT_HALF_PLANE,SAFE_FAIL_CLOSED_OUTSIDE_CERTIFIED_RESOLVENT_HALF_PLANE,False,True,,,,,,,NOT_APPLICABLE_OUTSIDE_CERTIFIED_RESOLVENT_HALF_PLANE,,,False,gauss_laguerre_64,,,NOT_APPLICABLE_OUTSIDE_CERTIFIED_RESOLVENT_HALF_PLANE,0.4532342557754394,fail_closed_outside_theorem_supported_half_plane_not_resolvent_nonexistence_claim
DRCET4C_CHERNOFF_REMIZOV_RESOLVENT_LANE,RC4C-ABC-01,C3_variable_coefficient_abc,6,4,0.060980008172349894,0.060981351361261,-1.3431889111098494e-06,-1e-06,OUTSIDE_CERTIFIED_RESOLVENT_HALF_PLANE,SAFE_FAIL_CLOSED_OUTSIDE_CERTIFIED_RESOLVENT_HALF_PLANE,False,True,,,,,,,NOT_APPLICABLE_OUTSIDE_CERTIFIED_RESOLVENT_HALF_PLANE,,,False,gauss_laguerre_64,,,NOT_APPLICABLE_OUTSIDE_CERTIFIED_RESOLVENT_HALF_PLANE,0.4532342557754394,fail_closed_outside_theorem_supported_half_plane_not_resolvent_nonexistence_claim
DRCET4C_CHERNOFF_REMIZOV_RESOLVENT_LANE,RC4C-ABC-01,C3_variable_coefficient_abc,6,8,0.060980008172349894,0.060981351361261,-1.3431889111098494e-06,-1e-06,OUTSIDE_CERTIFIED_RESOLVENT_HALF_PLANE,SAFE_FAIL_CLOSED_OUTSIDE_CERTIFIED_RESOLVENT_HALF_PLANE,False,True,,,,,,,NOT_APPLICABLE_OUTSIDE_CERTIFIED_RESOLVENT_HALF_PLANE,,,False,gauss_laguerre_64,,,NOT_APPLICABLE_OUTSIDE_CERTIFIED_RESOLVENT_HALF_PLANE,0.4532342557754394,fail_closed_outside_theorem_supported_half_plane_not_resolvent_nonexistence_claim
DRCET4C_CHERNOFF_REMIZOV_RESOLVENT_LANE,RC4C-ABC-01,C3_variable_coefficient_abc,6,16,0.060980008172349894,0.060981351361261,-1.3431889111098494e-06,-1e-06,OUTSIDE_CERTIFIED_RESOLVENT_HALF_PLANE,SAFE_FAIL_CLOSED_OUTSIDE_CERTIFIED_RESOLVENT_HALF_PLANE,False,True,,,,,,,NOT_APPLICABLE_OUTSIDE_CERTIFIED_RESOLVENT_HALF_PLANE,,,False,gauss_laguerre_64,,,NOT_APPLICABLE_OUTSIDE_CERTIFIED_RESOLVENT_HALF_PLANE,0.4532342557754394,fail_closed_outside_theorem_supported_half_plane_not_resolvent_nonexistence_claim
DRCET4C_CHERNOFF_REMIZOV_RESOLVENT_LANE,RC4C-ABC-01,C3_variable_coefficient_abc,6,32,0.060980008172349894,0.060981351361261,-1.3431889111098494e-06,-1e-06,OUTSIDE_CERTIFIED_RESOLVENT_HALF_PLANE,SAFE_FAIL_CLOSED_OUTSIDE_CERTIFIED_RESOLVENT_HALF_PLANE,False,True,,,,,,,NOT_APPLICABLE_OUTSIDE_CERTIFIED_RESOLVENT_HALF_PLANE,,,False,gauss_laguerre_64,,,NOT_APPLICABLE_OUTSIDE_CERTIFIED_RESOLVENT_HALF_PLANE,0.4532342557754394,fail_closed_outside_theorem_supported_half_plane_not_resolvent_nonexistence_claim
DRCET4C_CHERNOFF_REMIZOV_RESOLVENT_LANE,RC4C-ABC-01,C3_variable_coefficient_abc,6,64,0.060980008172349894,0.060981351361261,-1.3431889111098494e-06,-1e-06,OUTSIDE_CERTIFIED_RESOLVENT_HALF_PLANE,SAFE_FAIL_CLOSED_OUTSIDE_CERTIFIED_RESOLVENT_HALF_PLANE,False,True,,,,,,,NOT_APPLICABLE_OUTSIDE_CERTIFIED_RESOLVENT_HALF_PLANE,,,False,gauss_laguerre_64,,,NOT_APPLICABLE_OUTSIDE_CERTIFIED_RESOLVENT_HALF_PLANE,0.4532342557754394,fail_closed_outside_theorem_supported_half_plane_not_resolvent_nonexistence_claim
DRCET4C_CHERNOFF_REMIZOV_RESOLVENT_LANE,RC4C-ABC-01,C3_variable_coefficient_abc,6,4,0.06084703247015028,0.060981351361261,-0.00013431889111072126,-0.0001,OUTSIDE_CERTIFIED_RESOLVENT_HALF_PLANE,SAFE_FAIL_CLOSED_OUTSIDE_CERTIFIED_RESOLVENT_HALF_PLANE,False,True,,,,,,,NOT_APPLICABLE_OUTSIDE_CERTIFIED_RESOLVENT_HALF_PLANE,,,False,gauss_laguerre_64,,,NOT_APPLICABLE_OUTSIDE_CERTIFIED_RESOLVENT_HALF_PLANE,0.4532342557754394,fail_closed_outside_theorem_supported_half_plane_not_resolvent_nonexistence_claim
DRCET4C_CHERNOFF_REMIZOV_RESOLVENT_LANE,RC4C-ABC-01,C3_variable_coefficient_abc,6,8,0.06084703247015028,0.060981351361261,-0.00013431889111072126,-0.0001,OUTSIDE_CERTIFIED_RESOLVENT_HALF_PLANE,SAFE_FAIL_CLOSED_OUTSIDE_CERTIFIED_RESOLVENT_HALF_PLANE,False,True,,,,,,,NOT_APPLICABLE_OUTSIDE_CERTIFIED_RESOLVENT_HALF_PLANE,,,False,gauss_laguerre_64,,,NOT_APPLICABLE_OUTSIDE_CERTIFIED_RESOLVENT_HALF_PLANE,0.4532342557754394,fail_closed_outside_theorem_supported_half_plane_not_resolvent_nonexistence_claim
DRCET4C_CHERNOFF_REMIZOV_RESOLVENT_LANE,RC4C-ABC-01,C3_variable_coefficient_abc,6,16,0.06084703247015028,0.060981351361261,-0.00013431889111072126,-0.0001,OUTSIDE_CERTIFIED_RESOLVENT_HALF_PLANE,SAFE_FAIL_CLOSED_OUTSIDE_CERTIFIED_RESOLVENT_HALF_PLANE,False,True,,,,,,,NOT_APPLICABLE_OUTSIDE_CERTIFIED_RESOLVENT_HALF_PLANE,,,False,gauss_laguerre_64,,,NOT_APPLICABLE_OUTSIDE_CERTIFIED_RESOLVENT_HALF_PLANE,0.4532342557754394,fail_closed_outside_theorem_supported_half_plane_not_resolvent_nonexistence_claim
DRCET4C_CHERNOFF_REMIZOV_RESOLVENT_LANE,RC4C-ABC-01,C3_variable_coefficient_abc,6,32,0.06084703247015028,0.060981351361261,-0.00013431889111072126,-0.0001,OUTSIDE_CERTIFIED_RESOLVENT_HALF_PLANE,SAFE_FAIL_CLOSED_OUTSIDE_CERTIFIED_RESOLVENT_HALF_PLANE,False,True,,,,,,,NOT_APPLICABLE_OUTSIDE_CERTIFIED_RESOLVENT_HALF_PLANE,,,False,gauss_laguerre_64,,,NOT_APPLICABLE_OUTSIDE_CERTIFIED_RESOLVENT_HALF_PLANE,0.4532342557754394,fail_closed_outside_theorem_supported_half_plane_not_resolvent_nonexistence_claim
DRCET4C_CHERNOFF_REMIZOV_RESOLVENT_LANE,RC4C-ABC-01,C3_variable_coefficient_abc,6,64,0.06084703247015028,0.060981351361261,-0.00013431889111072126,-0.0001,OUTSIDE_CERTIFIED_RESOLVENT_HALF_PLANE,SAFE_FAIL_CLOSED_OUTSIDE_CERTIFIED_RESOLVENT_HALF_PLANE,False,True,,,,,,,NOT_APPLICABLE_OUTSIDE_CERTIFIED_RESOLVENT_HALF_PLANE,,,False,gauss_laguerre_64,,,NOT_APPLICABLE_OUTSIDE_CERTIFIED_RESOLVENT_HALF_PLANE,0.4532342557754394,fail_closed_outside_theorem_supported_half_plane_not_resolvent_nonexistence_claim
DRCET4C_CHERNOFF_REMIZOV_RESOLVENT_LANE,RC4C-ABC-01,C3_variable_coefficient_abc,6,4,0.05963816245015378,0.060981351361261,-0.0013431889111072265,-0.001,OUTSIDE_CERTIFIED_RESOLVENT_HALF_PLANE,SAFE_FAIL_CLOSED_OUTSIDE_CERTIFIED_RESOLVENT_HALF_PLANE,False,True,,,,,,,NOT_APPLICABLE_OUTSIDE_CERTIFIED_RESOLVENT_HALF_PLANE,,,False,gauss_laguerre_64,,,NOT_APPLICABLE_OUTSIDE_CERTIFIED_RESOLVENT_HALF_PLANE,0.4532342557754394,fail_closed_outside_theorem_supported_half_plane_not_resolvent_nonexistence_claim
DRCET4C_CHERNOFF_REMIZOV_RESOLVENT_LANE,RC4C-ABC-01,C3_variable_coefficient_abc,6,8,0.05963816245015378,0.060981351361261,-0.0013431889111072265,-0.001,OUTSIDE_CERTIFIED_RESOLVENT_HALF_PLANE,SAFE_FAIL_CLOSED_OUTSIDE_CERTIFIED_RESOLVENT_HALF_PLANE,False,True,,,,,,,NOT_APPLICABLE_OUTSIDE_CERTIFIED_RESOLVENT_HALF_PLANE,,,False,gauss_laguerre_64,,,NOT_APPLICABLE_OUTSIDE_CERTIFIED_RESOLVENT_HALF_PLANE,0.4532342557754394,fail_closed_outside_theorem_supported_half_plane_not_resolvent_nonexistence_claim
DRCET4C_CHERNOFF_REMIZOV_RESOLVENT_LANE,RC4C-ABC-01,C3_variable_coefficient_abc,6,16,0.05963816245015378,0.060981351361261,-0.0013431889111072265,-0.001,OUTSIDE_CERTIFIED_RESOLVENT_HALF_PLANE,SAFE_FAIL_CLOSED_OUTSIDE_CERTIFIED_RESOLVENT_HALF_PLANE,False,True,,,,,,,NOT_APPLICABLE_OUTSIDE_CERTIFIED_RESOLVENT_HALF_PLANE,,,False,gauss_laguerre_64,,,NOT_APPLICABLE_OUTSIDE_CERTIFIED_RESOLVENT_HALF_PLANE,0.4532342557754394,fail_closed_outside_theorem_supported_half_plane_not_resolvent_nonexistence_claim
DRCET4C_CHERNOFF_REMIZOV_RESOLVENT_LANE,RC4C-ABC-01,C3_variable_coefficient_abc,6,32,0.05963816245015378,0.060981351361261,-0.0013431889111072265,-0.001,OUTSIDE_CERTIFIED_RESOLVENT_HALF_PLANE,SAFE_FAIL_CLOSED_OUTSIDE_CERTIFIED_RESOLVENT_HALF_PLANE,False,True,,,,,,,NOT_APPLICABLE_OUTSIDE_CERTIFIED_RESOLVENT_HALF_PLANE,,,False,gauss_laguerre_64,,,NOT_APPLICABLE_OUTSIDE_CERTIFIED_RESOLVENT_HALF_PLANE,0.4532342557754394,fail_closed_outside_theorem_supported_half_plane_not_resolvent_nonexistence_claim
DRCET4C_CHERNOFF_REMIZOV_RESOLVENT_LANE,RC4C-ABC-01,C3_variable_coefficient_abc,6,64,0.05963816245015378,0.060981351361261,-0.0013431889111072265,-0.001,OUTSIDE_CERTIFIED_RESOLVENT_HALF_PLANE,SAFE_FAIL_CLOSED_OUTSIDE_CERTIFIED_RESOLVENT_HALF_PLANE,False,True,,,,,,,NOT_APPLICABLE_OUTSIDE_CERTIFIED_RESOLVENT_HALF_PLANE,,,False,gauss_laguerre_64,,,NOT_APPLICABLE_OUTSIDE_CERTIFIED_RESOLVENT_HALF_PLANE,0.4532342557754394,fail_closed_outside_theorem_supported_half_plane_not_resolvent_nonexistence_claim
DRCET4C_CHERNOFF_REMIZOV_RESOLVENT_LANE,RC4C-ABC-01,C3_variable_coefficient_abc,6,4,0.054265406805724864,0.060981351361261,-0.006715944555536139,-0.005,OUTSIDE_CERTIFIED_RESOLVENT_HALF_PLANE,SAFE_FAIL_CLOSED_OUTSIDE_CERTIFIED_RESOLVENT_HALF_PLANE,False,True,,,,,,,NOT_APPLICABLE_OUTSIDE_CERTIFIED_RESOLVENT_HALF_PLANE,,,False,gauss_laguerre_64,,,NOT_APPLICABLE_OUTSIDE_CERTIFIED_RESOLVENT_HALF_PLANE,0.4532342557754394,fail_closed_outside_theorem_supported_half_plane_not_resolvent_nonexistence_claim
DRCET4C_CHERNOFF_REMIZOV_RESOLVENT_LANE,RC4C-ABC-01,C3_variable_coefficient_abc,6,8,0.054265406805724864,0.060981351361261,-0.006715944555536139,-0.005,OUTSIDE_CERTIFIED_RESOLVENT_HALF_PLANE,SAFE_FAIL_CLOSED_OUTSIDE_CERTIFIED_RESOLVENT_HALF_PLANE,False,True,,,,,,,NOT_APPLICABLE_OUTSIDE_CERTIFIED_RESOLVENT_HALF_PLANE,,,False,gauss_laguerre_64,,,NOT_APPLICABLE_OUTSIDE_CERTIFIED_RESOLVENT_HALF_PLANE,0.4532342557754394,fail_closed_outside_theorem_supported_half_plane_not_resolvent_nonexistence_claim
DRCET4C_CHERNOFF_REMIZOV_RESOLVENT_LANE,RC4C-ABC-01,C3_variable_coefficient_abc,6,16,0.054265406805724864,0.060981351361261,-0.006715944555536139,-0.005,OUTSIDE_CERTIFIED_RESOLVENT_HALF_PLANE,SAFE_FAIL_CLOSED_OUTSIDE_CERTIFIED_RESOLVENT_HALF_PLANE,False,True,,,,,,,NOT_APPLICABLE_OUTSIDE_CERTIFIED_RESOLVENT_HALF_PLANE,,,False,gauss_laguerre_64,,,NOT_APPLICABLE_OUTSIDE_CERTIFIED_RESOLVENT_HALF_PLANE,0.4532342557754394,fail_closed_outside_theorem_supported_half_plane_not_resolvent_nonexistence_claim
DRCET4C_CHERNOFF_REMIZOV_RESOLVENT_LANE,RC4C-ABC-01,C3_variable_coefficient_abc,6,32,0.054265406805724864,0.060981351361261,-0.006715944555536139,-0.005,OUTSIDE_CERTIFIED_RESOLVENT_HALF_PLANE,SAFE_FAIL_CLOSED_OUTSIDE_CERTIFIED_RESOLVENT_HALF_PLANE,False,True,,,,,,,NOT_APPLICABLE_OUTSIDE_CERTIFIED_RESOLVENT_HALF_PLANE,,,False,gauss_laguerre_64,,,NOT_APPLICABLE_OUTSIDE_CERTIFIED_RESOLVENT_HALF_PLANE,0.4532342557754394,fail_closed_outside_theorem_supported_half_plane_not_resolvent_nonexistence_claim
DRCET4C_CHERNOFF_REMIZOV_RESOLVENT_LANE,RC4C-ABC-01,C3_variable_coefficient_abc,6,64,0.054265406805724864,0.060981351361261,-0.006715944555536139,-0.005,OUTSIDE_CERTIFIED_RESOLVENT_HALF_PLANE,SAFE_FAIL_CLOSED_OUTSIDE_CERTIFIED_RESOLVENT_HALF_PLANE,False,True,,,,,,,NOT_APPLICABLE_OUTSIDE_CERTIFIED_RESOLVENT_HALF_PLANE,,,False,gauss_laguerre_64,,,NOT_APPLICABLE_OUTSIDE_CERTIFIED_RESOLVENT_HALF_PLANE,0.4532342557754394,fail_closed_outside_theorem_supported_half_plane_not_resolvent_nonexistence_claim
DRCET4C_CHERNOFF_REMIZOV_RESOLVENT_LANE,RC4C-BOUNDARY-01,C4_near_certified_half_plane,5,4,0.7067201272102082,0.1355730084530656,0.5711471187571425,0.5,INSIDE_CERTIFIED_RESOLVENT_HALF_PLANE,PASS_RESOLVENT_CONVERGENCE,True,True,6.259075094202756e-05,6.527374892637398,9.58896217415477e-06,6.5273748897774375,1.123184017129102e-12,0.0,NOT_APPLICABLE_FOR_GAUSS_LAGUERRE_INFINITE_INTERVAL,0.0,2.8588369059722377e-09,True,gauss_laguerre_64,1.1051931907752532,1.2679097512272324,True,0.4129269052999966,bounded public-safe contract-surrogate resolvent lane; not production ARIN22 kernel validation
DRCET4C_CHERNOFF_REMIZOV_RESOLVENT_LANE,RC4C-BOUNDARY-01,C4_near_certified_half_plane,5,8,0.7067201272102082,0.1355730084530656,0.5711471187571425,0.5,INSIDE_CERTIFIED_RESOLVENT_HALF_PLANE,PASS_RESOLVENT_CONVERGENCE,True,True,1.5658894337205755e-05,1.6318437254724838,9.59582960842153e-06,1.6318437224443594,1.1207055049221445e-12,0.0,NOT_APPLICABLE_FOR_GAUSS_LAGUERRE_INFINITE_INTERVAL,0.0,3.027003782794134e-09,True,gauss_laguerre_64,1.1051922738992264,1.2679097512272324,True,0.4129269052999966,bounded public-safe contract-surrogate resolvent lane; not production ARIN22 kernel validation
DRCET4C_CHERNOFF_REMIZOV_RESOLVENT_LANE,RC4C-BOUNDARY-01,C4_near_certified_half_plane,5,16,0.7067201272102082,0.1355730084530656,0.5711471187571425,0.5,INSIDE_CERTIFIED_RESOLVENT_HALF_PLANE,PASS_RESOLVENT_CONVERGENCE,True,True,3.915426004829959e-06,0.40796093397554956,9.597551330894402e-06,0.40796093061108984,1.1221661723781261e-12,0.0,NOT_APPLICABLE_FOR_GAUSS_LAGUERRE_INFINITE_INTERVAL,0.0,3.3633375364379265e-09,True,gauss_laguerre_64,1.1051920446943055,1.2679097512272324,True,0.4129269052999966,bounded public-safe contract-surrogate resolvent lane; not production ARIN22 kernel validation
DRCET4C_CHERNOFF_REMIZOV_RESOLVENT_LANE,RC4C-BOUNDARY-01,C4_near_certified_half_plane,5,32,0.7067201272102082,0.1355730084530656,0.5711471187571425,0.5,INSIDE_CERTIFIED_RESOLVENT_HALF_PLANE,PASS_RESOLVENT_CONVERGENCE,True,True,9.789004100785518e-07,0.10199023668989753,9.597981550478303e-06,0.10199023265277246,1.120015501320163e-12,0.0,NOT_APPLICABLE_FOR_GAUSS_LAGUERRE_INFINITE_INTERVAL,0.0,4.036005043725512e-09,True,gauss_laguerre_64,1.1051919873939602,1.2679097512272324,True,0.4129269052999966,bounded public-safe contract-surrogate resolvent lane; not production ARIN22 kernel validation
DRCET4C_CHERNOFF_REMIZOV_RESOLVENT_LANE,RC4C-BOUNDARY-01,C4_near_certified_half_plane,5,64,0.7067201272102082,0.1355730084530656,0.5711471187571425,0.5,INSIDE_CERTIFIED_RESOLVENT_HALF_PLANE,PASS_RESOLVENT_CONVERGENCE,True,True,2.447278232839975e-07,0.02549756354565167,9.59808661113164e-06,0.025497558163193115,1.1184987302107138e-12,0.0,NOT_APPLICABLE_FOR_GAUSS_LAGUERRE_INFINITE_INTERVAL,0.0,5.3813400583006826e-09,True,gauss_laguerre_64,1.1051919730689264,1.2679097512272324,True,0.4129269052999966,bounded public-safe contract-surrogate resolvent lane; not production ARIN22 kernel validation
DRCET4C_CHERNOFF_REMIZOV_RESOLVENT_LANE,RC4C-BOUNDARY-01,C4_near_certified_half_plane,5,4,0.2498024322044941,0.1355730084530656,0.1142294237514285,0.1,INSIDE_CERTIFIED_RESOLVENT_HALF_PLANE,PASS_RESOLVENT_CONVERGENCE,True,True,0.003102498397212326,163.18437224659027,1.9012227424107104e-05,163.18437224443593,1.953596763165143e-12,0.0,NOT_APPLICABLE_FOR_GAUSS_LAGUERRE_INFINITE_INTERVAL,0.0,2.152377727290445e-09,True,gauss_laguerre_64,1.576731290358988,2.9582091478612806,True,0.4129269052999966,bounded public-safe contract-surrogate resolvent lane; not production ARIN22 kernel validation
DRCET4C_CHERNOFF_REMIZOV_RESOLVENT_LANE,RC4C-BOUNDARY-01,C4_near_certified_half_plane,5,8,0.2498024322044941,0.1355730084530656,0.1142294237514285,0.1,INSIDE_CERTIFIED_RESOLVENT_HALF_PLANE,PASS_RESOLVENT_CONVERGENCE,True,True,0.0007783312943241994,40.796093063389925,1.907857434080293e-05,40.796093061108984,1.9566680419489264e-12,0.0,NOT_APPLICABLE_FOR_GAUSS_LAGUERRE_INFINITE_INTERVAL,0.0,2.2789881818369415e-09,True,gauss_laguerre_64,1.5766230559300887,2.9582091478612806,True,0.4129269052999966,bounded public-safe contract-surrogate resolvent lane; not production ARIN22 kernel validation
DRCET4C_CHERNOFF_REMIZOV_RESOLVENT_LANE,RC4C-BOUNDARY-01,C4_near_certified_half_plane,5,16,0.2498024322044941,0.1355730084530656,0.1142294237514285,0.1,INSIDE_CERTIFIED_RESOLVENT_HALF_PLANE,PASS_RESOLVENT_CONVERGENCE,True,True,0.00019475604122794234,10.199023267811398,1.909555808570431e-05,10.199023265277246,1.9430033342061757e-12,0.0,NOT_APPLICABLE_FOR_GAUSS_LAGUERRE_INFINITE_INTERVAL,0.0,2.5322090909299352e-09,True,gauss_laguerre_64,1.576596039408205,2.9582091478612806,True,0.4129269052999966,bounded public-safe contract-surrogate resolvent lane; not production ARIN22 kernel validation
DRCET4C_CHERNOFF_REMIZOV_RESOLVENT_LANE,RC4C-BOUNDARY-01,C4_near_certified_half_plane,5,32,0.2498024322044941,0.1355730084530656,0.1142294237514285,0.1,INSIDE_CERTIFIED_RESOLVENT_HALF_PLANE,PASS_RESOLVENT_CONVERGENCE,True,True,4.8699899699812185e-05,2.549755819359924,1.9099828826760958e-05,2.5497558163193115,1.961430806404242e-12,0.0,NOT_APPLICABLE_FOR_GAUSS_LAGUERRE_INFINITE_INTERVAL,0.0,3.0386509091159224e-09,True,gauss_laguerre_64,1.576589287933472,2.9582091478612806,True,0.4129269052999966,bounded public-safe contract-surrogate resolvent lane; not production ARIN22 kernel validation
DRCET4C_CHERNOFF_REMIZOV_RESOLVENT_LANE,RC4C-BOUNDARY-01,C4_near_certified_half_plane,5,64,0.2498024322044941,0.1355730084530656,0.1142294237514285,0.1,INSIDE_CERTIFIED_RESOLVENT_HALF_PLANE,PASS_RESOLVENT_CONVERGENCE,True,True,1.2175656307676577e-05,0.6374389581333155,1.9100897666079158e-05,0.6374389540798279,1.9531114587902157e-12,0.0,NOT_APPLICABLE_FOR_GAUSS_LAGUERRE_INFINITE_INTERVAL,0.0,4.051534545487896e-09,True,gauss_laguerre_64,1.57658760023117,2.9582091478612806,True,0.4129269052999966,bounded public-safe contract-surrogate resolvent lane; not production ARIN22 kernel validation
DRCET4C_CHERNOFF_REMIZOV_RESOLVENT_LANE,RC4C-BOUNDARY-01,C4_near_certified_half_plane,5,4,0.1584188932033513,0.1355730084530656,0.022845884750285705,0.02,INSIDE_CERTIFIED_RESOLVENT_HALF_PLANE,PASS_RECOMPRESSED_NEAR_BOUNDARY,True,True,0.014157712261341696,4079.6093061129104,3.4703598308121555e-06,4079.6093061108963,3.290541888037365e-12,0.0,NOT_APPLICABLE_FOR_GAUSS_LAGUERRE_INFINITE_INTERVAL,0.0,2.0110858915540863e-09,True,gauss_laguerre_64,1.576731290358988,2.9582091478612806,True,0.4129269052999966,bounded public-safe contract-surrogate resolvent lane; not production ARIN22 kernel validation
DRCET4C_CHERNOFF_REMIZOV_RESOLVENT_LANE,RC4C-BOUNDARY-01,C4_near_certified_half_plane,5,8,0.1584188932033513,0.1355730084530656,0.022845884750285705,0.02,INSIDE_CERTIFIED_RESOLVENT_HALF_PLANE,PASS_RECOMPRESSED_NEAR_BOUNDARY,True,True,0.0035733237676499464,1019.9023265298567,3.5035940939638014e-06,1019.9023265277241,3.298192682648636e-12,0.0,NOT_APPLICABLE_FOR_GAUSS_LAGUERRE_INFINITE_INTERVAL,0.0,2.129385061645503e-09,True,gauss_laguerre_64,1.5766230559300887,2.9582091478612806,True,0.4129269052999966,bounded public-safe contract-surrogate resolvent lane; not production ARIN22 kernel validation
DRCET4C_CHERNOFF_REMIZOV_RESOLVENT_LANE,RC4C-BOUNDARY-01,C4_near_certified_half_plane,5,16,0.1584188932033513,0.1355730084530656,0.022845884750285705,0.02,INSIDE_CERTIFIED_RESOLVENT_HALF_PLANE,PASS_RECOMPRESSED_NEAR_BOUNDARY,True,True,0.0008955484068294278,254.9755816343003,3.512290867577553e-06,254.97558163193102,3.3089887103179453e-12,0.0,NOT_APPLICABLE_FOR_GAUSS_LAGUERRE_INFINITE_INTERVAL,0.0,2.3659834018283367e-09,True,gauss_laguerre_64,1.576596039408205,2.9582091478612806,True,0.4129269052999966,bounded public-safe contract-surrogate resolvent lane; not production ARIN22 kernel validation
DRCET4C_CHERNOFF_REMIZOV_RESOLVENT_LANE,RC4C-BOUNDARY-01,C4_near_certified_half_plane,5,32,0.1584188932033513,0.1355730084530656,0.022845884750285705,0.02,INSIDE_CERTIFIED_RESOLVENT_HALF_PLANE,PASS_RECOMPRESSED_NEAR_BOUNDARY,True,True,0.00022402695175753354,63.7438954108252,3.514484803818383e-06,63.743895407982755,3.2702780342155685e-12,0.0,NOT_APPLICABLE_FOR_GAUSS_LAGUERRE_INFINITE_INTERVAL,0.0,2.8391800821940044e-09,True,gauss_laguerre_64,1.576589287933472,2.9582091478612806,True,0.4129269052999966,bounded public-safe contract-surrogate resolvent lane; not production ARIN22 kernel validation
DRCET4C_CHERNOFF_REMIZOV_RESOLVENT_LANE,RC4C-BOUNDARY-01,C4_near_certified_half_plane,5,64,0.1584188932033513,0.1355730084530656,0.022845884750285705,0.02,INSIDE_CERTIFIED_RESOLVENT_HALF_PLANE,PASS_RECOMPRESSED_NEAR_BOUNDARY,True,True,5.601549583550343e-05,15.93597385578451,3.51503437081573e-06,15.935973851995689,3.249772066615162e-12,0.0,NOT_APPLICABLE_FOR_GAUSS_LAGUERRE_INFINITE_INTERVAL,0.0,3.785573442925339e-09,True,gauss_laguerre_64,1.57658760023117,2.9582091478612806,True,0.4129269052999966,bounded public-safe contract-surrogate resolvent lane; not production ARIN22 kernel validation
DRCET4C_CHERNOFF_REMIZOV_RESOLVENT_LANE,RC4C-BOUNDARY-01,C4_near_certified_half_plane,5,4,0.14699595082820846,0.1355730084530656,0.011422942375142853,0.01,INSIDE_CERTIFIED_RESOLVENT_HALF_PLANE,PASS_RECOMPRESSED_NEAR_BOUNDARY,True,True,0.017646451961623254,16318.437224445583,1.0813812449631058e-06,16318.437224443585,3.653953212580625e-12,0.0,NOT_APPLICABLE_FOR_GAUSS_LAGUERRE_INFINITE_INTERVAL,0.0,1.9934244120870415e-09,True,gauss_laguerre_64,1.576731290358988,2.9582091478612806,True,0.4129269052999966,bounded public-safe contract-surrogate resolvent lane; not production ARIN22 kernel validation
DRCET4C_CHERNOFF_REMIZOV_RESOLVENT_LANE,RC4C-BOUNDARY-01,C4_near_certified_half_plane,5,8,0.14699595082820846,0.1355730084530656,0.011422942375142853,0.01,INSIDE_CERTIFIED_RESOLVENT_HALF_PLANE,PASS_RECOMPRESSED_NEAR_BOUNDARY,True,True,0.004466892198169145,4079.6093061130105,1.0949313679316836e-06,4079.6093061108963,3.645351416356573e-12,0.0,NOT_APPLICABLE_FOR_GAUSS_LAGUERRE_INFINITE_INTERVAL,0.0,2.1106846716215734e-09,True,gauss_laguerre_64,1.5766230559300887,2.9582091478612806,True,0.4129269052999966,bounded public-safe contract-surrogate resolvent lane; not production ARIN22 kernel validation
DRCET4C_CHERNOFF_REMIZOV_RESOLVENT_LANE,RC4C-BOUNDARY-01,C4_near_certified_half_plane,5,16,0.14699595082820846,0.1355730084530656,0.011422942375142853,0.01,INSIDE_CERTIFIED_RESOLVENT_HALF_PLANE,PASS_RECOMPRESSED_NEAR_BOUNDARY,True,True,0.001120345916475242,1019.902326530073,1.0984835384059765e-06,1019.9023265277241,3.6396598380932995e-12,0.0,NOT_APPLICABLE_FOR_GAUSS_LAGUERRE_INFINITE_INTERVAL,0.0,2.345205190690637e-09,True,gauss_laguerre_64,1.576596039408205,2.9582091478612806,True,0.4129269052999966,bounded public-safe contract-surrogate resolvent lane; not production ARIN22 kernel validation
DRCET4C_CHERNOFF_REMIZOV_RESOLVENT_LANE,RC4C-BOUNDARY-01,C4_near_certified_half_plane,5,32,0.14699595082820846,0.1355730084530656,0.011422942375142853,0.01,INSIDE_CERTIFIED_RESOLVENT_HALF_PLANE,PASS_RECOMPRESSED_NEAR_BOUNDARY,True,True,0.00028031466230782836,254.9755816347489,1.0993784601279096e-06,254.97558163193102,3.6323416289855307e-12,0.0,NOT_APPLICABLE_FOR_GAUSS_LAGUERRE_INFINITE_INTERVAL,0.0,2.8142462288287646e-09,True,gauss_laguerre_64,1.576589287933472,2.9582091478612806,True,0.4129269052999966,bounded public-safe contract-surrogate resolvent lane; not production ARIN22 kernel validation
DRCET4C_CHERNOFF_REMIZOV_RESOLVENT_LANE,RC4C-BOUNDARY-01,C4_near_certified_half_plane,5,64,0.14699595082820846,0.1355730084530656,0.011422942375142853,0.01,INSIDE_CERTIFIED_RESOLVENT_HALF_PLANE,PASS_RECOMPRESSED_NEAR_BOUNDARY,True,True,7.009294756159536e-05,63.74389541173879,1.0996025126617435e-06,63.743895407982755,3.707112602928683e-12,0.0,NOT_APPLICABLE_FOR_GAUSS_LAGUERRE_INFINITE_INTERVAL,0.0,3.7523283051050195e-09,True,gauss_laguerre_64,1.57658760023117,2.9582091478612806,True,0.4129269052999966,bounded public-safe contract-surrogate resolvent lane; not production ARIN22 kernel validation
DRCET4C_CHERNOFF_REMIZOV_RESOLVENT_LANE,RC4C-BOUNDARY-01,C4_near_certified_half_plane,5,4,0.14128447964063703,0.1355730084530656,0.005711471187571426,0.005,INSIDE_CERTIFIED_RESOLVENT_HALF_PLANE,PASS_RECOMPRESSED_NEAR_BOUNDARY,True,True,0.01973646775096159,65273.748897776335,3.023645505924656e-07,65273.74889777434,3.857930166827469e-12,0.0,NOT_APPLICABLE_FOR_GAUSS_LAGUERRE_INFINITE_INTERVAL,0.0,1.984593672353519e-09,True,gauss_laguerre_64,1.576731290358988,2.9582091478612806,True,0.4129269052999966,bounded public-safe contract-surrogate resolvent lane; not production ARIN22 kernel validation
DRCET4C_CHERNOFF_REMIZOV_RESOLVENT_LANE,RC4C-BOUNDARY-01,C4_near_certified_half_plane,5,8,0.14128447964063703,0.1355730084530656,0.005711471187571426,0.005,INSIDE_CERTIFIED_RESOLVENT_HALF_PLANE,PASS_RECOMPRESSED_NEAR_BOUNDARY,True,True,0.005006906099489408,16318.43722444569,3.0682509793210206e-07,16318.437224443585,3.860812762974692e-12,0.0,NOT_APPLICABLE_FOR_GAUSS_LAGUERRE_INFINITE_INTERVAL,0.0,2.1013344766096083e-09,True,gauss_laguerre_64,1.5766230559300887,2.9582091478612806,True,0.4129269052999966,bounded public-safe contract-surrogate resolvent lane; not production ARIN22 kernel validation
DRCET4C_CHERNOFF_REMIZOV_RESOLVENT_LANE,RC4C-BOUNDARY-01,C4_near_certified_half_plane,5,16,0.14128447964063703,0.1355730084530656,0.005711471187571426,0.005,INSIDE_CERTIFIED_RESOLVENT_HALF_PLANE,PASS_RECOMPRESSED_NEAR_BOUNDARY,True,True,0.0012564972681177312,4079.6093061132347,3.079945097279018e-07,4079.6093061108963,3.831226525510156e-12,0.0,NOT_APPLICABLE_FOR_GAUSS_LAGUERRE_INFINITE_INTERVAL,0.0,2.3348160851217873e-09,True,gauss_laguerre_64,1.576596039408205,2.9582091478612806,True,0.4129269052999966,bounded public-safe contract-surrogate resolvent lane; not production ARIN22 kernel validation
DRCET4C_CHERNOFF_REMIZOV_RESOLVENT_LANE,RC4C-BOUNDARY-01,C4_near_certified_half_plane,5,32,0.14128447964063703,0.1355730084530656,0.005711471187571426,0.005,INSIDE_CERTIFIED_RESOLVENT_HALF_PLANE,PASS_RECOMPRESSED_NEAR_BOUNDARY,True,True,0.0003144243790873867,1019.9023265305298,3.082887163881518e-07,1019.9023265277241,3.8946824801366154e-12,0.0,NOT_APPLICABLE_FOR_GAUSS_LAGUERRE_INFINITE_INTERVAL,0.0,2.8017793021461445e-09,True,gauss_laguerre_64,1.576589287933472,2.9582091478612806,True,0.4129269052999966,bounded public-safe contract-surrogate resolvent lane; not production ARIN22 kernel validation
DRCET4C_CHERNOFF_REMIZOV_RESOLVENT_LANE,RC4C-BOUNDARY-01,C4_near_certified_half_plane,5,64,0.14128447964063703,0.1355730084530656,0.005711471187571426,0.005,INSIDE_CERTIFIED_RESOLVENT_HALF_PLANE,PASS_RECOMPRESSED_NEAR_BOUNDARY,True,True,7.862486558537776e-05,254.97558163567044,3.0836233446747567e-07,254.97558163193102,3.7193319672896984e-12,0.0,NOT_APPLICABLE_FOR_GAUSS_LAGUERRE_INFINITE_INTERVAL,0.0,3.735705736194859e-09,True,gauss_laguerre_64,1.57658760023117,2.9582091478612806,True,0.4129269052999966,bounded public-safe contract-surrogate resolvent lane; not production ARIN22 kernel validation
DRCET4C_CHERNOFF_REMIZOV_RESOLVENT_LANE,RC4C-BOUNDARY-01,C4_near_certified_half_plane,5,4,0.13671530269057988,0.1355730084530656,0.0011422942375142742,0.001,INSIDE_CERTIFIED_RESOLVENT_HALF_PLANE,PASS_RECOMPRESSED_NEAR_BOUNDARY,True,True,0.021602139867717807,1631843.7224443923,1.3237872947391833e-08,1631843.7224443904,4.017561443851721e-12,0.0,NOT_APPLICABLE_FOR_GAUSS_LAGUERRE_INFINITE_INTERVAL,0.0,1.9775290805667014e-09,True,gauss_laguerre_64,1.576731290358988,2.9582091478612806,True,0.4129269052999966,bounded public-safe contract-surrogate resolvent lane; not production ARIN22 kernel validation
DRCET4C_CHERNOFF_REMIZOV_RESOLVENT_LANE,RC4C-BOUNDARY-01,C4_near_certified_half_plane,5,8,0.13671530269057988,0.1355730084530656,0.0011422942375142742,0.001,INSIDE_CERTIFIED_RESOLVENT_HALF_PLANE,PASS_RECOMPRESSED_NEAR_BOUNDARY,True,True,0.005492869644738912,407960.9306110997,1.3464205105402962e-08,407960.9306110976,4.024741389425403e-12,0.0,NOT_APPLICABLE_FOR_GAUSS_LAGUERRE_INFINITE_INTERVAL,0.0,2.0938543206000368e-09,True,gauss_laguerre_64,1.5766230559300887,2.9582091478612806,True,0.4129269052999966,bounded public-safe contract-surrogate resolvent lane; not production ARIN22 kernel validation
DRCET4C_CHERNOFF_REMIZOV_RESOLVENT_LANE,RC4C-BOUNDARY-01,C4_near_certified_half_plane,5,16,0.13671530269057988,0.1355730084530656,0.0011422942375142742,0.001,INSIDE_CERTIFIED_RESOLVENT_HALF_PLANE,PASS_RECOMPRESSED_NEAR_BOUNDARY,True,True,0.0013792653421975513,101990.23265277673,1.3523504225088168e-08,101990.2326527744,4.00852672303002e-12,0.0,NOT_APPLICABLE_FOR_GAUSS_LAGUERRE_INFINITE_INTERVAL,0.0,2.3265048006667072e-09,True,gauss_laguerre_64,1.576596039408205,2.9582091478612806,True,0.4129269052999966,bounded public-safe contract-surrogate resolvent lane; not production ARIN22 kernel validation
DRCET4C_CHERNOFF_REMIZOV_RESOLVENT_LANE,RC4C-BOUNDARY-01,C4_near_certified_half_plane,5,32,0.13671530269057988,0.1355730084530656,0.0011422942375142742,0.001,INSIDE_CERTIFIED_RESOLVENT_HALF_PLANE,PASS_RECOMPRESSED_NEAR_BOUNDARY,True,True,0.0003451960885827577,25497.558163196394,1.3538397927101097e-08,25497.5581631936,4.041960648893424e-12,0.0,NOT_APPLICABLE_FOR_GAUSS_LAGUERRE_INFINITE_INTERVAL,0.0,2.791805760800049e-09,True,gauss_laguerre_64,1.576589287933472,2.9582091478612806,True,0.4129269052999966,bounded public-safe contract-surrogate resolvent lane; not production ARIN22 kernel validation
DRCET4C_CHERNOFF_REMIZOV_RESOLVENT_LANE,RC4C-BOUNDARY-01,C4_near_certified_half_plane,5,64,0.13671530269057988,0.1355730084530656,0.0011422942375142742,0.001,INSIDE_CERTIFIED_RESOLVENT_HALF_PLANE,PASS_RECOMPRESSED_NEAR_BOUNDARY,True,True,8.632276299965435e-05,6374.389540802126,1.3542122339261973e-08,6374.3895407984,4.0612742657558065e-12,0.0,NOT_APPLICABLE_FOR_GAUSS_LAGUERRE_INFINITE_INTERVAL,0.0,3.722407681066732e-09,True,gauss_laguerre_64,1.57658760023117,2.9582091478612806,True,0.4129269052999966,bounded public-safe contract-surrogate resolvent lane; not production ARIN22 kernel validation
DRCET4C_CHERNOFF_REMIZOV_RESOLVENT_LANE,RC4C-BOUNDARY-01,C4_near_certified_half_plane,5,4,0.13568723787681702,0.1355730084530656,0.00011422942375141631,0.0001,INSIDE_CERTIFIED_RESOLVENT_HALF_PLANE,PASS_RECOMPRESSED_NEAR_BOUNDARY,True,True,0.022047867348443828,163184372.24447075,1.351101643202288e-10,163184372.24447075,4.074487812581608e-12,0.0,NOT_APPLICABLE_FOR_GAUSS_LAGUERRE_INFINITE_INTERVAL,0.0,1.9759395474146672e-09,True,gauss_laguerre_64,1.576731290358988,2.9582091478612806,True,0.4129269052999966,bounded public-safe contract-surrogate resolvent lane; not production ARIN22 kernel validation
DRCET4C_CHERNOFF_REMIZOV_RESOLVENT_LANE,RC4C-BOUNDARY-01,C4_near_certified_half_plane,5,8,0.13568723787681702,0.1355730084530656,0.00011422942375141631,0.0001,INSIDE_CERTIFIED_RESOLVENT_HALF_PLANE,PASS_RECOMPRESSED_NEAR_BOUNDARY,True,True,0.005609609601984612,40796093.06111769,1.375035985328475e-10,40796093.06111769,4.056419007681123e-12,0.0,NOT_APPLICABLE_FOR_GAUSS_LAGUERRE_INFINITE_INTERVAL,0.0,2.092171285497883e-09,True,gauss_laguerre_64,1.5766230559300887,2.9582091478612806,True,0.4129269052999966,bounded public-safe contract-surrogate resolvent lane; not production ARIN22 kernel validation
DRCET4C_CHERNOFF_REMIZOV_RESOLVENT_LANE,RC4C-BOUNDARY-01,C4_near_certified_half_plane,5,16,0.13568723787681702,0.1355730084530656,0.00011422942375141631,0.0001,INSIDE_CERTIFIED_RESOLVENT_HALF_PLANE,PASS_RECOMPRESSED_NEAR_BOUNDARY,True,True,0.0014087963696407097,10199023.265279423,1.3813051828567553e-10,10199023.265279422,4.1056409147069764e-12,0.0,NOT_APPLICABLE_FOR_GAUSS_LAGUERRE_INFINITE_INTERVAL,0.0,2.3246347616643145e-09,True,gauss_laguerre_64,1.576596039408205,2.9582091478612806,True,0.4129269052999966,bounded public-safe contract-surrogate resolvent lane; not production ARIN22 kernel validation
DRCET4C_CHERNOFF_REMIZOV_RESOLVENT_LANE,RC4C-BOUNDARY-01,C4_near_certified_half_plane,5,32,0.13568723787681702,0.1355730084530656,0.00011422942375141631,0.0001,INSIDE_CERTIFIED_RESOLVENT_HALF_PLANE,PASS_RECOMPRESSED_NEAR_BOUNDARY,True,True,0.00035260038558384237,2549755.816319858,1.382879032286164e-10,2549755.8163198554,4.10503059798972e-12,0.0,NOT_APPLICABLE_FOR_GAUSS_LAGUERRE_INFINITE_INTERVAL,0.0,2.7895617139971774e-09,True,gauss_laguerre_64,1.576589287933472,2.9582091478612806,True,0.4129269052999966,bounded public-safe contract-surrogate resolvent lane; not production ARIN22 kernel validation
DRCET4C_CHERNOFF_REMIZOV_RESOLVENT_LANE,RC4C-BOUNDARY-01,C4_near_certified_half_plane,5,64,0.13568723787681702,0.1355730084530656,0.00011422942375141631,0.0001,INSIDE_CERTIFIED_RESOLVENT_HALF_PLANE,PASS_RECOMPRESSED_NEAR_BOUNDARY,True,True,8.817517941784929e-05,637438.9540799676,1.3832725291336305e-10,637438.9540799638,4.0593889378202925e-12,0.0,NOT_APPLICABLE_FOR_GAUSS_LAGUERRE_INFINITE_INTERVAL,0.0,3.719415618662903e-09,True,gauss_laguerre_64,1.57658760023117,2.9582091478612806,True,0.4129269052999966,bounded public-safe contract-surrogate resolvent lane; not production ARIN22 kernel validation
DRCET4C_CHERNOFF_REMIZOV_RESOLVENT_LANE,RC4C-BOUNDARY-01,C4_near_certified_half_plane,5,4,0.1355741507473031,0.1355730084530656,1.1422942375050038e-06,1e-06,INSIDE_CERTIFIED_RESOLVENT_HALF_PLANE,PASS_RECOMPRESSED_NEAR_BOUNDARY,True,True,0.022097509395888334,1631843722470.877,1.3541437266081527e-14,1631843722470.877,4.0902426869687195e-12,0.0,NOT_APPLICABLE_FOR_GAUSS_LAGUERRE_INFINITE_INTERVAL,0.0,1.9757646987679435e-09,True,gauss_laguerre_64,1.576731290358988,2.9582091478612806,True,0.4129269052999966,bounded public-safe contract-surrogate resolvent lane; not production ARIN22 kernel validation
DRCET4C_CHERNOFF_REMIZOV_RESOLVENT_LANE,RC4C-BOUNDARY-01,C4_near_certified_half_plane,5,8,0.1355741507473031,0.1355730084530656,1.1422942375050038e-06,1e-06,INSIDE_CERTIFIED_RESOLVENT_HALF_PLANE,PASS_RECOMPRESSED_NEAR_BOUNDARY,True,True,0.005622627798630682,407960930617.71924,1.3782270253470372e-14,407960930617.71924,4.074765935832411e-12,0.0,NOT_APPLICABLE_FOR_GAUSS_LAGUERRE_INFINITE_INTERVAL,0.0,2.0919861516366463e-09,True,gauss_laguerre_64,1.5766230559300887,2.9582091478612806,True,0.4129269052999966,bounded public-safe contract-surrogate resolvent lane; not production ARIN22 kernel validation
DRCET4C_CHERNOFF_REMIZOV_RESOLVENT_LANE,RC4C-BOUNDARY-01,C4_near_certified_half_plane,5,16,0.1355741507473031,0.1355730084530656,1.1422942375050038e-06,1e-06,INSIDE_CERTIFIED_RESOLVENT_HALF_PLANE,PASS_RECOMPRESSED_NEAR_BOUNDARY,True,True,0.001412090511375836,101990232654.42981,1.3845350428411868e-14,101990232654.42981,4.080543362746696e-12,0.0,NOT_APPLICABLE_FOR_GAUSS_LAGUERRE_INFINITE_INTERVAL,0.0,2.3244290573740514e-09,True,gauss_laguerre_64,1.576596039408205,2.9582091478612806,True,0.4129269052999966,bounded public-safe contract-surrogate resolvent lane; not production ARIN22 kernel validation
DRCET4C_CHERNOFF_REMIZOV_RESOLVENT_LANE,RC4C-BOUNDARY-01,C4_near_certified_half_plane,5,32,0.1355741507473031,0.1355730084530656,1.1422942375050038e-06,1e-06,INSIDE_CERTIFIED_RESOLVENT_HALF_PLANE,PASS_RECOMPRESSED_NEAR_BOUNDARY,True,True,0.0003534263841810352,25497558163.607452,1.3861185526599918e-14,25497558163.607452,4.013496187236051e-12,0.0,NOT_APPLICABLE_FOR_GAUSS_LAGUERRE_INFINITE_INTERVAL,0.0,2.7893148688488617e-09,True,gauss_laguerre_64,1.576589287933472,2.9582091478612806,True,0.4129269052999966,bounded public-safe contract-surrogate resolvent lane; not production ARIN22 kernel validation
DRCET4C_CHERNOFF_REMIZOV_RESOLVENT_LANE,RC4C-BOUNDARY-01,C4_near_certified_half_plane,5,64,0.1355741507473031,0.1355730084530656,1.1422942375050038e-06,1e-06,INSIDE_CERTIFIED_RESOLVENT_HALF_PLANE,PASS_RECOMPRESSED_NEAR_BOUNDARY,True,True,8.838183253039885e-05,6374389540.901863,1.3865144570046841e-14,6374389540.901863,4.031802076936131e-12,0.0,NOT_APPLICABLE_FOR_GAUSS_LAGUERRE_INFINITE_INTERVAL,0.0,3.7190864917984823e-09,True,gauss_laguerre_64,1.57658760023117,2.9582091478612806,True,0.4129269052999966,bounded public-safe contract-surrogate resolvent lane; not production ARIN22 kernel validation
DRCET4C_CHERNOFF_REMIZOV_RESOLVENT_LANE,RC4C-BOUNDARY-01,C4_near_certified_half_plane,5,4,0.13557300959535984,0.1355730084530656,1.1422942314265327e-09,1e-09,INSIDE_CERTIFIED_RESOLVENT_HALF_PLANE,PASS_RECOMPRESSED_NEAR_BOUNDARY,True,True,0.022098010954232784,1.631843739837882e+18,1.3541744478811521e-20,1.631843739837882e+18,4.081246090021289e-12,0.0,NOT_APPLICABLE_FOR_GAUSS_LAGUERRE_INFINITE_INTERVAL,0.0,1.975762934386145e-09,True,gauss_laguerre_64,1.576731290358988,2.9582091478612806,True,0.4129269052999966,bounded public-safe contract-surrogate resolvent lane; not production ARIN22 kernel validation
DRCET4C_CHERNOFF_REMIZOV_RESOLVENT_LANE,RC4C-BOUNDARY-01,C4_near_certified_half_plane,5,8,0.13557300959535984,0.1355730084530656,1.1422942314265327e-09,1e-09,INSIDE_CERTIFIED_RESOLVENT_HALF_PLANE,PASS_RECOMPRESSED_NEAR_BOUNDARY,True,True,0.00562275934512221,4.079609349594705e+17,1.3782592555536747e-20,4.079609349594705e+17,4.07792115528841e-12,0.0,NOT_APPLICABLE_FOR_GAUSS_LAGUERRE_INFINITE_INTERVAL,0.0,2.0919842834676827e-09,True,gauss_laguerre_64,1.5766230559300887,2.9582091478612806,True,0.4129269052999966,bounded public-safe contract-surrogate resolvent lane; not production ARIN22 kernel validation
DRCET4C_CHERNOFF_REMIZOV_RESOLVENT_LANE,RC4C-BOUNDARY-01,C4_near_certified_half_plane,5,16,0.13557300959535984,0.1355730084530656,1.1422942314265327e-09,1e-09,INSIDE_CERTIFIED_RESOLVENT_HALF_PLANE,PASS_RECOMPRESSED_NEAR_BOUNDARY,True,True,0.0014121237991289314,1.0199023373986763e+17,1.384567666283264e-20,1.0199023373986763e+17,4.118405056298008e-12,0.0,NOT_APPLICABLE_FOR_GAUSS_LAGUERRE_INFINITE_INTERVAL,0.0,2.3244269816307582e-09,True,gauss_laguerre_64,1.576596039408205,2.9582091478612806,True,0.4129269052999966,bounded public-safe contract-surrogate resolvent lane; not production ARIN22 kernel validation
DRCET4C_CHERNOFF_REMIZOV_RESOLVENT_LANE,RC4C-BOUNDARY-01,C4_near_certified_half_plane,5,32,0.13557300959535984,0.1355730084530656,1.1422942314265327e-09,1e-09,INSIDE_CERTIFIED_RESOLVENT_HALF_PLANE,PASS_RECOMPRESSED_NEAR_BOUNDARY,True,True,0.0003534347310685812,2.5497558434966908e+16,1.386151273934868e-20,2.5497558434966908e+16,4.077790825678596e-12,0.0,NOT_APPLICABLE_FOR_GAUSS_LAGUERRE_INFINITE_INTERVAL,0.0,2.7893123779569102e-09,True,gauss_laguerre_64,1.576589287933472,2.9582091478612806,True,0.4129269052999966,bounded public-safe contract-surrogate resolvent lane; not production ARIN22 kernel validation
DRCET4C_CHERNOFF_REMIZOV_RESOLVENT_LANE,RC4C-BOUNDARY-01,C4_near_certified_half_plane,5,64,0.13557300959535984,0.1355730084530656,1.1422942314265327e-09,1e-09,INSIDE_CERTIFIED_RESOLVENT_HALF_PLANE,PASS_RECOMPRESSED_NEAR_BOUNDARY,True,True,8.838392076331569e-05,6374389608741727.0,1.3865472019800533e-20,6374389608741727.0,4.035770581579775e-12,0.0,NOT_APPLICABLE_FOR_GAUSS_LAGUERRE_INFINITE_INTERVAL,0.0,3.7190831706092134e-09,True,gauss_laguerre_64,1.57658760023117,2.9582091478612806,True,0.4129269052999966,bounded public-safe contract-surrogate resolvent lane; not production ARIN22 kernel validation
DRCET4C_CHERNOFF_REMIZOV_RESOLVENT_LANE,RC4C-BOUNDARY-01,C4_near_certified_half_plane,5,4,0.1355730084530656,0.1355730084530656,0.0,0.0,OUTSIDE_CERTIFIED_RESOLVENT_HALF_PLANE,SAFE_FAIL_CLOSED_OUTSIDE_CERTIFIED_RESOLVENT_HALF_PLANE,False,True,,,,,,,NOT_APPLICABLE_OUTSIDE_CERTIFIED_RESOLVENT_HALF_PLANE,,,False,gauss_laguerre_64,,,NOT_APPLICABLE_OUTSIDE_CERTIFIED_RESOLVENT_HALF_PLANE,0.4129269052999966,fail_closed_outside_theorem_supported_half_plane_not_resolvent_nonexistence_claim
DRCET4C_CHERNOFF_REMIZOV_RESOLVENT_LANE,RC4C-BOUNDARY-01,C4_near_certified_half_plane,5,8,0.1355730084530656,0.1355730084530656,0.0,0.0,OUTSIDE_CERTIFIED_RESOLVENT_HALF_PLANE,SAFE_FAIL_CLOSED_OUTSIDE_CERTIFIED_RESOLVENT_HALF_PLANE,False,True,,,,,,,NOT_APPLICABLE_OUTSIDE_CERTIFIED_RESOLVENT_HALF_PLANE,,,False,gauss_laguerre_64,,,NOT_APPLICABLE_OUTSIDE_CERTIFIED_RESOLVENT_HALF_PLANE,0.4129269052999966,fail_closed_outside_theorem_supported_half_plane_not_resolvent_nonexistence_claim
DRCET4C_CHERNOFF_REMIZOV_RESOLVENT_LANE,RC4C-BOUNDARY-01,C4_near_certified_half_plane,5,16,0.1355730084530656,0.1355730084530656,0.0,0.0,OUTSIDE_CERTIFIED_RESOLVENT_HALF_PLANE,SAFE_FAIL_CLOSED_OUTSIDE_CERTIFIED_RESOLVENT_HALF_PLANE,False,True,,,,,,,NOT_APPLICABLE_OUTSIDE_CERTIFIED_RESOLVENT_HALF_PLANE,,,False,gauss_laguerre_64,,,NOT_APPLICABLE_OUTSIDE_CERTIFIED_RESOLVENT_HALF_PLANE,0.4129269052999966,fail_closed_outside_theorem_supported_half_plane_not_resolvent_nonexistence_claim
DRCET4C_CHERNOFF_REMIZOV_RESOLVENT_LANE,RC4C-BOUNDARY-01,C4_near_certified_half_plane,5,32,0.1355730084530656,0.1355730084530656,0.0,0.0,OUTSIDE_CERTIFIED_RESOLVENT_HALF_PLANE,SAFE_FAIL_CLOSED_OUTSIDE_CERTIFIED_RESOLVENT_HALF_PLANE,False,True,,,,,,,NOT_APPLICABLE_OUTSIDE_CERTIFIED_RESOLVENT_HALF_PLANE,,,False,gauss_laguerre_64,,,NOT_APPLICABLE_OUTSIDE_CERTIFIED_RESOLVENT_HALF_PLANE,0.4129269052999966,fail_closed_outside_theorem_supported_half_plane_not_resolvent_nonexistence_claim
DRCET4C_CHERNOFF_REMIZOV_RESOLVENT_LANE,RC4C-BOUNDARY-01,C4_near_certified_half_plane,5,64,0.1355730084530656,0.1355730084530656,0.0,0.0,OUTSIDE_CERTIFIED_RESOLVENT_HALF_PLANE,SAFE_FAIL_CLOSED_OUTSIDE_CERTIFIED_RESOLVENT_HALF_PLANE,False,True,,,,,,,NOT_APPLICABLE_OUTSIDE_CERTIFIED_RESOLVENT_HALF_PLANE,,,False,gauss_laguerre_64,,,NOT_APPLICABLE_OUTSIDE_CERTIFIED_RESOLVENT_HALF_PLANE,0.4129269052999966,fail_closed_outside_theorem_supported_half_plane_not_resolvent_nonexistence_claim
DRCET4C_CHERNOFF_REMIZOV_RESOLVENT_LANE,RC4C-BOUNDARY-01,C4_near_certified_half_plane,5,4,0.13557300731077138,0.1355730084530656,-1.1422942314265327e-09,-1e-09,OUTSIDE_CERTIFIED_RESOLVENT_HALF_PLANE,SAFE_FAIL_CLOSED_OUTSIDE_CERTIFIED_RESOLVENT_HALF_PLANE,False,True,,,,,,,NOT_APPLICABLE_OUTSIDE_CERTIFIED_RESOLVENT_HALF_PLANE,,,False,gauss_laguerre_64,,,NOT_APPLICABLE_OUTSIDE_CERTIFIED_RESOLVENT_HALF_PLANE,0.4129269052999966,fail_closed_outside_theorem_supported_half_plane_not_resolvent_nonexistence_claim
DRCET4C_CHERNOFF_REMIZOV_RESOLVENT_LANE,RC4C-BOUNDARY-01,C4_near_certified_half_plane,5,8,0.13557300731077138,0.1355730084530656,-1.1422942314265327e-09,-1e-09,OUTSIDE_CERTIFIED_RESOLVENT_HALF_PLANE,SAFE_FAIL_CLOSED_OUTSIDE_CERTIFIED_RESOLVENT_HALF_PLANE,False,True,,,,,,,NOT_APPLICABLE_OUTSIDE_CERTIFIED_RESOLVENT_HALF_PLANE,,,False,gauss_laguerre_64,,,NOT_APPLICABLE_OUTSIDE_CERTIFIED_RESOLVENT_HALF_PLANE,0.4129269052999966,fail_closed_outside_theorem_supported_half_plane_not_resolvent_nonexistence_claim
DRCET4C_CHERNOFF_REMIZOV_RESOLVENT_LANE,RC4C-BOUNDARY-01,C4_near_certified_half_plane,5,16,0.13557300731077138,0.1355730084530656,-1.1422942314265327e-09,-1e-09,OUTSIDE_CERTIFIED_RESOLVENT_HALF_PLANE,SAFE_FAIL_CLOSED_OUTSIDE_CERTIFIED_RESOLVENT_HALF_PLANE,False,True,,,,,,,NOT_APPLICABLE_OUTSIDE_CERTIFIED_RESOLVENT_HALF_PLANE,,,False,gauss_laguerre_64,,,NOT_APPLICABLE_OUTSIDE_CERTIFIED_RESOLVENT_HALF_PLANE,0.4129269052999966,fail_closed_outside_theorem_supported_half_plane_not_resolvent_nonexistence_claim
DRCET4C_CHERNOFF_REMIZOV_RESOLVENT_LANE,RC4C-BOUNDARY-01,C4_near_certified_half_plane,5,32,0.13557300731077138,0.1355730084530656,-1.1422942314265327e-09,-1e-09,OUTSIDE_CERTIFIED_RESOLVENT_HALF_PLANE,SAFE_FAIL_CLOSED_OUTSIDE_CERTIFIED_RESOLVENT_HALF_PLANE,False,True,,,,,,,NOT_APPLICABLE_OUTSIDE_CERTIFIED_RESOLVENT_HALF_PLANE,,,False,gauss_laguerre_64,,,NOT_APPLICABLE_OUTSIDE_CERTIFIED_RESOLVENT_HALF_PLANE,0.4129269052999966,fail_closed_outside_theorem_supported_half_plane_not_resolvent_nonexistence_claim
DRCET4C_CHERNOFF_REMIZOV_RESOLVENT_LANE,RC4C-BOUNDARY-01,C4_near_certified_half_plane,5,64,0.13557300731077138,0.1355730084530656,-1.1422942314265327e-09,-1e-09,OUTSIDE_CERTIFIED_RESOLVENT_HALF_PLANE,SAFE_FAIL_CLOSED_OUTSIDE_CERTIFIED_RESOLVENT_HALF_PLANE,False,True,,,,,,,NOT_APPLICABLE_OUTSIDE_CERTIFIED_RESOLVENT_HALF_PLANE,,,False,gauss_laguerre_64,,,NOT_APPLICABLE_OUTSIDE_CERTIFIED_RESOLVENT_HALF_PLANE,0.4129269052999966,fail_closed_outside_theorem_supported_half_plane_not_resolvent_nonexistence_claim
DRCET4C_CHERNOFF_REMIZOV_RESOLVENT_LANE,RC4C-BOUNDARY-01,C4_near_certified_half_plane,5,4,0.1355718661588281,0.1355730084530656,-1.1422942375050038e-06,-1e-06,OUTSIDE_CERTIFIED_RESOLVENT_HALF_PLANE,SAFE_FAIL_CLOSED_OUTSIDE_CERTIFIED_RESOLVENT_HALF_PLANE,False,True,,,,,,,NOT_APPLICABLE_OUTSIDE_CERTIFIED_RESOLVENT_HALF_PLANE,,,False,gauss_laguerre_64,,,NOT_APPLICABLE_OUTSIDE_CERTIFIED_RESOLVENT_HALF_PLANE,0.4129269052999966,fail_closed_outside_theorem_supported_half_plane_not_resolvent_nonexistence_claim
DRCET4C_CHERNOFF_REMIZOV_RESOLVENT_LANE,RC4C-BOUNDARY-01,C4_near_certified_half_plane,5,8,0.1355718661588281,0.1355730084530656,-1.1422942375050038e-06,-1e-06,OUTSIDE_CERTIFIED_RESOLVENT_HALF_PLANE,SAFE_FAIL_CLOSED_OUTSIDE_CERTIFIED_RESOLVENT_HALF_PLANE,False,True,,,,,,,NOT_APPLICABLE_OUTSIDE_CERTIFIED_RESOLVENT_HALF_PLANE,,,False,gauss_laguerre_64,,,NOT_APPLICABLE_OUTSIDE_CERTIFIED_RESOLVENT_HALF_PLANE,0.4129269052999966,fail_closed_outside_theorem_supported_half_plane_not_resolvent_nonexistence_claim
DRCET4C_CHERNOFF_REMIZOV_RESOLVENT_LANE,RC4C-BOUNDARY-01,C4_near_certified_half_plane,5,16,0.1355718661588281,0.1355730084530656,-1.1422942375050038e-06,-1e-06,OUTSIDE_CERTIFIED_RESOLVENT_HALF_PLANE,SAFE_FAIL_CLOSED_OUTSIDE_CERTIFIED_RESOLVENT_HALF_PLANE,False,True,,,,,,,NOT_APPLICABLE_OUTSIDE_CERTIFIED_RESOLVENT_HALF_PLANE,,,False,gauss_laguerre_64,,,NOT_APPLICABLE_OUTSIDE_CERTIFIED_RESOLVENT_HALF_PLANE,0.4129269052999966,fail_closed_outside_theorem_supported_half_plane_not_resolvent_nonexistence_claim
DRCET4C_CHERNOFF_REMIZOV_RESOLVENT_LANE,RC4C-BOUNDARY-01,C4_near_certified_half_plane,5,32,0.1355718661588281,0.1355730084530656,-1.1422942375050038e-06,-1e-06,OUTSIDE_CERTIFIED_RESOLVENT_HALF_PLANE,SAFE_FAIL_CLOSED_OUTSIDE_CERTIFIED_RESOLVENT_HALF_PLANE,False,True,,,,,,,NOT_APPLICABLE_OUTSIDE_CERTIFIED_RESOLVENT_HALF_PLANE,,,False,gauss_laguerre_64,,,NOT_APPLICABLE_OUTSIDE_CERTIFIED_RESOLVENT_HALF_PLANE,0.4129269052999966,fail_closed_outside_theorem_supported_half_plane_not_resolvent_nonexistence_claim
DRCET4C_CHERNOFF_REMIZOV_RESOLVENT_LANE,RC4C-BOUNDARY-01,C4_near_certified_half_plane,5,64,0.1355718661588281,0.1355730084530656,-1.1422942375050038e-06,-1e-06,OUTSIDE_CERTIFIED_RESOLVENT_HALF_PLANE,SAFE_FAIL_CLOSED_OUTSIDE_CERTIFIED_RESOLVENT_HALF_PLANE,False,True,,,,,,,NOT_APPLICABLE_OUTSIDE_CERTIFIED_RESOLVENT_HALF_PLANE,,,False,gauss_laguerre_64,,,NOT_APPLICABLE_OUTSIDE_CERTIFIED_RESOLVENT_HALF_PLANE,0.4129269052999966,fail_closed_outside_theorem_supported_half_plane_not_resolvent_nonexistence_claim
DRCET4C_CHERNOFF_REMIZOV_RESOLVENT_LANE,RC4C-BOUNDARY-01,C4_near_certified_half_plane,5,4,0.1354587790293142,0.1355730084530656,-0.00011422942375141631,-0.0001,OUTSIDE_CERTIFIED_RESOLVENT_HALF_PLANE,SAFE_FAIL_CLOSED_OUTSIDE_CERTIFIED_RESOLVENT_HALF_PLANE,False,True,,,,,,,NOT_APPLICABLE_OUTSIDE_CERTIFIED_RESOLVENT_HALF_PLANE,,,False,gauss_laguerre_64,,,NOT_APPLICABLE_OUTSIDE_CERTIFIED_RESOLVENT_HALF_PLANE,0.4129269052999966,fail_closed_outside_theorem_supported_half_plane_not_resolvent_nonexistence_claim
DRCET4C_CHERNOFF_REMIZOV_RESOLVENT_LANE,RC4C-BOUNDARY-01,C4_near_certified_half_plane,5,8,0.1354587790293142,0.1355730084530656,-0.00011422942375141631,-0.0001,OUTSIDE_CERTIFIED_RESOLVENT_HALF_PLANE,SAFE_FAIL_CLOSED_OUTSIDE_CERTIFIED_RESOLVENT_HALF_PLANE,False,True,,,,,,,NOT_APPLICABLE_OUTSIDE_CERTIFIED_RESOLVENT_HALF_PLANE,,,False,gauss_laguerre_64,,,NOT_APPLICABLE_OUTSIDE_CERTIFIED_RESOLVENT_HALF_PLANE,0.4129269052999966,fail_closed_outside_theorem_supported_half_plane_not_resolvent_nonexistence_claim
DRCET4C_CHERNOFF_REMIZOV_RESOLVENT_LANE,RC4C-BOUNDARY-01,C4_near_certified_half_plane,5,16,0.1354587790293142,0.1355730084530656,-0.00011422942375141631,-0.0001,OUTSIDE_CERTIFIED_RESOLVENT_HALF_PLANE,SAFE_FAIL_CLOSED_OUTSIDE_CERTIFIED_RESOLVENT_HALF_PLANE,False,True,,,,,,,NOT_APPLICABLE_OUTSIDE_CERTIFIED_RESOLVENT_HALF_PLANE,,,False,gauss_laguerre_64,,,NOT_APPLICABLE_OUTSIDE_CERTIFIED_RESOLVENT_HALF_PLANE,0.4129269052999966,fail_closed_outside_theorem_supported_half_plane_not_resolvent_nonexistence_claim
DRCET4C_CHERNOFF_REMIZOV_RESOLVENT_LANE,RC4C-BOUNDARY-01,C4_near_certified_half_plane,5,32,0.1354587790293142,0.1355730084530656,-0.00011422942375141631,-0.0001,OUTSIDE_CERTIFIED_RESOLVENT_HALF_PLANE,SAFE_FAIL_CLOSED_OUTSIDE_CERTIFIED_RESOLVENT_HALF_PLANE,False,True,,,,,,,NOT_APPLICABLE_OUTSIDE_CERTIFIED_RESOLVENT_HALF_PLANE,,,False,gauss_laguerre_64,,,NOT_APPLICABLE_OUTSIDE_CERTIFIED_RESOLVENT_HALF_PLANE,0.4129269052999966,fail_closed_outside_theorem_supported_half_plane_not_resolvent_nonexistence_claim
DRCET4C_CHERNOFF_REMIZOV_RESOLVENT_LANE,RC4C-BOUNDARY-01,C4_near_certified_half_plane,5,64,0.1354587790293142,0.1355730084530656,-0.00011422942375141631,-0.0001,OUTSIDE_CERTIFIED_RESOLVENT_HALF_PLANE,SAFE_FAIL_CLOSED_OUTSIDE_CERTIFIED_RESOLVENT_HALF_PLANE,False,True,,,,,,,NOT_APPLICABLE_OUTSIDE_CERTIFIED_RESOLVENT_HALF_PLANE,,,False,gauss_laguerre_64,,,NOT_APPLICABLE_OUTSIDE_CERTIFIED_RESOLVENT_HALF_PLANE,0.4129269052999966,fail_closed_outside_theorem_supported_half_plane_not_resolvent_nonexistence_claim
DRCET4C_CHERNOFF_REMIZOV_RESOLVENT_LANE,RC4C-BOUNDARY-01,C4_near_certified_half_plane,5,4,0.13443071421555133,0.1355730084530656,-0.0011422942375142742,-0.001,OUTSIDE_CERTIFIED_RESOLVENT_HALF_PLANE,SAFE_FAIL_CLOSED_OUTSIDE_CERTIFIED_RESOLVENT_HALF_PLANE,False,True,,,,,,,NOT_APPLICABLE_OUTSIDE_CERTIFIED_RESOLVENT_HALF_PLANE,,,False,gauss_laguerre_64,,,NOT_APPLICABLE_OUTSIDE_CERTIFIED_RESOLVENT_HALF_PLANE,0.4129269052999966,fail_closed_outside_theorem_supported_half_plane_not_resolvent_nonexistence_claim
DRCET4C_CHERNOFF_REMIZOV_RESOLVENT_LANE,RC4C-BOUNDARY-01,C4_near_certified_half_plane,5,8,0.13443071421555133,0.1355730084530656,-0.0011422942375142742,-0.001,OUTSIDE_CERTIFIED_RESOLVENT_HALF_PLANE,SAFE_FAIL_CLOSED_OUTSIDE_CERTIFIED_RESOLVENT_HALF_PLANE,False,True,,,,,,,NOT_APPLICABLE_OUTSIDE_CERTIFIED_RESOLVENT_HALF_PLANE,,,False,gauss_laguerre_64,,,NOT_APPLICABLE_OUTSIDE_CERTIFIED_RESOLVENT_HALF_PLANE,0.4129269052999966,fail_closed_outside_theorem_supported_half_plane_not_resolvent_nonexistence_claim
DRCET4C_CHERNOFF_REMIZOV_RESOLVENT_LANE,RC4C-BOUNDARY-01,C4_near_certified_half_plane,5,16,0.13443071421555133,0.1355730084530656,-0.0011422942375142742,-0.001,OUTSIDE_CERTIFIED_RESOLVENT_HALF_PLANE,SAFE_FAIL_CLOSED_OUTSIDE_CERTIFIED_RESOLVENT_HALF_PLANE,False,True,,,,,,,NOT_APPLICABLE_OUTSIDE_CERTIFIED_RESOLVENT_HALF_PLANE,,,False,gauss_laguerre_64,,,NOT_APPLICABLE_OUTSIDE_CERTIFIED_RESOLVENT_HALF_PLANE,0.4129269052999966,fail_closed_outside_theorem_supported_half_plane_not_resolvent_nonexistence_claim
DRCET4C_CHERNOFF_REMIZOV_RESOLVENT_LANE,RC4C-BOUNDARY-01,C4_near_certified_half_plane,5,32,0.13443071421555133,0.1355730084530656,-0.0011422942375142742,-0.001,OUTSIDE_CERTIFIED_RESOLVENT_HALF_PLANE,SAFE_FAIL_CLOSED_OUTSIDE_CERTIFIED_RESOLVENT_HALF_PLANE,False,True,,,,,,,NOT_APPLICABLE_OUTSIDE_CERTIFIED_RESOLVENT_HALF_PLANE,,,False,gauss_laguerre_64,,,NOT_APPLICABLE_OUTSIDE_CERTIFIED_RESOLVENT_HALF_PLANE,0.4129269052999966,fail_closed_outside_theorem_supported_half_plane_not_resolvent_nonexistence_claim
DRCET4C_CHERNOFF_REMIZOV_RESOLVENT_LANE,RC4C-BOUNDARY-01,C4_near_certified_half_plane,5,64,0.13443071421555133,0.1355730084530656,-0.0011422942375142742,-0.001,OUTSIDE_CERTIFIED_RESOLVENT_HALF_PLANE,SAFE_FAIL_CLOSED_OUTSIDE_CERTIFIED_RESOLVENT_HALF_PLANE,False,True,,,,,,,NOT_APPLICABLE_OUTSIDE_CERTIFIED_RESOLVENT_HALF_PLANE,,,False,gauss_laguerre_64,,,NOT_APPLICABLE_OUTSIDE_CERTIFIED_RESOLVENT_HALF_PLANE,0.4129269052999966,fail_closed_outside_theorem_supported_half_plane_not_resolvent_nonexistence_claim
DRCET4C_CHERNOFF_REMIZOV_RESOLVENT_LANE,RC4C-BOUNDARY-01,C4_near_certified_half_plane,5,4,0.12986153726549418,0.1355730084530656,-0.005711471187571426,-0.005,OUTSIDE_CERTIFIED_RESOLVENT_HALF_PLANE,SAFE_FAIL_CLOSED_OUTSIDE_CERTIFIED_RESOLVENT_HALF_PLANE,False,True,,,,,,,NOT_APPLICABLE_OUTSIDE_CERTIFIED_RESOLVENT_HALF_PLANE,,,False,gauss_laguerre_64,,,NOT_APPLICABLE_OUTSIDE_CERTIFIED_RESOLVENT_HALF_PLANE,0.4129269052999966,fail_closed_outside_theorem_supported_half_plane_not_resolvent_nonexistence_claim
DRCET4C_CHERNOFF_REMIZOV_RESOLVENT_LANE,RC4C-BOUNDARY-01,C4_near_certified_half_plane,5,8,0.12986153726549418,0.1355730084530656,-0.005711471187571426,-0.005,OUTSIDE_CERTIFIED_RESOLVENT_HALF_PLANE,SAFE_FAIL_CLOSED_OUTSIDE_CERTIFIED_RESOLVENT_HALF_PLANE,False,True,,,,,,,NOT_APPLICABLE_OUTSIDE_CERTIFIED_RESOLVENT_HALF_PLANE,,,False,gauss_laguerre_64,,,NOT_APPLICABLE_OUTSIDE_CERTIFIED_RESOLVENT_HALF_PLANE,0.4129269052999966,fail_closed_outside_theorem_supported_half_plane_not_resolvent_nonexistence_claim
DRCET4C_CHERNOFF_REMIZOV_RESOLVENT_LANE,RC4C-BOUNDARY-01,C4_near_certified_half_plane,5,16,0.12986153726549418,0.1355730084530656,-0.005711471187571426,-0.005,OUTSIDE_CERTIFIED_RESOLVENT_HALF_PLANE,SAFE_FAIL_CLOSED_OUTSIDE_CERTIFIED_RESOLVENT_HALF_PLANE,False,True,,,,,,,NOT_APPLICABLE_OUTSIDE_CERTIFIED_RESOLVENT_HALF_PLANE,,,False,gauss_laguerre_64,,,NOT_APPLICABLE_OUTSIDE_CERTIFIED_RESOLVENT_HALF_PLANE,0.4129269052999966,fail_closed_outside_theorem_supported_half_plane_not_resolvent_nonexistence_claim
DRCET4C_CHERNOFF_REMIZOV_RESOLVENT_LANE,RC4C-BOUNDARY-01,C4_near_certified_half_plane,5,32,0.12986153726549418,0.1355730084530656,-0.005711471187571426,-0.005,OUTSIDE_CERTIFIED_RESOLVENT_HALF_PLANE,SAFE_FAIL_CLOSED_OUTSIDE_CERTIFIED_RESOLVENT_HALF_PLANE,False,True,,,,,,,NOT_APPLICABLE_OUTSIDE_CERTIFIED_RESOLVENT_HALF_PLANE,,,False,gauss_laguerre_64,,,NOT_APPLICABLE_OUTSIDE_CERTIFIED_RESOLVENT_HALF_PLANE,0.4129269052999966,fail_closed_outside_theorem_supported_half_plane_not_resolvent_nonexistence_claim
DRCET4C_CHERNOFF_REMIZOV_RESOLVENT_LANE,RC4C-BOUNDARY-01,C4_near_certified_half_plane,5,64,0.12986153726549418,0.1355730084530656,-0.005711471187571426,-0.005,OUTSIDE_CERTIFIED_RESOLVENT_HALF_PLANE,SAFE_FAIL_CLOSED_OUTSIDE_CERTIFIED_RESOLVENT_HALF_PLANE,False,True,,,,,,,NOT_APPLICABLE_OUTSIDE_CERTIFIED_RESOLVENT_HALF_PLANE,,,False,gauss_laguerre_64,,,NOT_APPLICABLE_OUTSIDE_CERTIFIED_RESOLVENT_HALF_PLANE,0.4129269052999966,fail_closed_outside_theorem_supported_half_plane_not_resolvent_nonexistence_claim
