case_id,family,dimension,step_count,conjugacy_class,lie_solver,strang_solver,identity_checked,relative_conjugacy_residual,max_eigenvalue_abs_delta,threshold,status,interpretation
A1-COMM-01,A1_commuting_control,2,4,AB_LIE_STRANG_SIMILAR_PROPAGATOR_CLASS,LIE_AB,STRANG_ABA,STRANG_ABA^n P_A == P_A LIE_AB^n,5.451888856545083e-16,4.440892098500626e-16,1e-12,PASS_CONJUGACY_NUMERIC_WITNESS,Spectral-abscissa error cannot rank Lie vs Strang inside this class; use e_lambda only as a release gate against the reference.
A1-COMM-01,A1_commuting_control,2,4,BA_LIE_STRANG_SIMILAR_PROPAGATOR_CLASS,LIE_BA,STRANG_BAB,STRANG_BAB^n P_B == P_B LIE_BA^n,4.623443884880429e-16,4.440892098500626e-16,1e-12,PASS_CONJUGACY_NUMERIC_WITNESS,Spectral-abscissa error cannot rank Lie vs Strang inside this class; use e_lambda only as a release gate against the reference.
A1-COMM-01,A1_commuting_control,2,8,AB_LIE_STRANG_SIMILAR_PROPAGATOR_CLASS,LIE_AB,STRANG_ABA,STRANG_ABA^n P_A == P_A LIE_AB^n,3.7856387956533845e-16,4.440892098500626e-16,1e-12,PASS_CONJUGACY_NUMERIC_WITNESS,Spectral-abscissa error cannot rank Lie vs Strang inside this class; use e_lambda only as a release gate against the reference.
A1-COMM-01,A1_commuting_control,2,8,BA_LIE_STRANG_SIMILAR_PROPAGATOR_CLASS,LIE_BA,STRANG_BAB,STRANG_BAB^n P_B == P_B LIE_BA^n,7.542528203562097e-16,7.771561172376096e-16,1e-12,PASS_CONJUGACY_NUMERIC_WITNESS,Spectral-abscissa error cannot rank Lie vs Strang inside this class; use e_lambda only as a release gate against the reference.
A1-COMM-01,A1_commuting_control,2,16,AB_LIE_STRANG_SIMILAR_PROPAGATOR_CLASS,LIE_AB,STRANG_ABA,STRANG_ABA^n P_A == P_A LIE_AB^n,1.6157406600471044e-15,1.6653345369377348e-15,1e-12,PASS_CONJUGACY_NUMERIC_WITNESS,Spectral-abscissa error cannot rank Lie vs Strang inside this class; use e_lambda only as a release gate against the reference.
A1-COMM-01,A1_commuting_control,2,16,BA_LIE_STRANG_SIMILAR_PROPAGATOR_CLASS,LIE_BA,STRANG_BAB,STRANG_BAB^n P_B == P_B LIE_BA^n,8.60075136463424e-16,8.881784197001252e-16,1e-12,PASS_CONJUGACY_NUMERIC_WITNESS,Spectral-abscissa error cannot rank Lie vs Strang inside this class; use e_lambda only as a release gate against the reference.
A1-COMM-01,A1_commuting_control,2,32,AB_LIE_STRANG_SIMILAR_PROPAGATOR_CLASS,LIE_AB,STRANG_ABA,STRANG_ABA^n P_A == P_A LIE_AB^n,1.612377154812737e-15,1.6653345369377348e-15,1e-12,PASS_CONJUGACY_NUMERIC_WITNESS,Spectral-abscissa error cannot rank Lie vs Strang inside this class; use e_lambda only as a release gate against the reference.
A1-COMM-01,A1_commuting_control,2,32,BA_LIE_STRANG_SIMILAR_PROPAGATOR_CLASS,LIE_BA,STRANG_BAB,STRANG_BAB^n P_B == P_B LIE_BA^n,2.8994802578969724e-15,2.9976021664879227e-15,1e-12,PASS_CONJUGACY_NUMERIC_WITNESS,Spectral-abscissa error cannot rank Lie vs Strang inside this class; use e_lambda only as a release gate against the reference.
A1-COMM-01,A1_commuting_control,2,64,AB_LIE_STRANG_SIMILAR_PROPAGATOR_CLASS,LIE_AB,STRANG_ABA,STRANG_ABA^n P_A == P_A LIE_AB^n,6.442755950532499e-15,6.661338147750939e-15,1e-12,PASS_CONJUGACY_NUMERIC_WITNESS,Spectral-abscissa error cannot rank Lie vs Strang inside this class; use e_lambda only as a release gate against the reference.
A1-COMM-01,A1_commuting_control,2,64,BA_LIE_STRANG_SIMILAR_PROPAGATOR_CLASS,LIE_BA,STRANG_BAB,STRANG_BAB^n P_B == P_B LIE_BA^n,6.224986743321468e-15,6.439293542825908e-15,1e-12,PASS_CONJUGACY_NUMERIC_WITNESS,Spectral-abscissa error cannot rank Lie vs Strang inside this class; use e_lambda only as a release gate against the reference.
A1-COMM-01,A1_commuting_control,2,128,AB_LIE_STRANG_SIMILAR_PROPAGATOR_CLASS,LIE_AB,STRANG_ABA,STRANG_ABA^n P_A == P_A LIE_AB^n,1.4185816359807273e-14,1.3100631690576847e-14,1e-12,PASS_CONJUGACY_NUMERIC_WITNESS,Spectral-abscissa error cannot rank Lie vs Strang inside this class; use e_lambda only as a release gate against the reference.
A1-COMM-01,A1_commuting_control,2,128,BA_LIE_STRANG_SIMILAR_PROPAGATOR_CLASS,LIE_BA,STRANG_BAB,STRANG_BAB^n P_B == P_B LIE_BA^n,1.4659385357663834e-14,1.354472090042691e-14,1e-12,PASS_CONJUGACY_NUMERIC_WITNESS,Spectral-abscissa error cannot rank Lie vs Strang inside this class; use e_lambda only as a release gate against the reference.
A1-COMM-01,A1_commuting_control,2,256,AB_LIE_STRANG_SIMILAR_PROPAGATOR_CLASS,LIE_AB,STRANG_ABA,STRANG_ABA^n P_A == P_A LIE_AB^n,2.5750720769086675e-14,2.6645352591003757e-14,1e-12,PASS_CONJUGACY_NUMERIC_WITNESS,Spectral-abscissa error cannot rank Lie vs Strang inside this class; use e_lambda only as a release gate against the reference.
A1-COMM-01,A1_commuting_control,2,256,BA_LIE_STRANG_SIMILAR_PROPAGATOR_CLASS,LIE_BA,STRANG_BAB,STRANG_BAB^n P_B == P_B LIE_BA^n,1.2927442131889019e-14,1.3378187446733136e-14,1e-12,PASS_CONJUGACY_NUMERIC_WITNESS,Spectral-abscissa error cannot rank Lie vs Strang inside this class; use e_lambda only as a release gate against the reference.
A1-COMM-01,A1_commuting_control,2,512,AB_LIE_STRANG_SIMILAR_PROPAGATOR_CLASS,LIE_AB,STRANG_ABA,STRANG_ABA^n P_A == P_A LIE_AB^n,5.18165080103827e-14,5.362377208939506e-14,1e-12,PASS_CONJUGACY_NUMERIC_WITNESS,Spectral-abscissa error cannot rank Lie vs Strang inside this class; use e_lambda only as a release gate against the reference.
A1-COMM-01,A1_commuting_control,2,512,BA_LIE_STRANG_SIMILAR_PROPAGATOR_CLASS,LIE_BA,STRANG_BAB,STRANG_BAB^n P_B == P_B LIE_BA^n,5.18133697195147e-14,5.362377208939506e-14,1e-12,PASS_CONJUGACY_NUMERIC_WITNESS,Spectral-abscissa error cannot rank Lie vs Strang inside this class; use e_lambda only as a release gate against the reference.
A1-COMM-02,A1_commuting_control,4,4,AB_LIE_STRANG_SIMILAR_PROPAGATOR_CLASS,LIE_AB,STRANG_ABA,STRANG_ABA^n P_A == P_A LIE_AB^n,5.504581403464044e-16,4.440892098500626e-16,1e-12,PASS_CONJUGACY_NUMERIC_WITNESS,Spectral-abscissa error cannot rank Lie vs Strang inside this class; use e_lambda only as a release gate against the reference.
A1-COMM-02,A1_commuting_control,4,4,BA_LIE_STRANG_SIMILAR_PROPAGATOR_CLASS,LIE_BA,STRANG_BAB,STRANG_BAB^n P_B == P_B LIE_BA^n,5.148467915677813e-16,4.440892098500626e-16,1e-12,PASS_CONJUGACY_NUMERIC_WITNESS,Spectral-abscissa error cannot rank Lie vs Strang inside this class; use e_lambda only as a release gate against the reference.
A1-COMM-02,A1_commuting_control,4,8,AB_LIE_STRANG_SIMILAR_PROPAGATOR_CLASS,LIE_AB,STRANG_ABA,STRANG_ABA^n P_A == P_A LIE_AB^n,3.0759322913362315e-16,4.440892098500626e-16,1e-12,PASS_CONJUGACY_NUMERIC_WITNESS,Spectral-abscissa error cannot rank Lie vs Strang inside this class; use e_lambda only as a release gate against the reference.
A1-COMM-02,A1_commuting_control,4,8,BA_LIE_STRANG_SIMILAR_PROPAGATOR_CLASS,LIE_BA,STRANG_BAB,STRANG_BAB^n P_B == P_B LIE_BA^n,9.04759011107393e-16,7.771561172376096e-16,1e-12,PASS_CONJUGACY_NUMERIC_WITNESS,Spectral-abscissa error cannot rank Lie vs Strang inside this class; use e_lambda only as a release gate against the reference.
A1-COMM-02,A1_commuting_control,4,16,AB_LIE_STRANG_SIMILAR_PROPAGATOR_CLASS,LIE_AB,STRANG_ABA,STRANG_ABA^n P_A == P_A LIE_AB^n,1.3097844256578875e-15,1.6653345369377348e-15,1e-12,PASS_CONJUGACY_NUMERIC_WITNESS,Spectral-abscissa error cannot rank Lie vs Strang inside this class; use e_lambda only as a release gate against the reference.
A1-COMM-02,A1_commuting_control,4,16,BA_LIE_STRANG_SIMILAR_PROPAGATOR_CLASS,LIE_BA,STRANG_BAB,STRANG_BAB^n P_B == P_B LIE_BA^n,1.0152654276261817e-15,1.1102230246251565e-15,1e-12,PASS_CONJUGACY_NUMERIC_WITNESS,Spectral-abscissa error cannot rank Lie vs Strang inside this class; use e_lambda only as a release gate against the reference.
A1-COMM-02,A1_commuting_control,4,32,AB_LIE_STRANG_SIMILAR_PROPAGATOR_CLASS,LIE_AB,STRANG_ABA,STRANG_ABA^n P_A == P_A LIE_AB^n,1.4360834169311664e-15,1.8318679906315083e-15,1e-12,PASS_CONJUGACY_NUMERIC_WITNESS,Spectral-abscissa error cannot rank Lie vs Strang inside this class; use e_lambda only as a release gate against the reference.
A1-COMM-02,A1_commuting_control,4,32,BA_LIE_STRANG_SIMILAR_PROPAGATOR_CLASS,LIE_BA,STRANG_BAB,STRANG_BAB^n P_B == P_B LIE_BA^n,3.0267328731538032e-15,2.9976021664879227e-15,1e-12,PASS_CONJUGACY_NUMERIC_WITNESS,Spectral-abscissa error cannot rank Lie vs Strang inside this class; use e_lambda only as a release gate against the reference.
A1-COMM-02,A1_commuting_control,4,64,AB_LIE_STRANG_SIMILAR_PROPAGATOR_CLASS,LIE_AB,STRANG_ABA,STRANG_ABA^n P_A == P_A LIE_AB^n,7.035939906676224e-15,6.661338147750939e-15,1e-12,PASS_CONJUGACY_NUMERIC_WITNESS,Spectral-abscissa error cannot rank Lie vs Strang inside this class; use e_lambda only as a release gate against the reference.
A1-COMM-02,A1_commuting_control,4,64,BA_LIE_STRANG_SIMILAR_PROPAGATOR_CLASS,LIE_BA,STRANG_BAB,STRANG_BAB^n P_B == P_B LIE_BA^n,6.976556678359887e-15,6.439293542825908e-15,1e-12,PASS_CONJUGACY_NUMERIC_WITNESS,Spectral-abscissa error cannot rank Lie vs Strang inside this class; use e_lambda only as a release gate against the reference.
A1-COMM-02,A1_commuting_control,4,128,AB_LIE_STRANG_SIMILAR_PROPAGATOR_CLASS,LIE_AB,STRANG_ABA,STRANG_ABA^n P_A == P_A LIE_AB^n,1.3768427734474209e-14,1.3100631690576847e-14,1e-12,PASS_CONJUGACY_NUMERIC_WITNESS,Spectral-abscissa error cannot rank Lie vs Strang inside this class; use e_lambda only as a release gate against the reference.
A1-COMM-02,A1_commuting_control,4,128,BA_LIE_STRANG_SIMILAR_PROPAGATOR_CLASS,LIE_BA,STRANG_BAB,STRANG_BAB^n P_B == P_B LIE_BA^n,1.2696869112101014e-14,1.354472090042691e-14,1e-12,PASS_CONJUGACY_NUMERIC_WITNESS,Spectral-abscissa error cannot rank Lie vs Strang inside this class; use e_lambda only as a release gate against the reference.
A1-COMM-02,A1_commuting_control,4,256,AB_LIE_STRANG_SIMILAR_PROPAGATOR_CLASS,LIE_AB,STRANG_ABA,STRANG_ABA^n P_A == P_A LIE_AB^n,2.7861052590230362e-14,2.6645352591003757e-14,1e-12,PASS_CONJUGACY_NUMERIC_WITNESS,Spectral-abscissa error cannot rank Lie vs Strang inside this class; use e_lambda only as a release gate against the reference.
A1-COMM-02,A1_commuting_control,4,256,BA_LIE_STRANG_SIMILAR_PROPAGATOR_CLASS,LIE_BA,STRANG_BAB,STRANG_BAB^n P_B == P_B LIE_BA^n,1.483770552469709e-14,1.8984813721090177e-14,1e-12,PASS_CONJUGACY_NUMERIC_WITNESS,Spectral-abscissa error cannot rank Lie vs Strang inside this class; use e_lambda only as a release gate against the reference.
A1-COMM-02,A1_commuting_control,4,512,AB_LIE_STRANG_SIMILAR_PROPAGATOR_CLASS,LIE_AB,STRANG_ABA,STRANG_ABA^n P_A == P_A LIE_AB^n,4.727050263755797e-14,5.362377208939506e-14,1e-12,PASS_CONJUGACY_NUMERIC_WITNESS,Spectral-abscissa error cannot rank Lie vs Strang inside this class; use e_lambda only as a release gate against the reference.
A1-COMM-02,A1_commuting_control,4,512,BA_LIE_STRANG_SIMILAR_PROPAGATOR_CLASS,LIE_BA,STRANG_BAB,STRANG_BAB^n P_B == P_B LIE_BA^n,5.404260058389634e-14,5.362377208939506e-14,1e-12,PASS_CONJUGACY_NUMERIC_WITNESS,Spectral-abscissa error cannot rank Lie vs Strang inside this class; use e_lambda only as a release gate against the reference.
A1-COMM-03,A1_commuting_control,8,4,AB_LIE_STRANG_SIMILAR_PROPAGATOR_CLASS,LIE_AB,STRANG_ABA,STRANG_ABA^n P_A == P_A LIE_AB^n,4.564593114276828e-16,4.440892098500626e-16,1e-12,PASS_CONJUGACY_NUMERIC_WITNESS,Spectral-abscissa error cannot rank Lie vs Strang inside this class; use e_lambda only as a release gate against the reference.
A1-COMM-03,A1_commuting_control,8,4,BA_LIE_STRANG_SIMILAR_PROPAGATOR_CLASS,LIE_BA,STRANG_BAB,STRANG_BAB^n P_B == P_B LIE_BA^n,4.936409735048717e-16,5.551115123125783e-16,1e-12,PASS_CONJUGACY_NUMERIC_WITNESS,Spectral-abscissa error cannot rank Lie vs Strang inside this class; use e_lambda only as a release gate against the reference.
A1-COMM-03,A1_commuting_control,8,8,AB_LIE_STRANG_SIMILAR_PROPAGATOR_CLASS,LIE_AB,STRANG_ABA,STRANG_ABA^n P_A == P_A LIE_AB^n,4.93430699370804e-16,6.661338147750939e-16,1e-12,PASS_CONJUGACY_NUMERIC_WITNESS,Spectral-abscissa error cannot rank Lie vs Strang inside this class; use e_lambda only as a release gate against the reference.
A1-COMM-03,A1_commuting_control,8,8,BA_LIE_STRANG_SIMILAR_PROPAGATOR_CLASS,LIE_BA,STRANG_BAB,STRANG_BAB^n P_B == P_B LIE_BA^n,5.25117926095877e-16,7.771561172376096e-16,1e-12,PASS_CONJUGACY_NUMERIC_WITNESS,Spectral-abscissa error cannot rank Lie vs Strang inside this class; use e_lambda only as a release gate against the reference.
A1-COMM-03,A1_commuting_control,8,16,AB_LIE_STRANG_SIMILAR_PROPAGATOR_CLASS,LIE_AB,STRANG_ABA,STRANG_ABA^n P_A == P_A LIE_AB^n,1.4348730483950225e-15,1.6653345369377348e-15,1e-12,PASS_CONJUGACY_NUMERIC_WITNESS,Spectral-abscissa error cannot rank Lie vs Strang inside this class; use e_lambda only as a release gate against the reference.
A1-COMM-03,A1_commuting_control,8,16,BA_LIE_STRANG_SIMILAR_PROPAGATOR_CLASS,LIE_BA,STRANG_BAB,STRANG_BAB^n P_B == P_B LIE_BA^n,1.3561034208439832e-15,1.3322676295501878e-15,1e-12,PASS_CONJUGACY_NUMERIC_WITNESS,Spectral-abscissa error cannot rank Lie vs Strang inside this class; use e_lambda only as a release gate against the reference.
A1-COMM-03,A1_commuting_control,8,32,AB_LIE_STRANG_SIMILAR_PROPAGATOR_CLASS,LIE_AB,STRANG_ABA,STRANG_ABA^n P_A == P_A LIE_AB^n,2.0896451607235665e-15,2.886579864025407e-15,1e-12,PASS_CONJUGACY_NUMERIC_WITNESS,Spectral-abscissa error cannot rank Lie vs Strang inside this class; use e_lambda only as a release gate against the reference.
A1-COMM-03,A1_commuting_control,8,32,BA_LIE_STRANG_SIMILAR_PROPAGATOR_CLASS,LIE_BA,STRANG_BAB,STRANG_BAB^n P_B == P_B LIE_BA^n,2.639278553573298e-15,2.9976021664879227e-15,1e-12,PASS_CONJUGACY_NUMERIC_WITNESS,Spectral-abscissa error cannot rank Lie vs Strang inside this class; use e_lambda only as a release gate against the reference.
A1-COMM-03,A1_commuting_control,8,64,AB_LIE_STRANG_SIMILAR_PROPAGATOR_CLASS,LIE_AB,STRANG_ABA,STRANG_ABA^n P_A == P_A LIE_AB^n,8.088869008606282e-15,7.105427357601002e-15,1e-12,PASS_CONJUGACY_NUMERIC_WITNESS,Spectral-abscissa error cannot rank Lie vs Strang inside this class; use e_lambda only as a release gate against the reference.
A1-COMM-03,A1_commuting_control,8,64,BA_LIE_STRANG_SIMILAR_PROPAGATOR_CLASS,LIE_BA,STRANG_BAB,STRANG_BAB^n P_B == P_B LIE_BA^n,5.462214411380077e-15,6.439293542825908e-15,1e-12,PASS_CONJUGACY_NUMERIC_WITNESS,Spectral-abscissa error cannot rank Lie vs Strang inside this class; use e_lambda only as a release gate against the reference.
A1-COMM-03,A1_commuting_control,8,128,AB_LIE_STRANG_SIMILAR_PROPAGATOR_CLASS,LIE_AB,STRANG_ABA,STRANG_ABA^n P_A == P_A LIE_AB^n,1.0898764246812924e-14,1.3100631690576847e-14,1e-12,PASS_CONJUGACY_NUMERIC_WITNESS,Spectral-abscissa error cannot rank Lie vs Strang inside this class; use e_lambda only as a release gate against the reference.
A1-COMM-03,A1_commuting_control,8,128,BA_LIE_STRANG_SIMILAR_PROPAGATOR_CLASS,LIE_BA,STRANG_BAB,STRANG_BAB^n P_B == P_B LIE_BA^n,1.3409004043675965e-14,1.354472090042691e-14,1e-12,PASS_CONJUGACY_NUMERIC_WITNESS,Spectral-abscissa error cannot rank Lie vs Strang inside this class; use e_lambda only as a release gate against the reference.
A1-COMM-03,A1_commuting_control,8,256,AB_LIE_STRANG_SIMILAR_PROPAGATOR_CLASS,LIE_AB,STRANG_ABA,STRANG_ABA^n P_A == P_A LIE_AB^n,1.991559510675858e-14,2.6645352591003757e-14,1e-12,PASS_CONJUGACY_NUMERIC_WITNESS,Spectral-abscissa error cannot rank Lie vs Strang inside this class; use e_lambda only as a release gate against the reference.
A1-COMM-03,A1_commuting_control,8,256,BA_LIE_STRANG_SIMILAR_PROPAGATOR_CLASS,LIE_BA,STRANG_BAB,STRANG_BAB^n P_B == P_B LIE_BA^n,1.737409800480088e-14,1.84297022087776e-14,1e-12,PASS_CONJUGACY_NUMERIC_WITNESS,Spectral-abscissa error cannot rank Lie vs Strang inside this class; use e_lambda only as a release gate against the reference.
A1-COMM-03,A1_commuting_control,8,512,AB_LIE_STRANG_SIMILAR_PROPAGATOR_CLASS,LIE_AB,STRANG_ABA,STRANG_ABA^n P_A == P_A LIE_AB^n,5.278600539719296e-14,5.362377208939506e-14,1e-12,PASS_CONJUGACY_NUMERIC_WITNESS,Spectral-abscissa error cannot rank Lie vs Strang inside this class; use e_lambda only as a release gate against the reference.
A1-COMM-03,A1_commuting_control,8,512,BA_LIE_STRANG_SIMILAR_PROPAGATOR_CLASS,LIE_BA,STRANG_BAB,STRANG_BAB^n P_B == P_B LIE_BA^n,5.4660058312715715e-14,5.362377208939506e-14,1e-12,PASS_CONJUGACY_NUMERIC_WITNESS,Spectral-abscissa error cannot rank Lie vs Strang inside this class; use e_lambda only as a release gate against the reference.
A1-COMM-04,A1_commuting_control,16,4,AB_LIE_STRANG_SIMILAR_PROPAGATOR_CLASS,LIE_AB,STRANG_ABA,STRANG_ABA^n P_A == P_A LIE_AB^n,4.984343416039217e-16,7.771561172376096e-16,1e-12,PASS_CONJUGACY_NUMERIC_WITNESS,Spectral-abscissa error cannot rank Lie vs Strang inside this class; use e_lambda only as a release gate against the reference.
A1-COMM-04,A1_commuting_control,16,4,BA_LIE_STRANG_SIMILAR_PROPAGATOR_CLASS,LIE_BA,STRANG_BAB,STRANG_BAB^n P_B == P_B LIE_BA^n,3.059908304850967e-16,4.440892098500626e-16,1e-12,PASS_CONJUGACY_NUMERIC_WITNESS,Spectral-abscissa error cannot rank Lie vs Strang inside this class; use e_lambda only as a release gate against the reference.
A1-COMM-04,A1_commuting_control,16,8,AB_LIE_STRANG_SIMILAR_PROPAGATOR_CLASS,LIE_AB,STRANG_ABA,STRANG_ABA^n P_A == P_A LIE_AB^n,3.9464678108376147e-16,5.551115123125783e-16,1e-12,PASS_CONJUGACY_NUMERIC_WITNESS,Spectral-abscissa error cannot rank Lie vs Strang inside this class; use e_lambda only as a release gate against the reference.
A1-COMM-04,A1_commuting_control,16,8,BA_LIE_STRANG_SIMILAR_PROPAGATOR_CLASS,LIE_BA,STRANG_BAB,STRANG_BAB^n P_B == P_B LIE_BA^n,6.873189279126454e-16,8.326672684688674e-16,1e-12,PASS_CONJUGACY_NUMERIC_WITNESS,Spectral-abscissa error cannot rank Lie vs Strang inside this class; use e_lambda only as a release gate against the reference.
A1-COMM-04,A1_commuting_control,16,16,AB_LIE_STRANG_SIMILAR_PROPAGATOR_CLASS,LIE_AB,STRANG_ABA,STRANG_ABA^n P_A == P_A LIE_AB^n,1.4605051650969595e-15,1.6653345369377348e-15,1e-12,PASS_CONJUGACY_NUMERIC_WITNESS,Spectral-abscissa error cannot rank Lie vs Strang inside this class; use e_lambda only as a release gate against the reference.
A1-COMM-04,A1_commuting_control,16,16,BA_LIE_STRANG_SIMILAR_PROPAGATOR_CLASS,LIE_BA,STRANG_BAB,STRANG_BAB^n P_B == P_B LIE_BA^n,1.2378601295439598e-15,1.6653345369377348e-15,1e-12,PASS_CONJUGACY_NUMERIC_WITNESS,Spectral-abscissa error cannot rank Lie vs Strang inside this class; use e_lambda only as a release gate against the reference.
A1-COMM-04,A1_commuting_control,16,32,AB_LIE_STRANG_SIMILAR_PROPAGATOR_CLASS,LIE_AB,STRANG_ABA,STRANG_ABA^n P_A == P_A LIE_AB^n,2.222860036167605e-15,2.220446049250313e-15,1e-12,PASS_CONJUGACY_NUMERIC_WITNESS,Spectral-abscissa error cannot rank Lie vs Strang inside this class; use e_lambda only as a release gate against the reference.
A1-COMM-04,A1_commuting_control,16,32,BA_LIE_STRANG_SIMILAR_PROPAGATOR_CLASS,LIE_BA,STRANG_BAB,STRANG_BAB^n P_B == P_B LIE_BA^n,2.2656818670459733e-15,2.9976021664879227e-15,1e-12,PASS_CONJUGACY_NUMERIC_WITNESS,Spectral-abscissa error cannot rank Lie vs Strang inside this class; use e_lambda only as a release gate against the reference.
A1-COMM-04,A1_commuting_control,16,64,AB_LIE_STRANG_SIMILAR_PROPAGATOR_CLASS,LIE_AB,STRANG_ABA,STRANG_ABA^n P_A == P_A LIE_AB^n,4.7434069096281594e-15,6.661338147750939e-15,1e-12,PASS_CONJUGACY_NUMERIC_WITNESS,Spectral-abscissa error cannot rank Lie vs Strang inside this class; use e_lambda only as a release gate against the reference.
A1-COMM-04,A1_commuting_control,16,64,BA_LIE_STRANG_SIMILAR_PROPAGATOR_CLASS,LIE_BA,STRANG_BAB,STRANG_BAB^n P_B == P_B LIE_BA^n,6.018513561490353e-15,6.439293542825908e-15,1e-12,PASS_CONJUGACY_NUMERIC_WITNESS,Spectral-abscissa error cannot rank Lie vs Strang inside this class; use e_lambda only as a release gate against the reference.
A1-COMM-04,A1_commuting_control,16,128,AB_LIE_STRANG_SIMILAR_PROPAGATOR_CLASS,LIE_AB,STRANG_ABA,STRANG_ABA^n P_A == P_A LIE_AB^n,1.2333363820546417e-14,1.3100631690576847e-14,1e-12,PASS_CONJUGACY_NUMERIC_WITNESS,Spectral-abscissa error cannot rank Lie vs Strang inside this class; use e_lambda only as a release gate against the reference.
A1-COMM-04,A1_commuting_control,16,128,BA_LIE_STRANG_SIMILAR_PROPAGATOR_CLASS,LIE_BA,STRANG_BAB,STRANG_BAB^n P_B == P_B LIE_BA^n,1.153047194990457e-14,1.354472090042691e-14,1e-12,PASS_CONJUGACY_NUMERIC_WITNESS,Spectral-abscissa error cannot rank Lie vs Strang inside this class; use e_lambda only as a release gate against the reference.
A1-COMM-04,A1_commuting_control,16,256,AB_LIE_STRANG_SIMILAR_PROPAGATOR_CLASS,LIE_AB,STRANG_ABA,STRANG_ABA^n P_A == P_A LIE_AB^n,1.834884823315497e-14,2.6645352591003757e-14,1e-12,PASS_CONJUGACY_NUMERIC_WITNESS,Spectral-abscissa error cannot rank Lie vs Strang inside this class; use e_lambda only as a release gate against the reference.
A1-COMM-04,A1_commuting_control,16,256,BA_LIE_STRANG_SIMILAR_PROPAGATOR_CLASS,LIE_BA,STRANG_BAB,STRANG_BAB^n P_B == P_B LIE_BA^n,1.1737828727638608e-14,1.5987211554602254e-14,1e-12,PASS_CONJUGACY_NUMERIC_WITNESS,Spectral-abscissa error cannot rank Lie vs Strang inside this class; use e_lambda only as a release gate against the reference.
A1-COMM-04,A1_commuting_control,16,512,AB_LIE_STRANG_SIMILAR_PROPAGATOR_CLASS,LIE_AB,STRANG_ABA,STRANG_ABA^n P_A == P_A LIE_AB^n,4.323941478873451e-14,5.362377208939506e-14,1e-12,PASS_CONJUGACY_NUMERIC_WITNESS,Spectral-abscissa error cannot rank Lie vs Strang inside this class; use e_lambda only as a release gate against the reference.
A1-COMM-04,A1_commuting_control,16,512,BA_LIE_STRANG_SIMILAR_PROPAGATOR_CLASS,LIE_BA,STRANG_BAB,STRANG_BAB^n P_B == P_B LIE_BA^n,3.6026544512959785e-14,5.362377208939506e-14,1e-12,PASS_CONJUGACY_NUMERIC_WITNESS,Spectral-abscissa error cannot rank Lie vs Strang inside this class; use e_lambda only as a release gate against the reference.
A2-ROTSH-01,A2_rotation_shear,2,4,AB_LIE_STRANG_SIMILAR_PROPAGATOR_CLASS,LIE_AB,STRANG_ABA,STRANG_ABA^n P_A == P_A LIE_AB^n,1.7533146270386332e-16,0.0,1e-12,PASS_CONJUGACY_NUMERIC_WITNESS,Spectral-abscissa error cannot rank Lie vs Strang inside this class; use e_lambda only as a release gate against the reference.
A2-ROTSH-01,A2_rotation_shear,2,4,BA_LIE_STRANG_SIMILAR_PROPAGATOR_CLASS,LIE_BA,STRANG_BAB,STRANG_BAB^n P_B == P_B LIE_BA^n,5.161345265695645e-16,6.661338147750939e-16,1e-12,PASS_CONJUGACY_NUMERIC_WITNESS,Spectral-abscissa error cannot rank Lie vs Strang inside this class; use e_lambda only as a release gate against the reference.
A2-ROTSH-01,A2_rotation_shear,2,8,AB_LIE_STRANG_SIMILAR_PROPAGATOR_CLASS,LIE_AB,STRANG_ABA,STRANG_ABA^n P_A == P_A LIE_AB^n,7.306861100470495e-16,6.661338147750939e-16,1e-12,PASS_CONJUGACY_NUMERIC_WITNESS,Spectral-abscissa error cannot rank Lie vs Strang inside this class; use e_lambda only as a release gate against the reference.
A2-ROTSH-01,A2_rotation_shear,2,8,BA_LIE_STRANG_SIMILAR_PROPAGATOR_CLASS,LIE_BA,STRANG_BAB,STRANG_BAB^n P_B == P_B LIE_BA^n,4.1285521914225654e-16,6.661338147750939e-16,1e-12,PASS_CONJUGACY_NUMERIC_WITNESS,Spectral-abscissa error cannot rank Lie vs Strang inside this class; use e_lambda only as a release gate against the reference.
A2-ROTSH-01,A2_rotation_shear,2,16,AB_LIE_STRANG_SIMILAR_PROPAGATOR_CLASS,LIE_AB,STRANG_ABA,STRANG_ABA^n P_A == P_A LIE_AB^n,1.6171453686180095e-15,1.7763568394002505e-15,1e-12,PASS_CONJUGACY_NUMERIC_WITNESS,Spectral-abscissa error cannot rank Lie vs Strang inside this class; use e_lambda only as a release gate against the reference.
A2-ROTSH-01,A2_rotation_shear,2,16,BA_LIE_STRANG_SIMILAR_PROPAGATOR_CLASS,LIE_BA,STRANG_BAB,STRANG_BAB^n P_B == P_B LIE_BA^n,1.0367260424230487e-15,1.1102230246251565e-15,1e-12,PASS_CONJUGACY_NUMERIC_WITNESS,Spectral-abscissa error cannot rank Lie vs Strang inside this class; use e_lambda only as a release gate against the reference.
A2-ROTSH-01,A2_rotation_shear,2,32,AB_LIE_STRANG_SIMILAR_PROPAGATOR_CLASS,LIE_AB,STRANG_ABA,STRANG_ABA^n P_A == P_A LIE_AB^n,1.7411094068105252e-15,1.9984014443252818e-15,1e-12,PASS_CONJUGACY_NUMERIC_WITNESS,Spectral-abscissa error cannot rank Lie vs Strang inside this class; use e_lambda only as a release gate against the reference.
A2-ROTSH-01,A2_rotation_shear,2,32,BA_LIE_STRANG_SIMILAR_PROPAGATOR_CLASS,LIE_BA,STRANG_BAB,STRANG_BAB^n P_B == P_B LIE_BA^n,2.0980970179568424e-15,2.220446049250313e-15,1e-12,PASS_CONJUGACY_NUMERIC_WITNESS,Spectral-abscissa error cannot rank Lie vs Strang inside this class; use e_lambda only as a release gate against the reference.
A2-ROTSH-01,A2_rotation_shear,2,64,AB_LIE_STRANG_SIMILAR_PROPAGATOR_CLASS,LIE_AB,STRANG_ABA,STRANG_ABA^n P_A == P_A LIE_AB^n,4.242496530058559e-15,1.7763568394002505e-15,1e-12,PASS_CONJUGACY_NUMERIC_WITNESS,Spectral-abscissa error cannot rank Lie vs Strang inside this class; use e_lambda only as a release gate against the reference.
A2-ROTSH-01,A2_rotation_shear,2,64,BA_LIE_STRANG_SIMILAR_PROPAGATOR_CLASS,LIE_BA,STRANG_BAB,STRANG_BAB^n P_B == P_B LIE_BA^n,4.8692398008580474e-15,5.551115123125783e-15,1e-12,PASS_CONJUGACY_NUMERIC_WITNESS,Spectral-abscissa error cannot rank Lie vs Strang inside this class; use e_lambda only as a release gate against the reference.
A2-ROTSH-01,A2_rotation_shear,2,128,AB_LIE_STRANG_SIMILAR_PROPAGATOR_CLASS,LIE_AB,STRANG_ABA,STRANG_ABA^n P_A == P_A LIE_AB^n,9.910356605923936e-15,1.1102230246251565e-14,1e-12,PASS_CONJUGACY_NUMERIC_WITNESS,Spectral-abscissa error cannot rank Lie vs Strang inside this class; use e_lambda only as a release gate against the reference.
A2-ROTSH-01,A2_rotation_shear,2,128,BA_LIE_STRANG_SIMILAR_PROPAGATOR_CLASS,LIE_BA,STRANG_BAB,STRANG_BAB^n P_B == P_B LIE_BA^n,3.055384124421036e-15,6.661338147750939e-16,1e-12,PASS_CONJUGACY_NUMERIC_WITNESS,Spectral-abscissa error cannot rank Lie vs Strang inside this class; use e_lambda only as a release gate against the reference.
A2-ROTSH-01,A2_rotation_shear,2,256,AB_LIE_STRANG_SIMILAR_PROPAGATOR_CLASS,LIE_AB,STRANG_ABA,STRANG_ABA^n P_A == P_A LIE_AB^n,3.0273771774417426e-14,3.375077994860476e-14,1e-12,PASS_CONJUGACY_NUMERIC_WITNESS,Spectral-abscissa error cannot rank Lie vs Strang inside this class; use e_lambda only as a release gate against the reference.
A2-ROTSH-01,A2_rotation_shear,2,256,BA_LIE_STRANG_SIMILAR_PROPAGATOR_CLASS,LIE_BA,STRANG_BAB,STRANG_BAB^n P_B == P_B LIE_BA^n,1.9219045596306084e-14,1.7985612998927536e-14,1e-12,PASS_CONJUGACY_NUMERIC_WITNESS,Spectral-abscissa error cannot rank Lie vs Strang inside this class; use e_lambda only as a release gate against the reference.
A2-ROTSH-01,A2_rotation_shear,2,512,AB_LIE_STRANG_SIMILAR_PROPAGATOR_CLASS,LIE_AB,STRANG_ABA,STRANG_ABA^n P_A == P_A LIE_AB^n,5.96895537017856e-14,6.417089082333405e-14,1e-12,PASS_CONJUGACY_NUMERIC_WITNESS,Spectral-abscissa error cannot rank Lie vs Strang inside this class; use e_lambda only as a release gate against the reference.
A2-ROTSH-01,A2_rotation_shear,2,512,BA_LIE_STRANG_SIMILAR_PROPAGATOR_CLASS,LIE_BA,STRANG_BAB,STRANG_BAB^n P_B == P_B LIE_BA^n,3.114779361660152e-14,3.4861002973229915e-14,1e-12,PASS_CONJUGACY_NUMERIC_WITNESS,Spectral-abscissa error cannot rank Lie vs Strang inside this class; use e_lambda only as a release gate against the reference.
A2-ROTSH-02,A2_rotation_shear,2,4,AB_LIE_STRANG_SIMILAR_PROPAGATOR_CLASS,LIE_AB,STRANG_ABA,STRANG_ABA^n P_A == P_A LIE_AB^n,1.515455492365962e-17,1.1102230246251565e-16,1e-12,PASS_CONJUGACY_NUMERIC_WITNESS,Spectral-abscissa error cannot rank Lie vs Strang inside this class; use e_lambda only as a release gate against the reference.
A2-ROTSH-02,A2_rotation_shear,2,4,BA_LIE_STRANG_SIMILAR_PROPAGATOR_CLASS,LIE_BA,STRANG_BAB,STRANG_BAB^n P_B == P_B LIE_BA^n,3.6083316605571407e-16,6.661338147750939e-16,1e-12,PASS_CONJUGACY_NUMERIC_WITNESS,Spectral-abscissa error cannot rank Lie vs Strang inside this class; use e_lambda only as a release gate against the reference.
A2-ROTSH-02,A2_rotation_shear,2,8,AB_LIE_STRANG_SIMILAR_PROPAGATOR_CLASS,LIE_AB,STRANG_ABA,STRANG_ABA^n P_A == P_A LIE_AB^n,3.4114028145726877e-16,4.440892098500626e-16,1e-12,PASS_CONJUGACY_NUMERIC_WITNESS,Spectral-abscissa error cannot rank Lie vs Strang inside this class; use e_lambda only as a release gate against the reference.
A2-ROTSH-02,A2_rotation_shear,2,8,BA_LIE_STRANG_SIMILAR_PROPAGATOR_CLASS,LIE_BA,STRANG_BAB,STRANG_BAB^n P_B == P_B LIE_BA^n,2.59378610942412e-16,2.220446049250313e-16,1e-12,PASS_CONJUGACY_NUMERIC_WITNESS,Spectral-abscissa error cannot rank Lie vs Strang inside this class; use e_lambda only as a release gate against the reference.
A2-ROTSH-02,A2_rotation_shear,2,16,AB_LIE_STRANG_SIMILAR_PROPAGATOR_CLASS,LIE_AB,STRANG_ABA,STRANG_ABA^n P_A == P_A LIE_AB^n,1.087353851823118e-15,1.1102230246251565e-15,1e-12,PASS_CONJUGACY_NUMERIC_WITNESS,Spectral-abscissa error cannot rank Lie vs Strang inside this class; use e_lambda only as a release gate against the reference.
A2-ROTSH-02,A2_rotation_shear,2,16,BA_LIE_STRANG_SIMILAR_PROPAGATOR_CLASS,LIE_BA,STRANG_BAB,STRANG_BAB^n P_B == P_B LIE_BA^n,1.3199078537145947e-15,1.9984014443252818e-15,1e-12,PASS_CONJUGACY_NUMERIC_WITNESS,Spectral-abscissa error cannot rank Lie vs Strang inside this class; use e_lambda only as a release gate against the reference.
A2-ROTSH-02,A2_rotation_shear,2,32,AB_LIE_STRANG_SIMILAR_PROPAGATOR_CLASS,LIE_AB,STRANG_ABA,STRANG_ABA^n P_A == P_A LIE_AB^n,3.3946308959077426e-15,4.218847493575595e-15,1e-12,PASS_CONJUGACY_NUMERIC_WITNESS,Spectral-abscissa error cannot rank Lie vs Strang inside this class; use e_lambda only as a release gate against the reference.
A2-ROTSH-02,A2_rotation_shear,2,32,BA_LIE_STRANG_SIMILAR_PROPAGATOR_CLASS,LIE_BA,STRANG_BAB,STRANG_BAB^n P_B == P_B LIE_BA^n,5.215568239255526e-16,4.440892098500626e-16,1e-12,PASS_CONJUGACY_NUMERIC_WITNESS,Spectral-abscissa error cannot rank Lie vs Strang inside this class; use e_lambda only as a release gate against the reference.
A2-ROTSH-02,A2_rotation_shear,2,64,AB_LIE_STRANG_SIMILAR_PROPAGATOR_CLASS,LIE_AB,STRANG_ABA,STRANG_ABA^n P_A == P_A LIE_AB^n,5.1076483535105466e-15,7.549516567451064e-15,1e-12,PASS_CONJUGACY_NUMERIC_WITNESS,Spectral-abscissa error cannot rank Lie vs Strang inside this class; use e_lambda only as a release gate against the reference.
A2-ROTSH-02,A2_rotation_shear,2,64,BA_LIE_STRANG_SIMILAR_PROPAGATOR_CLASS,LIE_BA,STRANG_BAB,STRANG_BAB^n P_B == P_B LIE_BA^n,1.0938910979697327e-14,1.4432899320127035e-14,1e-12,PASS_CONJUGACY_NUMERIC_WITNESS,Spectral-abscissa error cannot rank Lie vs Strang inside this class; use e_lambda only as a release gate against the reference.
A2-ROTSH-02,A2_rotation_shear,2,128,AB_LIE_STRANG_SIMILAR_PROPAGATOR_CLASS,LIE_AB,STRANG_ABA,STRANG_ABA^n P_A == P_A LIE_AB^n,8.001458295451127e-15,1.1324274851176597e-14,1e-12,PASS_CONJUGACY_NUMERIC_WITNESS,Spectral-abscissa error cannot rank Lie vs Strang inside this class; use e_lambda only as a release gate against the reference.
A2-ROTSH-02,A2_rotation_shear,2,128,BA_LIE_STRANG_SIMILAR_PROPAGATOR_CLASS,LIE_BA,STRANG_BAB,STRANG_BAB^n P_B == P_B LIE_BA^n,8.748325728920801e-15,1.2212453270876722e-14,1e-12,PASS_CONJUGACY_NUMERIC_WITNESS,Spectral-abscissa error cannot rank Lie vs Strang inside this class; use e_lambda only as a release gate against the reference.
A2-ROTSH-02,A2_rotation_shear,2,256,AB_LIE_STRANG_SIMILAR_PROPAGATOR_CLASS,LIE_AB,STRANG_ABA,STRANG_ABA^n P_A == P_A LIE_AB^n,3.19062728449011e-14,4.39648317751562e-14,1e-12,PASS_CONJUGACY_NUMERIC_WITNESS,Spectral-abscissa error cannot rank Lie vs Strang inside this class; use e_lambda only as a release gate against the reference.
A2-ROTSH-02,A2_rotation_shear,2,256,BA_LIE_STRANG_SIMILAR_PROPAGATOR_CLASS,LIE_BA,STRANG_BAB,STRANG_BAB^n P_B == P_B LIE_BA^n,1.7588486858512065e-14,2.55351295663786e-14,1e-12,PASS_CONJUGACY_NUMERIC_WITNESS,Spectral-abscissa error cannot rank Lie vs Strang inside this class; use e_lambda only as a release gate against the reference.
A2-ROTSH-02,A2_rotation_shear,2,512,AB_LIE_STRANG_SIMILAR_PROPAGATOR_CLASS,LIE_AB,STRANG_ABA,STRANG_ABA^n P_A == P_A LIE_AB^n,3.0535437107782056e-14,4.3298697960381105e-14,1e-12,PASS_CONJUGACY_NUMERIC_WITNESS,Spectral-abscissa error cannot rank Lie vs Strang inside this class; use e_lambda only as a release gate against the reference.
A2-ROTSH-02,A2_rotation_shear,2,512,BA_LIE_STRANG_SIMILAR_PROPAGATOR_CLASS,LIE_BA,STRANG_BAB,STRANG_BAB^n P_B == P_B LIE_BA^n,2.7320571035370647e-14,6.661338147750939e-16,1e-12,PASS_CONJUGACY_NUMERIC_WITNESS,Spectral-abscissa error cannot rank Lie vs Strang inside this class; use e_lambda only as a release gate against the reference.
A2-ROTSH-03,A2_rotation_shear,2,4,AB_LIE_STRANG_SIMILAR_PROPAGATOR_CLASS,LIE_AB,STRANG_ABA,STRANG_ABA^n P_A == P_A LIE_AB^n,4.3509221112481614e-16,2.237726045655905e-16,1e-12,PASS_CONJUGACY_NUMERIC_WITNESS,Spectral-abscissa error cannot rank Lie vs Strang inside this class; use e_lambda only as a release gate against the reference.
A2-ROTSH-03,A2_rotation_shear,2,4,BA_LIE_STRANG_SIMILAR_PROPAGATOR_CLASS,LIE_BA,STRANG_BAB,STRANG_BAB^n P_B == P_B LIE_BA^n,4.2793563387042026e-16,4.518280359883027e-16,1e-12,PASS_CONJUGACY_NUMERIC_WITNESS,Spectral-abscissa error cannot rank Lie vs Strang inside this class; use e_lambda only as a release gate against the reference.
A2-ROTSH-03,A2_rotation_shear,2,8,AB_LIE_STRANG_SIMILAR_PROPAGATOR_CLASS,LIE_AB,STRANG_ABA,STRANG_ABA^n P_A == P_A LIE_AB^n,7.870919601897322e-16,6.804363002006077e-16,1e-12,PASS_CONJUGACY_NUMERIC_WITNESS,Spectral-abscissa error cannot rank Lie vs Strang inside this class; use e_lambda only as a release gate against the reference.
A2-ROTSH-03,A2_rotation_shear,2,8,BA_LIE_STRANG_SIMILAR_PROPAGATOR_CLASS,LIE_BA,STRANG_BAB,STRANG_BAB^n P_B == P_B LIE_BA^n,4.619826227532877e-16,4.440892098500626e-16,1e-12,PASS_CONJUGACY_NUMERIC_WITNESS,Spectral-abscissa error cannot rank Lie vs Strang inside this class; use e_lambda only as a release gate against the reference.
A2-ROTSH-03,A2_rotation_shear,2,16,AB_LIE_STRANG_SIMILAR_PROPAGATOR_CLASS,LIE_AB,STRANG_ABA,STRANG_ABA^n P_A == P_A LIE_AB^n,9.467372620902759e-16,6.804363002006077e-16,1e-12,PASS_CONJUGACY_NUMERIC_WITNESS,Spectral-abscissa error cannot rank Lie vs Strang inside this class; use e_lambda only as a release gate against the reference.
A2-ROTSH-03,A2_rotation_shear,2,16,BA_LIE_STRANG_SIMILAR_PROPAGATOR_CLASS,LIE_BA,STRANG_BAB,STRANG_BAB^n P_B == P_B LIE_BA^n,6.088627369923514e-16,4.965068306494546e-16,1e-12,PASS_CONJUGACY_NUMERIC_WITNESS,Spectral-abscissa error cannot rank Lie vs Strang inside this class; use e_lambda only as a release gate against the reference.
A2-ROTSH-03,A2_rotation_shear,2,32,AB_LIE_STRANG_SIMILAR_PROPAGATOR_CLASS,LIE_AB,STRANG_ABA,STRANG_ABA^n P_A == P_A LIE_AB^n,3.4277873051323315e-15,2.727541418416779e-15,1e-12,PASS_CONJUGACY_NUMERIC_WITNESS,Spectral-abscissa error cannot rank Lie vs Strang inside this class; use e_lambda only as a release gate against the reference.
A2-ROTSH-03,A2_rotation_shear,2,32,BA_LIE_STRANG_SIMILAR_PROPAGATOR_CLASS,LIE_BA,STRANG_BAB,STRANG_BAB^n P_B == P_B LIE_BA^n,1.44696102204315e-15,4.0029660424867215e-16,1e-12,PASS_CONJUGACY_NUMERIC_WITNESS,Spectral-abscissa error cannot rank Lie vs Strang inside this class; use e_lambda only as a release gate against the reference.
A2-ROTSH-03,A2_rotation_shear,2,64,AB_LIE_STRANG_SIMILAR_PROPAGATOR_CLASS,LIE_AB,STRANG_ABA,STRANG_ABA^n P_A == P_A LIE_AB^n,5.782481361100778e-15,4.119810118670014e-15,1e-12,PASS_CONJUGACY_NUMERIC_WITNESS,Spectral-abscissa error cannot rank Lie vs Strang inside this class; use e_lambda only as a release gate against the reference.
A2-ROTSH-03,A2_rotation_shear,2,64,BA_LIE_STRANG_SIMILAR_PROPAGATOR_CLASS,LIE_BA,STRANG_BAB,STRANG_BAB^n P_B == P_B LIE_BA^n,1.9029249044750995e-15,1.7308889685617575e-15,1e-12,PASS_CONJUGACY_NUMERIC_WITNESS,Spectral-abscissa error cannot rank Lie vs Strang inside this class; use e_lambda only as a release gate against the reference.
A2-ROTSH-03,A2_rotation_shear,2,128,AB_LIE_STRANG_SIMILAR_PROPAGATOR_CLASS,LIE_AB,STRANG_ABA,STRANG_ABA^n P_A == P_A LIE_AB^n,1.0194154503780788e-14,7.459178622433538e-15,1e-12,PASS_CONJUGACY_NUMERIC_WITNESS,Spectral-abscissa error cannot rank Lie vs Strang inside this class; use e_lambda only as a release gate against the reference.
A2-ROTSH-03,A2_rotation_shear,2,128,BA_LIE_STRANG_SIMILAR_PROPAGATOR_CLASS,LIE_BA,STRANG_BAB,STRANG_BAB^n P_B == P_B LIE_BA^n,1.0216386293912522e-14,7.56664029716913e-15,1e-12,PASS_CONJUGACY_NUMERIC_WITNESS,Spectral-abscissa error cannot rank Lie vs Strang inside this class; use e_lambda only as a release gate against the reference.
A2-ROTSH-03,A2_rotation_shear,2,256,AB_LIE_STRANG_SIMILAR_PROPAGATOR_CLASS,LIE_AB,STRANG_ABA,STRANG_ABA^n P_A == P_A LIE_AB^n,3.145980721348776e-15,1.9596694387340304e-15,1e-12,PASS_CONJUGACY_NUMERIC_WITNESS,Spectral-abscissa error cannot rank Lie vs Strang inside this class; use e_lambda only as a release gate against the reference.
A2-ROTSH-03,A2_rotation_shear,2,256,BA_LIE_STRANG_SIMILAR_PROPAGATOR_CLASS,LIE_BA,STRANG_BAB,STRANG_BAB^n P_B == P_B LIE_BA^n,4.190971660411419e-15,3.342213888644167e-16,1e-12,PASS_CONJUGACY_NUMERIC_WITNESS,Spectral-abscissa error cannot rank Lie vs Strang inside this class; use e_lambda only as a release gate against the reference.
A2-ROTSH-03,A2_rotation_shear,2,512,AB_LIE_STRANG_SIMILAR_PROPAGATOR_CLASS,LIE_AB,STRANG_ABA,STRANG_ABA^n P_A == P_A LIE_AB^n,1.2019788362650105e-14,2.3551386880256627e-15,1e-12,PASS_CONJUGACY_NUMERIC_WITNESS,Spectral-abscissa error cannot rank Lie vs Strang inside this class; use e_lambda only as a release gate against the reference.
A2-ROTSH-03,A2_rotation_shear,2,512,BA_LIE_STRANG_SIMILAR_PROPAGATOR_CLASS,LIE_BA,STRANG_BAB,STRANG_BAB^n P_B == P_B LIE_BA^n,5.382514179704275e-14,2.295673038527314e-15,1e-12,PASS_CONJUGACY_NUMERIC_WITNESS,Spectral-abscissa error cannot rank Lie vs Strang inside this class; use e_lambda only as a release gate against the reference.
A2-ROTSH-04,A2_rotation_shear,2,4,AB_LIE_STRANG_SIMILAR_PROPAGATOR_CLASS,LIE_AB,STRANG_ABA,STRANG_ABA^n P_A == P_A LIE_AB^n,3.188546577467138e-16,4.440892098500626e-16,1e-12,PASS_CONJUGACY_NUMERIC_WITNESS,Spectral-abscissa error cannot rank Lie vs Strang inside this class; use e_lambda only as a release gate against the reference.
A2-ROTSH-04,A2_rotation_shear,2,4,BA_LIE_STRANG_SIMILAR_PROPAGATOR_CLASS,LIE_BA,STRANG_BAB,STRANG_BAB^n P_B == P_B LIE_BA^n,4.193433100476695e-16,6.661338147750939e-16,1e-12,PASS_CONJUGACY_NUMERIC_WITNESS,Spectral-abscissa error cannot rank Lie vs Strang inside this class; use e_lambda only as a release gate against the reference.
A2-ROTSH-04,A2_rotation_shear,2,8,AB_LIE_STRANG_SIMILAR_PROPAGATOR_CLASS,LIE_AB,STRANG_ABA,STRANG_ABA^n P_A == P_A LIE_AB^n,1.2670343027915003e-15,1.7763568394002505e-15,1e-12,PASS_CONJUGACY_NUMERIC_WITNESS,Spectral-abscissa error cannot rank Lie vs Strang inside this class; use e_lambda only as a release gate against the reference.
A2-ROTSH-04,A2_rotation_shear,2,8,BA_LIE_STRANG_SIMILAR_PROPAGATOR_CLASS,LIE_BA,STRANG_BAB,STRANG_BAB^n P_B == P_B LIE_BA^n,6.952055928260644e-16,1.1102230246251565e-15,1e-12,PASS_CONJUGACY_NUMERIC_WITNESS,Spectral-abscissa error cannot rank Lie vs Strang inside this class; use e_lambda only as a release gate against the reference.
A2-ROTSH-04,A2_rotation_shear,2,16,AB_LIE_STRANG_SIMILAR_PROPAGATOR_CLASS,LIE_AB,STRANG_ABA,STRANG_ABA^n P_A == P_A LIE_AB^n,4.141598415518132e-16,4.440892098500626e-16,1e-12,PASS_CONJUGACY_NUMERIC_WITNESS,Spectral-abscissa error cannot rank Lie vs Strang inside this class; use e_lambda only as a release gate against the reference.
A2-ROTSH-04,A2_rotation_shear,2,16,BA_LIE_STRANG_SIMILAR_PROPAGATOR_CLASS,LIE_BA,STRANG_BAB,STRANG_BAB^n P_B == P_B LIE_BA^n,4.0103702965835844e-16,6.661338147750939e-16,1e-12,PASS_CONJUGACY_NUMERIC_WITNESS,Spectral-abscissa error cannot rank Lie vs Strang inside this class; use e_lambda only as a release gate against the reference.
A2-ROTSH-04,A2_rotation_shear,2,32,AB_LIE_STRANG_SIMILAR_PROPAGATOR_CLASS,LIE_AB,STRANG_ABA,STRANG_ABA^n P_A == P_A LIE_AB^n,4.616106209508402e-15,8.43769498715119e-15,1e-12,PASS_CONJUGACY_NUMERIC_WITNESS,Spectral-abscissa error cannot rank Lie vs Strang inside this class; use e_lambda only as a release gate against the reference.
A2-ROTSH-04,A2_rotation_shear,2,32,BA_LIE_STRANG_SIMILAR_PROPAGATOR_CLASS,LIE_BA,STRANG_BAB,STRANG_BAB^n P_B == P_B LIE_BA^n,2.5141924454474493e-15,4.6629367034256575e-15,1e-12,PASS_CONJUGACY_NUMERIC_WITNESS,Spectral-abscissa error cannot rank Lie vs Strang inside this class; use e_lambda only as a release gate against the reference.
A2-ROTSH-04,A2_rotation_shear,2,64,AB_LIE_STRANG_SIMILAR_PROPAGATOR_CLASS,LIE_AB,STRANG_ABA,STRANG_ABA^n P_A == P_A LIE_AB^n,6.815259345028233e-15,1.2656542480726785e-14,1e-12,PASS_CONJUGACY_NUMERIC_WITNESS,Spectral-abscissa error cannot rank Lie vs Strang inside this class; use e_lambda only as a release gate against the reference.
A2-ROTSH-04,A2_rotation_shear,2,64,BA_LIE_STRANG_SIMILAR_PROPAGATOR_CLASS,LIE_BA,STRANG_BAB,STRANG_BAB^n P_B == P_B LIE_BA^n,4.682134940762115e-15,8.43769498715119e-15,1e-12,PASS_CONJUGACY_NUMERIC_WITNESS,Spectral-abscissa error cannot rank Lie vs Strang inside this class; use e_lambda only as a release gate against the reference.
A2-ROTSH-04,A2_rotation_shear,2,128,AB_LIE_STRANG_SIMILAR_PROPAGATOR_CLASS,LIE_AB,STRANG_ABA,STRANG_ABA^n P_A == P_A LIE_AB^n,3.289255539303651e-15,3.774758283725532e-15,1e-12,PASS_CONJUGACY_NUMERIC_WITNESS,Spectral-abscissa error cannot rank Lie vs Strang inside this class; use e_lambda only as a release gate against the reference.
A2-ROTSH-04,A2_rotation_shear,2,128,BA_LIE_STRANG_SIMILAR_PROPAGATOR_CLASS,LIE_BA,STRANG_BAB,STRANG_BAB^n P_B == P_B LIE_BA^n,5.3150207744398945e-15,3.552713678800501e-15,1e-12,PASS_CONJUGACY_NUMERIC_WITNESS,Spectral-abscissa error cannot rank Lie vs Strang inside this class; use e_lambda only as a release gate against the reference.
A2-ROTSH-04,A2_rotation_shear,2,256,AB_LIE_STRANG_SIMILAR_PROPAGATOR_CLASS,LIE_AB,STRANG_ABA,STRANG_ABA^n P_A == P_A LIE_AB^n,8.185168744033313e-15,8.881784197001252e-16,1e-12,PASS_CONJUGACY_NUMERIC_WITNESS,Spectral-abscissa error cannot rank Lie vs Strang inside this class; use e_lambda only as a release gate against the reference.
A2-ROTSH-04,A2_rotation_shear,2,256,BA_LIE_STRANG_SIMILAR_PROPAGATOR_CLASS,LIE_BA,STRANG_BAB,STRANG_BAB^n P_B == P_B LIE_BA^n,1.7607759659831486e-14,1.7763568394002505e-15,1e-12,PASS_CONJUGACY_NUMERIC_WITNESS,Spectral-abscissa error cannot rank Lie vs Strang inside this class; use e_lambda only as a release gate against the reference.
A2-ROTSH-04,A2_rotation_shear,2,512,AB_LIE_STRANG_SIMILAR_PROPAGATOR_CLASS,LIE_AB,STRANG_ABA,STRANG_ABA^n P_A == P_A LIE_AB^n,3.6258203777901175e-14,6.505906924303417e-14,1e-12,PASS_CONJUGACY_NUMERIC_WITNESS,Spectral-abscissa error cannot rank Lie vs Strang inside this class; use e_lambda only as a release gate against the reference.
A2-ROTSH-04,A2_rotation_shear,2,512,BA_LIE_STRANG_SIMILAR_PROPAGATOR_CLASS,LIE_BA,STRANG_BAB,STRANG_BAB^n P_B == P_B LIE_BA^n,4.3234279128308266e-14,7.394085344003543e-14,1e-12,PASS_CONJUGACY_NUMERIC_WITNESS,Spectral-abscissa error cannot rank Lie vs Strang inside this class; use e_lambda only as a release gate against the reference.
A2-ROTSH-05,A2_rotation_shear,2,4,AB_LIE_STRANG_SIMILAR_PROPAGATOR_CLASS,LIE_AB,STRANG_ABA,STRANG_ABA^n P_A == P_A LIE_AB^n,2.765663759364442e-16,3.663841114510704e-16,1e-12,PASS_CONJUGACY_NUMERIC_WITNESS,Spectral-abscissa error cannot rank Lie vs Strang inside this class; use e_lambda only as a release gate against the reference.
A2-ROTSH-05,A2_rotation_shear,2,4,BA_LIE_STRANG_SIMILAR_PROPAGATOR_CLASS,LIE_BA,STRANG_BAB,STRANG_BAB^n P_B == P_B LIE_BA^n,4.1802920376015595e-16,1.7772239894833365e-16,1e-12,PASS_CONJUGACY_NUMERIC_WITNESS,Spectral-abscissa error cannot rank Lie vs Strang inside this class; use e_lambda only as a release gate against the reference.
A2-ROTSH-05,A2_rotation_shear,2,8,AB_LIE_STRANG_SIMILAR_PROPAGATOR_CLASS,LIE_AB,STRANG_ABA,STRANG_ABA^n P_A == P_A LIE_AB^n,4.541534650174888e-16,1.6643078423976536e-15,1e-12,PASS_CONJUGACY_NUMERIC_WITNESS,Spectral-abscissa error cannot rank Lie vs Strang inside this class; use e_lambda only as a release gate against the reference.
A2-ROTSH-05,A2_rotation_shear,2,8,BA_LIE_STRANG_SIMILAR_PROPAGATOR_CLASS,LIE_BA,STRANG_BAB,STRANG_BAB^n P_B == P_B LIE_BA^n,4.596744543804848e-16,8.326672684688674e-16,1e-12,PASS_CONJUGACY_NUMERIC_WITNESS,Spectral-abscissa error cannot rank Lie vs Strang inside this class; use e_lambda only as a release gate against the reference.
A2-ROTSH-05,A2_rotation_shear,2,16,AB_LIE_STRANG_SIMILAR_PROPAGATOR_CLASS,LIE_AB,STRANG_ABA,STRANG_ABA^n P_A == P_A LIE_AB^n,2.8321456526877916e-15,2.4783049091480826e-15,1e-12,PASS_CONJUGACY_NUMERIC_WITNESS,Spectral-abscissa error cannot rank Lie vs Strang inside this class; use e_lambda only as a release gate against the reference.
A2-ROTSH-05,A2_rotation_shear,2,16,BA_LIE_STRANG_SIMILAR_PROPAGATOR_CLASS,LIE_BA,STRANG_BAB,STRANG_BAB^n P_B == P_B LIE_BA^n,1.4928071659109237e-15,7.100994298333389e-15,1e-12,PASS_CONJUGACY_NUMERIC_WITNESS,Spectral-abscissa error cannot rank Lie vs Strang inside this class; use e_lambda only as a release gate against the reference.
A2-ROTSH-05,A2_rotation_shear,2,32,AB_LIE_STRANG_SIMILAR_PROPAGATOR_CLASS,LIE_AB,STRANG_ABA,STRANG_ABA^n P_A == P_A LIE_AB^n,4.273083358851971e-15,4.161082037113604e-15,1e-12,PASS_CONJUGACY_NUMERIC_WITNESS,Spectral-abscissa error cannot rank Lie vs Strang inside this class; use e_lambda only as a release gate against the reference.
A2-ROTSH-05,A2_rotation_shear,2,32,BA_LIE_STRANG_SIMILAR_PROPAGATOR_CLASS,LIE_BA,STRANG_BAB,STRANG_BAB^n P_B == P_B LIE_BA^n,8.670782881160086e-16,8.160000569947123e-15,1e-12,PASS_CONJUGACY_NUMERIC_WITNESS,Spectral-abscissa error cannot rank Lie vs Strang inside this class; use e_lambda only as a release gate against the reference.
A2-ROTSH-05,A2_rotation_shear,2,64,AB_LIE_STRANG_SIMILAR_PROPAGATOR_CLASS,LIE_AB,STRANG_ABA,STRANG_ABA^n P_A == P_A LIE_AB^n,5.3149588454746e-15,1.0090573924368278e-14,1e-12,PASS_CONJUGACY_NUMERIC_WITNESS,Spectral-abscissa error cannot rank Lie vs Strang inside this class; use e_lambda only as a release gate against the reference.
A2-ROTSH-05,A2_rotation_shear,2,64,BA_LIE_STRANG_SIMILAR_PROPAGATOR_CLASS,LIE_BA,STRANG_BAB,STRANG_BAB^n P_B == P_B LIE_BA^n,8.921200886790074e-15,7.735152841551687e-15,1e-12,PASS_CONJUGACY_NUMERIC_WITNESS,Spectral-abscissa error cannot rank Lie vs Strang inside this class; use e_lambda only as a release gate against the reference.
A2-ROTSH-05,A2_rotation_shear,2,128,AB_LIE_STRANG_SIMILAR_PROPAGATOR_CLASS,LIE_AB,STRANG_ABA,STRANG_ABA^n P_A == P_A LIE_AB^n,2.0626625647857898e-14,1.6569764661326057e-14,1e-12,PASS_CONJUGACY_NUMERIC_WITNESS,Spectral-abscissa error cannot rank Lie vs Strang inside this class; use e_lambda only as a release gate against the reference.
A2-ROTSH-05,A2_rotation_shear,2,128,BA_LIE_STRANG_SIMILAR_PROPAGATOR_CLASS,LIE_BA,STRANG_BAB,STRANG_BAB^n P_B == P_B LIE_BA^n,8.876739531390961e-15,3.418998629466359e-14,1e-12,PASS_CONJUGACY_NUMERIC_WITNESS,Spectral-abscissa error cannot rank Lie vs Strang inside this class; use e_lambda only as a release gate against the reference.
A2-ROTSH-05,A2_rotation_shear,2,256,AB_LIE_STRANG_SIMILAR_PROPAGATOR_CLASS,LIE_AB,STRANG_ABA,STRANG_ABA^n P_A == P_A LIE_AB^n,5.3315156541877336e-14,9.299451271929406e-14,1e-12,PASS_CONJUGACY_NUMERIC_WITNESS,Spectral-abscissa error cannot rank Lie vs Strang inside this class; use e_lambda only as a release gate against the reference.
A2-ROTSH-05,A2_rotation_shear,2,256,BA_LIE_STRANG_SIMILAR_PROPAGATOR_CLASS,LIE_BA,STRANG_BAB,STRANG_BAB^n P_B == P_B LIE_BA^n,3.4942119362456552e-15,4.933500554664205e-14,1e-12,PASS_CONJUGACY_NUMERIC_WITNESS,Spectral-abscissa error cannot rank Lie vs Strang inside this class; use e_lambda only as a release gate against the reference.
A2-ROTSH-05,A2_rotation_shear,2,512,AB_LIE_STRANG_SIMILAR_PROPAGATOR_CLASS,LIE_AB,STRANG_ABA,STRANG_ABA^n P_A == P_A LIE_AB^n,3.2540898292369625e-14,1.2360967448777619e-13,1e-12,PASS_CONJUGACY_NUMERIC_WITNESS,Spectral-abscissa error cannot rank Lie vs Strang inside this class; use e_lambda only as a release gate against the reference.
A2-ROTSH-05,A2_rotation_shear,2,512,BA_LIE_STRANG_SIMILAR_PROPAGATOR_CLASS,LIE_BA,STRANG_BAB,STRANG_BAB^n P_B == P_B LIE_BA^n,3.0835995283091394e-14,4.1892600762853945e-14,1e-12,PASS_CONJUGACY_NUMERIC_WITNESS,Spectral-abscissa error cannot rank Lie vs Strang inside this class; use e_lambda only as a release gate against the reference.
A2-ROTSH-06,A2_rotation_shear,2,4,AB_LIE_STRANG_SIMILAR_PROPAGATOR_CLASS,LIE_AB,STRANG_ABA,STRANG_ABA^n P_A == P_A LIE_AB^n,4.094344045340068e-16,8.881784197001252e-16,1e-12,PASS_CONJUGACY_NUMERIC_WITNESS,Spectral-abscissa error cannot rank Lie vs Strang inside this class; use e_lambda only as a release gate against the reference.
A2-ROTSH-06,A2_rotation_shear,2,4,BA_LIE_STRANG_SIMILAR_PROPAGATOR_CLASS,LIE_BA,STRANG_BAB,STRANG_BAB^n P_B == P_B LIE_BA^n,4.283859553774799e-16,1.3322676295501878e-15,1e-12,PASS_CONJUGACY_NUMERIC_WITNESS,Spectral-abscissa error cannot rank Lie vs Strang inside this class; use e_lambda only as a release gate against the reference.
A2-ROTSH-06,A2_rotation_shear,2,8,AB_LIE_STRANG_SIMILAR_PROPAGATOR_CLASS,LIE_AB,STRANG_ABA,STRANG_ABA^n P_A == P_A LIE_AB^n,5.59438838520236e-16,8.881784197001252e-16,1e-12,PASS_CONJUGACY_NUMERIC_WITNESS,Spectral-abscissa error cannot rank Lie vs Strang inside this class; use e_lambda only as a release gate against the reference.
A2-ROTSH-06,A2_rotation_shear,2,8,BA_LIE_STRANG_SIMILAR_PROPAGATOR_CLASS,LIE_BA,STRANG_BAB,STRANG_BAB^n P_B == P_B LIE_BA^n,1.5185312135976104e-16,4.440892098500626e-16,1e-12,PASS_CONJUGACY_NUMERIC_WITNESS,Spectral-abscissa error cannot rank Lie vs Strang inside this class; use e_lambda only as a release gate against the reference.
A2-ROTSH-06,A2_rotation_shear,2,16,AB_LIE_STRANG_SIMILAR_PROPAGATOR_CLASS,LIE_AB,STRANG_ABA,STRANG_ABA^n P_A == P_A LIE_AB^n,1.2587647046268762e-15,3.1086244689504383e-15,1e-12,PASS_CONJUGACY_NUMERIC_WITNESS,Spectral-abscissa error cannot rank Lie vs Strang inside this class; use e_lambda only as a release gate against the reference.
A2-ROTSH-06,A2_rotation_shear,2,16,BA_LIE_STRANG_SIMILAR_PROPAGATOR_CLASS,LIE_BA,STRANG_BAB,STRANG_BAB^n P_B == P_B LIE_BA^n,5.876642348287721e-16,2.220446049250313e-15,1e-12,PASS_CONJUGACY_NUMERIC_WITNESS,Spectral-abscissa error cannot rank Lie vs Strang inside this class; use e_lambda only as a release gate against the reference.
A2-ROTSH-06,A2_rotation_shear,2,32,AB_LIE_STRANG_SIMILAR_PROPAGATOR_CLASS,LIE_AB,STRANG_ABA,STRANG_ABA^n P_A == P_A LIE_AB^n,2.657279270512498e-15,7.993605777301127e-15,1e-12,PASS_CONJUGACY_NUMERIC_WITNESS,Spectral-abscissa error cannot rank Lie vs Strang inside this class; use e_lambda only as a release gate against the reference.
A2-ROTSH-06,A2_rotation_shear,2,32,BA_LIE_STRANG_SIMILAR_PROPAGATOR_CLASS,LIE_BA,STRANG_BAB,STRANG_BAB^n P_B == P_B LIE_BA^n,1.0934790407813264e-15,3.9968028886505635e-15,1e-12,PASS_CONJUGACY_NUMERIC_WITNESS,Spectral-abscissa error cannot rank Lie vs Strang inside this class; use e_lambda only as a release gate against the reference.
A2-ROTSH-06,A2_rotation_shear,2,64,AB_LIE_STRANG_SIMILAR_PROPAGATOR_CLASS,LIE_AB,STRANG_ABA,STRANG_ABA^n P_A == P_A LIE_AB^n,1.7250329056937787e-15,4.884981308350689e-15,1e-12,PASS_CONJUGACY_NUMERIC_WITNESS,Spectral-abscissa error cannot rank Lie vs Strang inside this class; use e_lambda only as a release gate against the reference.
A2-ROTSH-06,A2_rotation_shear,2,64,BA_LIE_STRANG_SIMILAR_PROPAGATOR_CLASS,LIE_BA,STRANG_BAB,STRANG_BAB^n P_B == P_B LIE_BA^n,7.403972402964609e-15,2.1760371282653068e-14,1e-12,PASS_CONJUGACY_NUMERIC_WITNESS,Spectral-abscissa error cannot rank Lie vs Strang inside this class; use e_lambda only as a release gate against the reference.
A2-ROTSH-06,A2_rotation_shear,2,128,AB_LIE_STRANG_SIMILAR_PROPAGATOR_CLASS,LIE_AB,STRANG_ABA,STRANG_ABA^n P_A == P_A LIE_AB^n,7.545373729610027e-15,1.9539925233402755e-14,1e-12,PASS_CONJUGACY_NUMERIC_WITNESS,Spectral-abscissa error cannot rank Lie vs Strang inside this class; use e_lambda only as a release gate against the reference.
A2-ROTSH-06,A2_rotation_shear,2,128,BA_LIE_STRANG_SIMILAR_PROPAGATOR_CLASS,LIE_BA,STRANG_BAB,STRANG_BAB^n P_B == P_B LIE_BA^n,3.3711164237743516e-15,1.021405182655144e-14,1e-12,PASS_CONJUGACY_NUMERIC_WITNESS,Spectral-abscissa error cannot rank Lie vs Strang inside this class; use e_lambda only as a release gate against the reference.
A2-ROTSH-06,A2_rotation_shear,2,256,AB_LIE_STRANG_SIMILAR_PROPAGATOR_CLASS,LIE_AB,STRANG_ABA,STRANG_ABA^n P_A == P_A LIE_AB^n,2.1545765006449117e-14,6.350475700855895e-14,1e-12,PASS_CONJUGACY_NUMERIC_WITNESS,Spectral-abscissa error cannot rank Lie vs Strang inside this class; use e_lambda only as a release gate against the reference.
A2-ROTSH-06,A2_rotation_shear,2,256,BA_LIE_STRANG_SIMILAR_PROPAGATOR_CLASS,LIE_BA,STRANG_BAB,STRANG_BAB^n P_B == P_B LIE_BA^n,1.1492977021693668e-14,3.2862601528904634e-14,1e-12,PASS_CONJUGACY_NUMERIC_WITNESS,Spectral-abscissa error cannot rank Lie vs Strang inside this class; use e_lambda only as a release gate against the reference.
A2-ROTSH-06,A2_rotation_shear,2,512,AB_LIE_STRANG_SIMILAR_PROPAGATOR_CLASS,LIE_AB,STRANG_ABA,STRANG_ABA^n P_A == P_A LIE_AB^n,3.3592288076748117e-15,4.440892098500626e-16,1e-12,PASS_CONJUGACY_NUMERIC_WITNESS,Spectral-abscissa error cannot rank Lie vs Strang inside this class; use e_lambda only as a release gate against the reference.
A2-ROTSH-06,A2_rotation_shear,2,512,BA_LIE_STRANG_SIMILAR_PROPAGATOR_CLASS,LIE_BA,STRANG_BAB,STRANG_BAB^n P_B == P_B LIE_BA^n,1.5620402185713638e-14,3.730349362740526e-14,1e-12,PASS_CONJUGACY_NUMERIC_WITNESS,Spectral-abscissa error cannot rank Lie vs Strang inside this class; use e_lambda only as a release gate against the reference.
A2-ROTSH-07,A2_rotation_shear,2,4,AB_LIE_STRANG_SIMILAR_PROPAGATOR_CLASS,LIE_AB,STRANG_ABA,STRANG_ABA^n P_A == P_A LIE_AB^n,2.0591098889069699e-16,2.0014830212433607e-16,1e-12,PASS_CONJUGACY_NUMERIC_WITNESS,Spectral-abscissa error cannot rank Lie vs Strang inside this class; use e_lambda only as a release gate against the reference.
A2-ROTSH-07,A2_rotation_shear,2,4,BA_LIE_STRANG_SIMILAR_PROPAGATOR_CLASS,LIE_BA,STRANG_BAB,STRANG_BAB^n P_B == P_B LIE_BA^n,3.7217834430473065e-16,4.47545209131181e-16,1e-12,PASS_CONJUGACY_NUMERIC_WITNESS,Spectral-abscissa error cannot rank Lie vs Strang inside this class; use e_lambda only as a release gate against the reference.
A2-ROTSH-07,A2_rotation_shear,2,8,AB_LIE_STRANG_SIMILAR_PROPAGATOR_CLASS,LIE_AB,STRANG_ABA,STRANG_ABA^n P_A == P_A LIE_AB^n,3.8333843313103027e-16,2.482534153247273e-16,1e-12,PASS_CONJUGACY_NUMERIC_WITNESS,Spectral-abscissa error cannot rank Lie vs Strang inside this class; use e_lambda only as a release gate against the reference.
A2-ROTSH-07,A2_rotation_shear,2,8,BA_LIE_STRANG_SIMILAR_PROPAGATOR_CLASS,LIE_BA,STRANG_BAB,STRANG_BAB^n P_B == P_B LIE_BA^n,2.516167240842918e-16,1.2412670766236366e-16,1e-12,PASS_CONJUGACY_NUMERIC_WITNESS,Spectral-abscissa error cannot rank Lie vs Strang inside this class; use e_lambda only as a release gate against the reference.
A2-ROTSH-07,A2_rotation_shear,2,16,AB_LIE_STRANG_SIMILAR_PROPAGATOR_CLASS,LIE_AB,STRANG_ABA,STRANG_ABA^n P_A == P_A LIE_AB^n,1.049888451455368e-15,1.159106867033638e-15,1e-12,PASS_CONJUGACY_NUMERIC_WITNESS,Spectral-abscissa error cannot rank Lie vs Strang inside this class; use e_lambda only as a release gate against the reference.
A2-ROTSH-07,A2_rotation_shear,2,16,BA_LIE_STRANG_SIMILAR_PROPAGATOR_CLASS,LIE_BA,STRANG_BAB,STRANG_BAB^n P_B == P_B LIE_BA^n,7.654352028696348e-16,5.117875266520903e-16,1e-12,PASS_CONJUGACY_NUMERIC_WITNESS,Spectral-abscissa error cannot rank Lie vs Strang inside this class; use e_lambda only as a release gate against the reference.
A2-ROTSH-07,A2_rotation_shear,2,32,AB_LIE_STRANG_SIMILAR_PROPAGATOR_CLASS,LIE_AB,STRANG_ABA,STRANG_ABA^n P_A == P_A LIE_AB^n,5.623714180488245e-15,4.86633687656182e-15,1e-12,PASS_CONJUGACY_NUMERIC_WITNESS,Spectral-abscissa error cannot rank Lie vs Strang inside this class; use e_lambda only as a release gate against the reference.
A2-ROTSH-07,A2_rotation_shear,2,32,BA_LIE_STRANG_SIMILAR_PROPAGATOR_CLASS,LIE_BA,STRANG_BAB,STRANG_BAB^n P_B == P_B LIE_BA^n,9.4623574273889e-16,7.791361360319882e-16,1e-12,PASS_CONJUGACY_NUMERIC_WITNESS,Spectral-abscissa error cannot rank Lie vs Strang inside this class; use e_lambda only as a release gate against the reference.
A2-ROTSH-07,A2_rotation_shear,2,64,AB_LIE_STRANG_SIMILAR_PROPAGATOR_CLASS,LIE_AB,STRANG_ABA,STRANG_ABA^n P_A == P_A LIE_AB^n,1.2039649339281712e-14,1.0655394036895883e-14,1e-12,PASS_CONJUGACY_NUMERIC_WITNESS,Spectral-abscissa error cannot rank Lie vs Strang inside this class; use e_lambda only as a release gate against the reference.
A2-ROTSH-07,A2_rotation_shear,2,64,BA_LIE_STRANG_SIMILAR_PROPAGATOR_CLASS,LIE_BA,STRANG_BAB,STRANG_BAB^n P_B == P_B LIE_BA^n,4.0662674824200795e-15,2.7420485960113413e-15,1e-12,PASS_CONJUGACY_NUMERIC_WITNESS,Spectral-abscissa error cannot rank Lie vs Strang inside this class; use e_lambda only as a release gate against the reference.
A2-ROTSH-07,A2_rotation_shear,2,128,AB_LIE_STRANG_SIMILAR_PROPAGATOR_CLASS,LIE_AB,STRANG_ABA,STRANG_ABA^n P_A == P_A LIE_AB^n,1.8045377128263834e-14,1.591922001237027e-14,1e-12,PASS_CONJUGACY_NUMERIC_WITNESS,Spectral-abscissa error cannot rank Lie vs Strang inside this class; use e_lambda only as a release gate against the reference.
A2-ROTSH-07,A2_rotation_shear,2,128,BA_LIE_STRANG_SIMILAR_PROPAGATOR_CLASS,LIE_BA,STRANG_BAB,STRANG_BAB^n P_B == P_B LIE_BA^n,6.346047631367823e-15,4.931440214964236e-15,1e-12,PASS_CONJUGACY_NUMERIC_WITNESS,Spectral-abscissa error cannot rank Lie vs Strang inside this class; use e_lambda only as a release gate against the reference.
A2-ROTSH-07,A2_rotation_shear,2,256,AB_LIE_STRANG_SIMILAR_PROPAGATOR_CLASS,LIE_AB,STRANG_ABA,STRANG_ABA^n P_A == P_A LIE_AB^n,3.199555056841e-14,2.8122849913233986e-14,1e-12,PASS_CONJUGACY_NUMERIC_WITNESS,Spectral-abscissa error cannot rank Lie vs Strang inside this class; use e_lambda only as a release gate against the reference.
A2-ROTSH-07,A2_rotation_shear,2,256,BA_LIE_STRANG_SIMILAR_PROPAGATOR_CLASS,LIE_BA,STRANG_BAB,STRANG_BAB^n P_B == P_B LIE_BA^n,5.8618027865088e-15,2.2541902238434278e-15,1e-12,PASS_CONJUGACY_NUMERIC_WITNESS,Spectral-abscissa error cannot rank Lie vs Strang inside this class; use e_lambda only as a release gate against the reference.
A2-ROTSH-07,A2_rotation_shear,2,512,AB_LIE_STRANG_SIMILAR_PROPAGATOR_CLASS,LIE_AB,STRANG_ABA,STRANG_ABA^n P_A == P_A LIE_AB^n,2.606916924645157e-15,6.106226635438361e-16,1e-12,PASS_CONJUGACY_NUMERIC_WITNESS,Spectral-abscissa error cannot rank Lie vs Strang inside this class; use e_lambda only as a release gate against the reference.
A2-ROTSH-07,A2_rotation_shear,2,512,BA_LIE_STRANG_SIMILAR_PROPAGATOR_CLASS,LIE_BA,STRANG_BAB,STRANG_BAB^n P_B == P_B LIE_BA^n,1.4784060312553285e-14,1.2245337203937001e-14,1e-12,PASS_CONJUGACY_NUMERIC_WITNESS,Spectral-abscissa error cannot rank Lie vs Strang inside this class; use e_lambda only as a release gate against the reference.
A2-ROTSH-08,A2_rotation_shear,2,4,AB_LIE_STRANG_SIMILAR_PROPAGATOR_CLASS,LIE_AB,STRANG_ABA,STRANG_ABA^n P_A == P_A LIE_AB^n,3.220984340799011e-16,5.79553433516819e-16,1e-12,PASS_CONJUGACY_NUMERIC_WITNESS,Spectral-abscissa error cannot rank Lie vs Strang inside this class; use e_lambda only as a release gate against the reference.
A2-ROTSH-08,A2_rotation_shear,2,4,BA_LIE_STRANG_SIMILAR_PROPAGATOR_CLASS,LIE_BA,STRANG_BAB,STRANG_BAB^n P_B == P_B LIE_BA^n,3.3105821154768827e-16,2.220446049250313e-16,1e-12,PASS_CONJUGACY_NUMERIC_WITNESS,Spectral-abscissa error cannot rank Lie vs Strang inside this class; use e_lambda only as a release gate against the reference.
A2-ROTSH-08,A2_rotation_shear,2,8,AB_LIE_STRANG_SIMILAR_PROPAGATOR_CLASS,LIE_AB,STRANG_ABA,STRANG_ABA^n P_A == P_A LIE_AB^n,8.067969237856165e-16,9.155133597044475e-16,1e-12,PASS_CONJUGACY_NUMERIC_WITNESS,Spectral-abscissa error cannot rank Lie vs Strang inside this class; use e_lambda only as a release gate against the reference.
A2-ROTSH-08,A2_rotation_shear,2,8,BA_LIE_STRANG_SIMILAR_PROPAGATOR_CLASS,LIE_BA,STRANG_BAB,STRANG_BAB^n P_B == P_B LIE_BA^n,6.548586926270121e-16,6.206335383118183e-16,1e-12,PASS_CONJUGACY_NUMERIC_WITNESS,Spectral-abscissa error cannot rank Lie vs Strang inside this class; use e_lambda only as a release gate against the reference.
A2-ROTSH-08,A2_rotation_shear,2,16,AB_LIE_STRANG_SIMILAR_PROPAGATOR_CLASS,LIE_AB,STRANG_ABA,STRANG_ABA^n P_A == P_A LIE_AB^n,8.833838916259918e-16,7.108895957933346e-16,1e-12,PASS_CONJUGACY_NUMERIC_WITNESS,Spectral-abscissa error cannot rank Lie vs Strang inside this class; use e_lambda only as a release gate against the reference.
A2-ROTSH-08,A2_rotation_shear,2,16,BA_LIE_STRANG_SIMILAR_PROPAGATOR_CLASS,LIE_BA,STRANG_BAB,STRANG_BAB^n P_B == P_B LIE_BA^n,6.147091004267051e-16,8.95090418262362e-16,1e-12,PASS_CONJUGACY_NUMERIC_WITNESS,Spectral-abscissa error cannot rank Lie vs Strang inside this class; use e_lambda only as a release gate against the reference.
A2-ROTSH-08,A2_rotation_shear,2,32,AB_LIE_STRANG_SIMILAR_PROPAGATOR_CLASS,LIE_AB,STRANG_ABA,STRANG_ABA^n P_A == P_A LIE_AB^n,1.6865563171845685e-15,1.837746106097754e-15,1e-12,PASS_CONJUGACY_NUMERIC_WITNESS,Spectral-abscissa error cannot rank Lie vs Strang inside this class; use e_lambda only as a release gate against the reference.
A2-ROTSH-08,A2_rotation_shear,2,32,BA_LIE_STRANG_SIMILAR_PROPAGATOR_CLASS,LIE_BA,STRANG_BAB,STRANG_BAB^n P_B == P_B LIE_BA^n,1.7831757904533693e-15,1.4812222630807097e-15,1e-12,PASS_CONJUGACY_NUMERIC_WITNESS,Spectral-abscissa error cannot rank Lie vs Strang inside this class; use e_lambda only as a release gate against the reference.
A2-ROTSH-08,A2_rotation_shear,2,64,AB_LIE_STRANG_SIMILAR_PROPAGATOR_CLASS,LIE_AB,STRANG_ABA,STRANG_ABA^n P_A == P_A LIE_AB^n,1.1187557207011054e-14,9.709850880706406e-15,1e-12,PASS_CONJUGACY_NUMERIC_WITNESS,Spectral-abscissa error cannot rank Lie vs Strang inside this class; use e_lambda only as a release gate against the reference.
A2-ROTSH-08,A2_rotation_shear,2,64,BA_LIE_STRANG_SIMILAR_PROPAGATOR_CLASS,LIE_BA,STRANG_BAB,STRANG_BAB^n P_B == P_B LIE_BA^n,2.224925618056146e-15,9.550499576785472e-16,1e-12,PASS_CONJUGACY_NUMERIC_WITNESS,Spectral-abscissa error cannot rank Lie vs Strang inside this class; use e_lambda only as a release gate against the reference.
A2-ROTSH-08,A2_rotation_shear,2,128,AB_LIE_STRANG_SIMILAR_PROPAGATOR_CLASS,LIE_AB,STRANG_ABA,STRANG_ABA^n P_A == P_A LIE_AB^n,1.0701669427035202e-14,8.74542908904451e-15,1e-12,PASS_CONJUGACY_NUMERIC_WITNESS,Spectral-abscissa error cannot rank Lie vs Strang inside this class; use e_lambda only as a release gate against the reference.
A2-ROTSH-08,A2_rotation_shear,2,128,BA_LIE_STRANG_SIMILAR_PROPAGATOR_CLASS,LIE_BA,STRANG_BAB,STRANG_BAB^n P_B == P_B LIE_BA^n,3.618234822061544e-15,9.550499576785472e-16,1e-12,PASS_CONJUGACY_NUMERIC_WITNESS,Spectral-abscissa error cannot rank Lie vs Strang inside this class; use e_lambda only as a release gate against the reference.
A2-ROTSH-08,A2_rotation_shear,2,256,AB_LIE_STRANG_SIMILAR_PROPAGATOR_CLASS,LIE_AB,STRANG_ABA,STRANG_ABA^n P_A == P_A LIE_AB^n,1.434517493111006e-14,1.2154787386290336e-14,1e-12,PASS_CONJUGACY_NUMERIC_WITNESS,Spectral-abscissa error cannot rank Lie vs Strang inside this class; use e_lambda only as a release gate against the reference.
A2-ROTSH-08,A2_rotation_shear,2,256,BA_LIE_STRANG_SIMILAR_PROPAGATOR_CLASS,LIE_BA,STRANG_BAB,STRANG_BAB^n P_B == P_B LIE_BA^n,1.3246418344725038e-14,1.1013613854197661e-14,1e-12,PASS_CONJUGACY_NUMERIC_WITNESS,Spectral-abscissa error cannot rank Lie vs Strang inside this class; use e_lambda only as a release gate against the reference.
A2-ROTSH-08,A2_rotation_shear,2,512,AB_LIE_STRANG_SIMILAR_PROPAGATOR_CLASS,LIE_AB,STRANG_ABA,STRANG_ABA^n P_A == P_A LIE_AB^n,4.288478147431241e-14,3.6414511302586654e-14,1e-12,PASS_CONJUGACY_NUMERIC_WITNESS,Spectral-abscissa error cannot rank Lie vs Strang inside this class; use e_lambda only as a release gate against the reference.
A2-ROTSH-08,A2_rotation_shear,2,512,BA_LIE_STRANG_SIMILAR_PROPAGATOR_CLASS,LIE_BA,STRANG_BAB,STRANG_BAB^n P_B == P_B LIE_BA^n,9.82024735403606e-15,8.968100940422725e-15,1e-12,PASS_CONJUGACY_NUMERIC_WITNESS,Spectral-abscissa error cannot rank Lie vs Strang inside this class; use e_lambda only as a release gate against the reference.
A3-RAND-01-005,A3_random_stable,4,4,AB_LIE_STRANG_SIMILAR_PROPAGATOR_CLASS,LIE_AB,STRANG_ABA,STRANG_ABA^n P_A == P_A LIE_AB^n,3.4420824338453203e-16,1.4432899320127035e-15,1e-12,PASS_CONJUGACY_NUMERIC_WITNESS,Spectral-abscissa error cannot rank Lie vs Strang inside this class; use e_lambda only as a release gate against the reference.
A3-RAND-01-005,A3_random_stable,4,4,BA_LIE_STRANG_SIMILAR_PROPAGATOR_CLASS,LIE_BA,STRANG_BAB,STRANG_BAB^n P_B == P_B LIE_BA^n,2.4822742280812677e-16,4.440892098500626e-16,1e-12,PASS_CONJUGACY_NUMERIC_WITNESS,Spectral-abscissa error cannot rank Lie vs Strang inside this class; use e_lambda only as a release gate against the reference.
A3-RAND-01-005,A3_random_stable,4,8,AB_LIE_STRANG_SIMILAR_PROPAGATOR_CLASS,LIE_AB,STRANG_ABA,STRANG_ABA^n P_A == P_A LIE_AB^n,7.466788963295649e-16,8.881784197001252e-16,1e-12,PASS_CONJUGACY_NUMERIC_WITNESS,Spectral-abscissa error cannot rank Lie vs Strang inside this class; use e_lambda only as a release gate against the reference.
A3-RAND-01-005,A3_random_stable,4,8,BA_LIE_STRANG_SIMILAR_PROPAGATOR_CLASS,LIE_BA,STRANG_BAB,STRANG_BAB^n P_B == P_B LIE_BA^n,7.382238554240082e-16,6.661338147750939e-16,1e-12,PASS_CONJUGACY_NUMERIC_WITNESS,Spectral-abscissa error cannot rank Lie vs Strang inside this class; use e_lambda only as a release gate against the reference.
A3-RAND-01-005,A3_random_stable,4,16,AB_LIE_STRANG_SIMILAR_PROPAGATOR_CLASS,LIE_AB,STRANG_ABA,STRANG_ABA^n P_A == P_A LIE_AB^n,2.2652171892027234e-15,1.2212453270876722e-15,1e-12,PASS_CONJUGACY_NUMERIC_WITNESS,Spectral-abscissa error cannot rank Lie vs Strang inside this class; use e_lambda only as a release gate against the reference.
A3-RAND-01-005,A3_random_stable,4,16,BA_LIE_STRANG_SIMILAR_PROPAGATOR_CLASS,LIE_BA,STRANG_BAB,STRANG_BAB^n P_B == P_B LIE_BA^n,1.4456294506700633e-15,1.1102230246251565e-15,1e-12,PASS_CONJUGACY_NUMERIC_WITNESS,Spectral-abscissa error cannot rank Lie vs Strang inside this class; use e_lambda only as a release gate against the reference.
A3-RAND-01-005,A3_random_stable,4,32,AB_LIE_STRANG_SIMILAR_PROPAGATOR_CLASS,LIE_AB,STRANG_ABA,STRANG_ABA^n P_A == P_A LIE_AB^n,1.432399217538788e-15,1.1102230246251565e-15,1e-12,PASS_CONJUGACY_NUMERIC_WITNESS,Spectral-abscissa error cannot rank Lie vs Strang inside this class; use e_lambda only as a release gate against the reference.
A3-RAND-01-005,A3_random_stable,4,32,BA_LIE_STRANG_SIMILAR_PROPAGATOR_CLASS,LIE_BA,STRANG_BAB,STRANG_BAB^n P_B == P_B LIE_BA^n,2.4325883755841687e-15,2.220446049250313e-15,1e-12,PASS_CONJUGACY_NUMERIC_WITNESS,Spectral-abscissa error cannot rank Lie vs Strang inside this class; use e_lambda only as a release gate against the reference.
A3-RAND-01-005,A3_random_stable,4,64,AB_LIE_STRANG_SIMILAR_PROPAGATOR_CLASS,LIE_AB,STRANG_ABA,STRANG_ABA^n P_A == P_A LIE_AB^n,3.270340975036619e-15,2.4424906541753444e-15,1e-12,PASS_CONJUGACY_NUMERIC_WITNESS,Spectral-abscissa error cannot rank Lie vs Strang inside this class; use e_lambda only as a release gate against the reference.
A3-RAND-01-005,A3_random_stable,4,64,BA_LIE_STRANG_SIMILAR_PROPAGATOR_CLASS,LIE_BA,STRANG_BAB,STRANG_BAB^n P_B == P_B LIE_BA^n,2.7623833723219718e-15,2.0539125955565396e-15,1e-12,PASS_CONJUGACY_NUMERIC_WITNESS,Spectral-abscissa error cannot rank Lie vs Strang inside this class; use e_lambda only as a release gate against the reference.
A3-RAND-01-005,A3_random_stable,4,128,AB_LIE_STRANG_SIMILAR_PROPAGATOR_CLASS,LIE_AB,STRANG_ABA,STRANG_ABA^n P_A == P_A LIE_AB^n,6.568933391396731e-15,3.6637359812630166e-15,1e-12,PASS_CONJUGACY_NUMERIC_WITNESS,Spectral-abscissa error cannot rank Lie vs Strang inside this class; use e_lambda only as a release gate against the reference.
A3-RAND-01-005,A3_random_stable,4,128,BA_LIE_STRANG_SIMILAR_PROPAGATOR_CLASS,LIE_BA,STRANG_BAB,STRANG_BAB^n P_B == P_B LIE_BA^n,2.7888209047497447e-14,2.6756374893466273e-14,1e-12,PASS_CONJUGACY_NUMERIC_WITNESS,Spectral-abscissa error cannot rank Lie vs Strang inside this class; use e_lambda only as a release gate against the reference.
A3-RAND-01-005,A3_random_stable,4,256,AB_LIE_STRANG_SIMILAR_PROPAGATOR_CLASS,LIE_AB,STRANG_ABA,STRANG_ABA^n P_A == P_A LIE_AB^n,2.4336908448981505e-14,1.9317880628477724e-14,1e-12,PASS_CONJUGACY_NUMERIC_WITNESS,Spectral-abscissa error cannot rank Lie vs Strang inside this class; use e_lambda only as a release gate against the reference.
A3-RAND-01-005,A3_random_stable,4,256,BA_LIE_STRANG_SIMILAR_PROPAGATOR_CLASS,LIE_BA,STRANG_BAB,STRANG_BAB^n P_B == P_B LIE_BA^n,3.225355570421202e-14,2.1760371282653068e-14,1e-12,PASS_CONJUGACY_NUMERIC_WITNESS,Spectral-abscissa error cannot rank Lie vs Strang inside this class; use e_lambda only as a release gate against the reference.
A3-RAND-01-005,A3_random_stable,4,512,AB_LIE_STRANG_SIMILAR_PROPAGATOR_CLASS,LIE_AB,STRANG_ABA,STRANG_ABA^n P_A == P_A LIE_AB^n,8.176458492978344e-14,7.016609515630989e-14,1e-12,PASS_CONJUGACY_NUMERIC_WITNESS,Spectral-abscissa error cannot rank Lie vs Strang inside this class; use e_lambda only as a release gate against the reference.
A3-RAND-01-005,A3_random_stable,4,512,BA_LIE_STRANG_SIMILAR_PROPAGATOR_CLASS,LIE_BA,STRANG_BAB,STRANG_BAB^n P_B == P_B LIE_BA^n,5.1337149619864724e-14,3.2085445411667024e-14,1e-12,PASS_CONJUGACY_NUMERIC_WITNESS,Spectral-abscissa error cannot rank Lie vs Strang inside this class; use e_lambda only as a release gate against the reference.
A3-RAND-01-035,A3_random_stable,4,4,AB_LIE_STRANG_SIMILAR_PROPAGATOR_CLASS,LIE_AB,STRANG_ABA,STRANG_ABA^n P_A == P_A LIE_AB^n,6.283940434640473e-16,3.3306690738754696e-16,1e-12,PASS_CONJUGACY_NUMERIC_WITNESS,Spectral-abscissa error cannot rank Lie vs Strang inside this class; use e_lambda only as a release gate against the reference.
A3-RAND-01-035,A3_random_stable,4,4,BA_LIE_STRANG_SIMILAR_PROPAGATOR_CLASS,LIE_BA,STRANG_BAB,STRANG_BAB^n P_B == P_B LIE_BA^n,4.957293821054284e-16,6.661338147750939e-16,1e-12,PASS_CONJUGACY_NUMERIC_WITNESS,Spectral-abscissa error cannot rank Lie vs Strang inside this class; use e_lambda only as a release gate against the reference.
A3-RAND-01-035,A3_random_stable,4,8,AB_LIE_STRANG_SIMILAR_PROPAGATOR_CLASS,LIE_AB,STRANG_ABA,STRANG_ABA^n P_A == P_A LIE_AB^n,6.96024330932995e-16,9.992007221626409e-16,1e-12,PASS_CONJUGACY_NUMERIC_WITNESS,Spectral-abscissa error cannot rank Lie vs Strang inside this class; use e_lambda only as a release gate against the reference.
A3-RAND-01-035,A3_random_stable,4,8,BA_LIE_STRANG_SIMILAR_PROPAGATOR_CLASS,LIE_BA,STRANG_BAB,STRANG_BAB^n P_B == P_B LIE_BA^n,7.66742066437231e-16,1.2212453270876722e-15,1e-12,PASS_CONJUGACY_NUMERIC_WITNESS,Spectral-abscissa error cannot rank Lie vs Strang inside this class; use e_lambda only as a release gate against the reference.
A3-RAND-01-035,A3_random_stable,4,16,AB_LIE_STRANG_SIMILAR_PROPAGATOR_CLASS,LIE_AB,STRANG_ABA,STRANG_ABA^n P_A == P_A LIE_AB^n,2.4005710981211046e-15,2.55351295663786e-15,1e-12,PASS_CONJUGACY_NUMERIC_WITNESS,Spectral-abscissa error cannot rank Lie vs Strang inside this class; use e_lambda only as a release gate against the reference.
A3-RAND-01-035,A3_random_stable,4,16,BA_LIE_STRANG_SIMILAR_PROPAGATOR_CLASS,LIE_BA,STRANG_BAB,STRANG_BAB^n P_B == P_B LIE_BA^n,1.6038831218562366e-15,1.0547118733938987e-15,1e-12,PASS_CONJUGACY_NUMERIC_WITNESS,Spectral-abscissa error cannot rank Lie vs Strang inside this class; use e_lambda only as a release gate against the reference.
A3-RAND-01-035,A3_random_stable,4,32,AB_LIE_STRANG_SIMILAR_PROPAGATOR_CLASS,LIE_AB,STRANG_ABA,STRANG_ABA^n P_A == P_A LIE_AB^n,2.5885647632710255e-15,2.6645352591003757e-15,1e-12,PASS_CONJUGACY_NUMERIC_WITNESS,Spectral-abscissa error cannot rank Lie vs Strang inside this class; use e_lambda only as a release gate against the reference.
A3-RAND-01-035,A3_random_stable,4,32,BA_LIE_STRANG_SIMILAR_PROPAGATOR_CLASS,LIE_BA,STRANG_BAB,STRANG_BAB^n P_B == P_B LIE_BA^n,1.9368706195031294e-15,2.1094237467877974e-15,1e-12,PASS_CONJUGACY_NUMERIC_WITNESS,Spectral-abscissa error cannot rank Lie vs Strang inside this class; use e_lambda only as a release gate against the reference.
A3-RAND-01-035,A3_random_stable,4,64,AB_LIE_STRANG_SIMILAR_PROPAGATOR_CLASS,LIE_AB,STRANG_ABA,STRANG_ABA^n P_A == P_A LIE_AB^n,7.203551327718182e-15,5.662137425588298e-15,1e-12,PASS_CONJUGACY_NUMERIC_WITNESS,Spectral-abscissa error cannot rank Lie vs Strang inside this class; use e_lambda only as a release gate against the reference.
A3-RAND-01-035,A3_random_stable,4,64,BA_LIE_STRANG_SIMILAR_PROPAGATOR_CLASS,LIE_BA,STRANG_BAB,STRANG_BAB^n P_B == P_B LIE_BA^n,5.314672061300628e-15,2.55351295663786e-15,1e-12,PASS_CONJUGACY_NUMERIC_WITNESS,Spectral-abscissa error cannot rank Lie vs Strang inside this class; use e_lambda only as a release gate against the reference.
A3-RAND-01-035,A3_random_stable,4,128,AB_LIE_STRANG_SIMILAR_PROPAGATOR_CLASS,LIE_AB,STRANG_ABA,STRANG_ABA^n P_A == P_A LIE_AB^n,1.1237202907971723e-14,8.326672684688674e-15,1e-12,PASS_CONJUGACY_NUMERIC_WITNESS,Spectral-abscissa error cannot rank Lie vs Strang inside this class; use e_lambda only as a release gate against the reference.
A3-RAND-01-035,A3_random_stable,4,128,BA_LIE_STRANG_SIMILAR_PROPAGATOR_CLASS,LIE_BA,STRANG_BAB,STRANG_BAB^n P_B == P_B LIE_BA^n,6.419749257208423e-15,3.7192471324942744e-15,1e-12,PASS_CONJUGACY_NUMERIC_WITNESS,Spectral-abscissa error cannot rank Lie vs Strang inside this class; use e_lambda only as a release gate against the reference.
A3-RAND-01-035,A3_random_stable,4,256,AB_LIE_STRANG_SIMILAR_PROPAGATOR_CLASS,LIE_AB,STRANG_ABA,STRANG_ABA^n P_A == P_A LIE_AB^n,2.5539926074401535e-14,1.63202784619898e-14,1e-12,PASS_CONJUGACY_NUMERIC_WITNESS,Spectral-abscissa error cannot rank Lie vs Strang inside this class; use e_lambda only as a release gate against the reference.
A3-RAND-01-035,A3_random_stable,4,256,BA_LIE_STRANG_SIMILAR_PROPAGATOR_CLASS,LIE_BA,STRANG_BAB,STRANG_BAB^n P_B == P_B LIE_BA^n,1.4739447750239573e-14,1.1879386363489175e-14,1e-12,PASS_CONJUGACY_NUMERIC_WITNESS,Spectral-abscissa error cannot rank Lie vs Strang inside this class; use e_lambda only as a release gate against the reference.
A3-RAND-01-035,A3_random_stable,4,512,AB_LIE_STRANG_SIMILAR_PROPAGATOR_CLASS,LIE_AB,STRANG_ABA,STRANG_ABA^n P_A == P_A LIE_AB^n,5.142669380647045e-14,4.807265696626928e-14,1e-12,PASS_CONJUGACY_NUMERIC_WITNESS,Spectral-abscissa error cannot rank Lie vs Strang inside this class; use e_lambda only as a release gate against the reference.
A3-RAND-01-035,A3_random_stable,4,512,BA_LIE_STRANG_SIMILAR_PROPAGATOR_CLASS,LIE_BA,STRANG_BAB,STRANG_BAB^n P_B == P_B LIE_BA^n,6.542865219196832e-14,4.463096558993129e-14,1e-12,PASS_CONJUGACY_NUMERIC_WITNESS,Spectral-abscissa error cannot rank Lie vs Strang inside this class; use e_lambda only as a release gate against the reference.
A3-RAND-01-085,A3_random_stable,4,4,AB_LIE_STRANG_SIMILAR_PROPAGATOR_CLASS,LIE_AB,STRANG_ABA,STRANG_ABA^n P_A == P_A LIE_AB^n,4.418122495271995e-16,3.3306690738754696e-16,1e-12,PASS_CONJUGACY_NUMERIC_WITNESS,Spectral-abscissa error cannot rank Lie vs Strang inside this class; use e_lambda only as a release gate against the reference.
A3-RAND-01-085,A3_random_stable,4,4,BA_LIE_STRANG_SIMILAR_PROPAGATOR_CLASS,LIE_BA,STRANG_BAB,STRANG_BAB^n P_B == P_B LIE_BA^n,3.8677398923494454e-16,9.992007221626409e-16,1e-12,PASS_CONJUGACY_NUMERIC_WITNESS,Spectral-abscissa error cannot rank Lie vs Strang inside this class; use e_lambda only as a release gate against the reference.
A3-RAND-01-085,A3_random_stable,4,8,AB_LIE_STRANG_SIMILAR_PROPAGATOR_CLASS,LIE_AB,STRANG_ABA,STRANG_ABA^n P_A == P_A LIE_AB^n,9.903135851017446e-16,1.3322676295501878e-15,1e-12,PASS_CONJUGACY_NUMERIC_WITNESS,Spectral-abscissa error cannot rank Lie vs Strang inside this class; use e_lambda only as a release gate against the reference.
A3-RAND-01-085,A3_random_stable,4,8,BA_LIE_STRANG_SIMILAR_PROPAGATOR_CLASS,LIE_BA,STRANG_BAB,STRANG_BAB^n P_B == P_B LIE_BA^n,1.4576199316632004e-15,8.881784197001252e-16,1e-12,PASS_CONJUGACY_NUMERIC_WITNESS,Spectral-abscissa error cannot rank Lie vs Strang inside this class; use e_lambda only as a release gate against the reference.
A3-RAND-01-085,A3_random_stable,4,16,AB_LIE_STRANG_SIMILAR_PROPAGATOR_CLASS,LIE_AB,STRANG_ABA,STRANG_ABA^n P_A == P_A LIE_AB^n,1.5668469625753297e-15,6.106226635438361e-16,1e-12,PASS_CONJUGACY_NUMERIC_WITNESS,Spectral-abscissa error cannot rank Lie vs Strang inside this class; use e_lambda only as a release gate against the reference.
A3-RAND-01-085,A3_random_stable,4,16,BA_LIE_STRANG_SIMILAR_PROPAGATOR_CLASS,LIE_BA,STRANG_BAB,STRANG_BAB^n P_B == P_B LIE_BA^n,1.629785074975855e-15,1.1102230246251565e-15,1e-12,PASS_CONJUGACY_NUMERIC_WITNESS,Spectral-abscissa error cannot rank Lie vs Strang inside this class; use e_lambda only as a release gate against the reference.
A3-RAND-01-085,A3_random_stable,4,32,AB_LIE_STRANG_SIMILAR_PROPAGATOR_CLASS,LIE_AB,STRANG_ABA,STRANG_ABA^n P_A == P_A LIE_AB^n,2.094381567693436e-15,5.551115123125783e-16,1e-12,PASS_CONJUGACY_NUMERIC_WITNESS,Spectral-abscissa error cannot rank Lie vs Strang inside this class; use e_lambda only as a release gate against the reference.
A3-RAND-01-085,A3_random_stable,4,32,BA_LIE_STRANG_SIMILAR_PROPAGATOR_CLASS,LIE_BA,STRANG_BAB,STRANG_BAB^n P_B == P_B LIE_BA^n,2.214765150632328e-15,7.771561172376096e-16,1e-12,PASS_CONJUGACY_NUMERIC_WITNESS,Spectral-abscissa error cannot rank Lie vs Strang inside this class; use e_lambda only as a release gate against the reference.
A3-RAND-01-085,A3_random_stable,4,64,AB_LIE_STRANG_SIMILAR_PROPAGATOR_CLASS,LIE_AB,STRANG_ABA,STRANG_ABA^n P_A == P_A LIE_AB^n,6.463038133980122e-15,1.7763568394002505e-15,1e-12,PASS_CONJUGACY_NUMERIC_WITNESS,Spectral-abscissa error cannot rank Lie vs Strang inside this class; use e_lambda only as a release gate against the reference.
A3-RAND-01-085,A3_random_stable,4,64,BA_LIE_STRANG_SIMILAR_PROPAGATOR_CLASS,LIE_BA,STRANG_BAB,STRANG_BAB^n P_B == P_B LIE_BA^n,7.216101250464752e-15,6.217248937900877e-15,1e-12,PASS_CONJUGACY_NUMERIC_WITNESS,Spectral-abscissa error cannot rank Lie vs Strang inside this class; use e_lambda only as a release gate against the reference.
A3-RAND-01-085,A3_random_stable,4,128,AB_LIE_STRANG_SIMILAR_PROPAGATOR_CLASS,LIE_AB,STRANG_ABA,STRANG_ABA^n P_A == P_A LIE_AB^n,1.5919086142825486e-14,1.0769163338864018e-14,1e-12,PASS_CONJUGACY_NUMERIC_WITNESS,Spectral-abscissa error cannot rank Lie vs Strang inside this class; use e_lambda only as a release gate against the reference.
A3-RAND-01-085,A3_random_stable,4,128,BA_LIE_STRANG_SIMILAR_PROPAGATOR_CLASS,LIE_BA,STRANG_BAB,STRANG_BAB^n P_B == P_B LIE_BA^n,1.2068335608032457e-14,8.104628079763643e-15,1e-12,PASS_CONJUGACY_NUMERIC_WITNESS,Spectral-abscissa error cannot rank Lie vs Strang inside this class; use e_lambda only as a release gate against the reference.
A3-RAND-01-085,A3_random_stable,4,256,AB_LIE_STRANG_SIMILAR_PROPAGATOR_CLASS,LIE_AB,STRANG_ABA,STRANG_ABA^n P_A == P_A LIE_AB^n,2.8166299690813773e-14,2.0761170560490427e-14,1e-12,PASS_CONJUGACY_NUMERIC_WITNESS,Spectral-abscissa error cannot rank Lie vs Strang inside this class; use e_lambda only as a release gate against the reference.
A3-RAND-01-085,A3_random_stable,4,256,BA_LIE_STRANG_SIMILAR_PROPAGATOR_CLASS,LIE_BA,STRANG_BAB,STRANG_BAB^n P_B == P_B LIE_BA^n,3.18204578250686e-14,2.3203661214665772e-14,1e-12,PASS_CONJUGACY_NUMERIC_WITNESS,Spectral-abscissa error cannot rank Lie vs Strang inside this class; use e_lambda only as a release gate against the reference.
A3-RAND-01-085,A3_random_stable,4,512,AB_LIE_STRANG_SIMILAR_PROPAGATOR_CLASS,LIE_AB,STRANG_ABA,STRANG_ABA^n P_A == P_A LIE_AB^n,1.7674957070386517e-14,4.468647674116255e-15,1e-12,PASS_CONJUGACY_NUMERIC_WITNESS,Spectral-abscissa error cannot rank Lie vs Strang inside this class; use e_lambda only as a release gate against the reference.
A3-RAND-01-085,A3_random_stable,4,512,BA_LIE_STRANG_SIMILAR_PROPAGATOR_CLASS,LIE_BA,STRANG_BAB,STRANG_BAB^n P_B == P_B LIE_BA^n,2.568500290722371e-14,1.021405182655144e-14,1e-12,PASS_CONJUGACY_NUMERIC_WITNESS,Spectral-abscissa error cannot rank Lie vs Strang inside this class; use e_lambda only as a release gate against the reference.
A3-RAND-01-135,A3_random_stable,4,4,AB_LIE_STRANG_SIMILAR_PROPAGATOR_CLASS,LIE_AB,STRANG_ABA,STRANG_ABA^n P_A == P_A LIE_AB^n,3.4767864910854385e-16,9.992007221626409e-16,1e-12,PASS_CONJUGACY_NUMERIC_WITNESS,Spectral-abscissa error cannot rank Lie vs Strang inside this class; use e_lambda only as a release gate against the reference.
A3-RAND-01-135,A3_random_stable,4,4,BA_LIE_STRANG_SIMILAR_PROPAGATOR_CLASS,LIE_BA,STRANG_BAB,STRANG_BAB^n P_B == P_B LIE_BA^n,7.546900324661433e-16,9.992007221626409e-16,1e-12,PASS_CONJUGACY_NUMERIC_WITNESS,Spectral-abscissa error cannot rank Lie vs Strang inside this class; use e_lambda only as a release gate against the reference.
A3-RAND-01-135,A3_random_stable,4,8,AB_LIE_STRANG_SIMILAR_PROPAGATOR_CLASS,LIE_AB,STRANG_ABA,STRANG_ABA^n P_A == P_A LIE_AB^n,1.3219529085036618e-15,1.1102230246251565e-15,1e-12,PASS_CONJUGACY_NUMERIC_WITNESS,Spectral-abscissa error cannot rank Lie vs Strang inside this class; use e_lambda only as a release gate against the reference.
A3-RAND-01-135,A3_random_stable,4,8,BA_LIE_STRANG_SIMILAR_PROPAGATOR_CLASS,LIE_BA,STRANG_BAB,STRANG_BAB^n P_B == P_B LIE_BA^n,7.568013065854437e-16,8.881784197001252e-16,1e-12,PASS_CONJUGACY_NUMERIC_WITNESS,Spectral-abscissa error cannot rank Lie vs Strang inside this class; use e_lambda only as a release gate against the reference.
A3-RAND-01-135,A3_random_stable,4,16,AB_LIE_STRANG_SIMILAR_PROPAGATOR_CLASS,LIE_AB,STRANG_ABA,STRANG_ABA^n P_A == P_A LIE_AB^n,5.62892302224766e-16,9.992007221626409e-16,1e-12,PASS_CONJUGACY_NUMERIC_WITNESS,Spectral-abscissa error cannot rank Lie vs Strang inside this class; use e_lambda only as a release gate against the reference.
A3-RAND-01-135,A3_random_stable,4,16,BA_LIE_STRANG_SIMILAR_PROPAGATOR_CLASS,LIE_BA,STRANG_BAB,STRANG_BAB^n P_B == P_B LIE_BA^n,2.8827279350323214e-15,2.7755575615628914e-15,1e-12,PASS_CONJUGACY_NUMERIC_WITNESS,Spectral-abscissa error cannot rank Lie vs Strang inside this class; use e_lambda only as a release gate against the reference.
A3-RAND-01-135,A3_random_stable,4,32,AB_LIE_STRANG_SIMILAR_PROPAGATOR_CLASS,LIE_AB,STRANG_ABA,STRANG_ABA^n P_A == P_A LIE_AB^n,3.7365747952448015e-15,2.3314683517128287e-15,1e-12,PASS_CONJUGACY_NUMERIC_WITNESS,Spectral-abscissa error cannot rank Lie vs Strang inside this class; use e_lambda only as a release gate against the reference.
A3-RAND-01-135,A3_random_stable,4,32,BA_LIE_STRANG_SIMILAR_PROPAGATOR_CLASS,LIE_BA,STRANG_BAB,STRANG_BAB^n P_B == P_B LIE_BA^n,2.569278476897763e-15,1.4432899320127035e-15,1e-12,PASS_CONJUGACY_NUMERIC_WITNESS,Spectral-abscissa error cannot rank Lie vs Strang inside this class; use e_lambda only as a release gate against the reference.
A3-RAND-01-135,A3_random_stable,4,64,AB_LIE_STRANG_SIMILAR_PROPAGATOR_CLASS,LIE_AB,STRANG_ABA,STRANG_ABA^n P_A == P_A LIE_AB^n,6.582599323402656e-15,3.9968028886505635e-15,1e-12,PASS_CONJUGACY_NUMERIC_WITNESS,Spectral-abscissa error cannot rank Lie vs Strang inside this class; use e_lambda only as a release gate against the reference.
A3-RAND-01-135,A3_random_stable,4,64,BA_LIE_STRANG_SIMILAR_PROPAGATOR_CLASS,LIE_BA,STRANG_BAB,STRANG_BAB^n P_B == P_B LIE_BA^n,3.810567554438083e-15,1.6653345369377348e-15,1e-12,PASS_CONJUGACY_NUMERIC_WITNESS,Spectral-abscissa error cannot rank Lie vs Strang inside this class; use e_lambda only as a release gate against the reference.
A3-RAND-01-135,A3_random_stable,4,128,AB_LIE_STRANG_SIMILAR_PROPAGATOR_CLASS,LIE_AB,STRANG_ABA,STRANG_ABA^n P_A == P_A LIE_AB^n,2.100994368642806e-14,1.0436096431476471e-14,1e-12,PASS_CONJUGACY_NUMERIC_WITNESS,Spectral-abscissa error cannot rank Lie vs Strang inside this class; use e_lambda only as a release gate against the reference.
A3-RAND-01-135,A3_random_stable,4,128,BA_LIE_STRANG_SIMILAR_PROPAGATOR_CLASS,LIE_BA,STRANG_BAB,STRANG_BAB^n P_B == P_B LIE_BA^n,1.2515396562235056e-14,7.216449660063518e-15,1e-12,PASS_CONJUGACY_NUMERIC_WITNESS,Spectral-abscissa error cannot rank Lie vs Strang inside this class; use e_lambda only as a release gate against the reference.
A3-RAND-01-135,A3_random_stable,4,256,AB_LIE_STRANG_SIMILAR_PROPAGATOR_CLASS,LIE_AB,STRANG_ABA,STRANG_ABA^n P_A == P_A LIE_AB^n,2.753290008831812e-14,1.8762769116165146e-14,1e-12,PASS_CONJUGACY_NUMERIC_WITNESS,Spectral-abscissa error cannot rank Lie vs Strang inside this class; use e_lambda only as a release gate against the reference.
A3-RAND-01-135,A3_random_stable,4,256,BA_LIE_STRANG_SIMILAR_PROPAGATOR_CLASS,LIE_BA,STRANG_BAB,STRANG_BAB^n P_B == P_B LIE_BA^n,3.4364282984492336e-14,9.325873406851315e-15,1e-12,PASS_CONJUGACY_NUMERIC_WITNESS,Spectral-abscissa error cannot rank Lie vs Strang inside this class; use e_lambda only as a release gate against the reference.
A3-RAND-01-135,A3_random_stable,4,512,AB_LIE_STRANG_SIMILAR_PROPAGATOR_CLASS,LIE_AB,STRANG_ABA,STRANG_ABA^n P_A == P_A LIE_AB^n,3.203640526680949e-14,1.7541523789077473e-14,1e-12,PASS_CONJUGACY_NUMERIC_WITNESS,Spectral-abscissa error cannot rank Lie vs Strang inside this class; use e_lambda only as a release gate against the reference.
A3-RAND-01-135,A3_random_stable,4,512,BA_LIE_STRANG_SIMILAR_PROPAGATOR_CLASS,LIE_BA,STRANG_BAB,STRANG_BAB^n P_B == P_B LIE_BA^n,6.109774532313749e-14,4.207745263329343e-14,1e-12,PASS_CONJUGACY_NUMERIC_WITNESS,Spectral-abscissa error cannot rank Lie vs Strang inside this class; use e_lambda only as a release gate against the reference.
A3-RAND-02-005,A3_random_stable,8,4,AB_LIE_STRANG_SIMILAR_PROPAGATOR_CLASS,LIE_AB,STRANG_ABA,STRANG_ABA^n P_A == P_A LIE_AB^n,5.61831959187533e-16,8.881784197001252e-16,1e-12,PASS_CONJUGACY_NUMERIC_WITNESS,Spectral-abscissa error cannot rank Lie vs Strang inside this class; use e_lambda only as a release gate against the reference.
A3-RAND-02-005,A3_random_stable,8,4,BA_LIE_STRANG_SIMILAR_PROPAGATOR_CLASS,LIE_BA,STRANG_BAB,STRANG_BAB^n P_B == P_B LIE_BA^n,4.908871659713003e-16,1.5543122344752192e-15,1e-12,PASS_CONJUGACY_NUMERIC_WITNESS,Spectral-abscissa error cannot rank Lie vs Strang inside this class; use e_lambda only as a release gate against the reference.
A3-RAND-02-005,A3_random_stable,8,8,AB_LIE_STRANG_SIMILAR_PROPAGATOR_CLASS,LIE_AB,STRANG_ABA,STRANG_ABA^n P_A == P_A LIE_AB^n,9.406185992913895e-16,1.4432899320127035e-15,1e-12,PASS_CONJUGACY_NUMERIC_WITNESS,Spectral-abscissa error cannot rank Lie vs Strang inside this class; use e_lambda only as a release gate against the reference.
A3-RAND-02-005,A3_random_stable,8,8,BA_LIE_STRANG_SIMILAR_PROPAGATOR_CLASS,LIE_BA,STRANG_BAB,STRANG_BAB^n P_B == P_B LIE_BA^n,9.27393207849279e-16,1.6653345369377348e-15,1e-12,PASS_CONJUGACY_NUMERIC_WITNESS,Spectral-abscissa error cannot rank Lie vs Strang inside this class; use e_lambda only as a release gate against the reference.
A3-RAND-02-005,A3_random_stable,8,16,AB_LIE_STRANG_SIMILAR_PROPAGATOR_CLASS,LIE_AB,STRANG_ABA,STRANG_ABA^n P_A == P_A LIE_AB^n,2.796868731928846e-15,2.55351295663786e-15,1e-12,PASS_CONJUGACY_NUMERIC_WITNESS,Spectral-abscissa error cannot rank Lie vs Strang inside this class; use e_lambda only as a release gate against the reference.
A3-RAND-02-005,A3_random_stable,8,16,BA_LIE_STRANG_SIMILAR_PROPAGATOR_CLASS,LIE_BA,STRANG_BAB,STRANG_BAB^n P_B == P_B LIE_BA^n,1.4812084863000966e-15,1.4432899320127035e-15,1e-12,PASS_CONJUGACY_NUMERIC_WITNESS,Spectral-abscissa error cannot rank Lie vs Strang inside this class; use e_lambda only as a release gate against the reference.
A3-RAND-02-005,A3_random_stable,8,32,AB_LIE_STRANG_SIMILAR_PROPAGATOR_CLASS,LIE_AB,STRANG_ABA,STRANG_ABA^n P_A == P_A LIE_AB^n,4.205087559554198e-15,1.609823385706477e-15,1e-12,PASS_CONJUGACY_NUMERIC_WITNESS,Spectral-abscissa error cannot rank Lie vs Strang inside this class; use e_lambda only as a release gate against the reference.
A3-RAND-02-005,A3_random_stable,8,32,BA_LIE_STRANG_SIMILAR_PROPAGATOR_CLASS,LIE_BA,STRANG_BAB,STRANG_BAB^n P_B == P_B LIE_BA^n,3.436983223934086e-15,4.107825191113079e-15,1e-12,PASS_CONJUGACY_NUMERIC_WITNESS,Spectral-abscissa error cannot rank Lie vs Strang inside this class; use e_lambda only as a release gate against the reference.
A3-RAND-02-005,A3_random_stable,8,64,AB_LIE_STRANG_SIMILAR_PROPAGATOR_CLASS,LIE_AB,STRANG_ABA,STRANG_ABA^n P_A == P_A LIE_AB^n,9.405123951721628e-15,5.440092820663267e-15,1e-12,PASS_CONJUGACY_NUMERIC_WITNESS,Spectral-abscissa error cannot rank Lie vs Strang inside this class; use e_lambda only as a release gate against the reference.
A3-RAND-02-005,A3_random_stable,8,64,BA_LIE_STRANG_SIMILAR_PROPAGATOR_CLASS,LIE_BA,STRANG_BAB,STRANG_BAB^n P_B == P_B LIE_BA^n,8.646425577665932e-15,3.6637359812630166e-15,1e-12,PASS_CONJUGACY_NUMERIC_WITNESS,Spectral-abscissa error cannot rank Lie vs Strang inside this class; use e_lambda only as a release gate against the reference.
A3-RAND-02-005,A3_random_stable,8,128,AB_LIE_STRANG_SIMILAR_PROPAGATOR_CLASS,LIE_AB,STRANG_ABA,STRANG_ABA^n P_A == P_A LIE_AB^n,1.5812037321869758e-14,1.0325074129013956e-14,1e-12,PASS_CONJUGACY_NUMERIC_WITNESS,Spectral-abscissa error cannot rank Lie vs Strang inside this class; use e_lambda only as a release gate against the reference.
A3-RAND-02-005,A3_random_stable,8,128,BA_LIE_STRANG_SIMILAR_PROPAGATOR_CLASS,LIE_BA,STRANG_BAB,STRANG_BAB^n P_B == P_B LIE_BA^n,1.922679317856233e-14,1.2656542480726785e-14,1e-12,PASS_CONJUGACY_NUMERIC_WITNESS,Spectral-abscissa error cannot rank Lie vs Strang inside this class; use e_lambda only as a release gate against the reference.
A3-RAND-02-005,A3_random_stable,8,256,AB_LIE_STRANG_SIMILAR_PROPAGATOR_CLASS,LIE_AB,STRANG_ABA,STRANG_ABA^n P_A == P_A LIE_AB^n,1.9846591837384295e-14,1.554312234475219e-14,1e-12,PASS_CONJUGACY_NUMERIC_WITNESS,Spectral-abscissa error cannot rank Lie vs Strang inside this class; use e_lambda only as a release gate against the reference.
A3-RAND-02-005,A3_random_stable,8,256,BA_LIE_STRANG_SIMILAR_PROPAGATOR_CLASS,LIE_BA,STRANG_BAB,STRANG_BAB^n P_B == P_B LIE_BA^n,2.4361250689979326e-14,1.2212453270876722e-14,1e-12,PASS_CONJUGACY_NUMERIC_WITNESS,Spectral-abscissa error cannot rank Lie vs Strang inside this class; use e_lambda only as a release gate against the reference.
A3-RAND-02-005,A3_random_stable,8,512,AB_LIE_STRANG_SIMILAR_PROPAGATOR_CLASS,LIE_AB,STRANG_ABA,STRANG_ABA^n P_A == P_A LIE_AB^n,5.742830406633543e-14,3.68594044175552e-14,1e-12,PASS_CONJUGACY_NUMERIC_WITNESS,Spectral-abscissa error cannot rank Lie vs Strang inside this class; use e_lambda only as a release gate against the reference.
A3-RAND-02-005,A3_random_stable,8,512,BA_LIE_STRANG_SIMILAR_PROPAGATOR_CLASS,LIE_BA,STRANG_BAB,STRANG_BAB^n P_B == P_B LIE_BA^n,7.248703676217435e-14,6.039613253960852e-14,1e-12,PASS_CONJUGACY_NUMERIC_WITNESS,Spectral-abscissa error cannot rank Lie vs Strang inside this class; use e_lambda only as a release gate against the reference.
A3-RAND-02-035,A3_random_stable,8,4,AB_LIE_STRANG_SIMILAR_PROPAGATOR_CLASS,LIE_AB,STRANG_ABA,STRANG_ABA^n P_A == P_A LIE_AB^n,8.405009763964336e-16,1.3322676295501878e-15,1e-12,PASS_CONJUGACY_NUMERIC_WITNESS,Spectral-abscissa error cannot rank Lie vs Strang inside this class; use e_lambda only as a release gate against the reference.
A3-RAND-02-035,A3_random_stable,8,4,BA_LIE_STRANG_SIMILAR_PROPAGATOR_CLASS,LIE_BA,STRANG_BAB,STRANG_BAB^n P_B == P_B LIE_BA^n,4.1360662833962696e-16,2.3314683517128287e-15,1e-12,PASS_CONJUGACY_NUMERIC_WITNESS,Spectral-abscissa error cannot rank Lie vs Strang inside this class; use e_lambda only as a release gate against the reference.
A3-RAND-02-035,A3_random_stable,8,8,AB_LIE_STRANG_SIMILAR_PROPAGATOR_CLASS,LIE_AB,STRANG_ABA,STRANG_ABA^n P_A == P_A LIE_AB^n,8.047173411801045e-16,3.3306690738754696e-16,1e-12,PASS_CONJUGACY_NUMERIC_WITNESS,Spectral-abscissa error cannot rank Lie vs Strang inside this class; use e_lambda only as a release gate against the reference.
A3-RAND-02-035,A3_random_stable,8,8,BA_LIE_STRANG_SIMILAR_PROPAGATOR_CLASS,LIE_BA,STRANG_BAB,STRANG_BAB^n P_B == P_B LIE_BA^n,1.9644031094796164e-15,3.219646771412954e-15,1e-12,PASS_CONJUGACY_NUMERIC_WITNESS,Spectral-abscissa error cannot rank Lie vs Strang inside this class; use e_lambda only as a release gate against the reference.
A3-RAND-02-035,A3_random_stable,8,16,AB_LIE_STRANG_SIMILAR_PROPAGATOR_CLASS,LIE_AB,STRANG_ABA,STRANG_ABA^n P_A == P_A LIE_AB^n,2.151144571001715e-15,1.9984014443252818e-15,1e-12,PASS_CONJUGACY_NUMERIC_WITNESS,Spectral-abscissa error cannot rank Lie vs Strang inside this class; use e_lambda only as a release gate against the reference.
A3-RAND-02-035,A3_random_stable,8,16,BA_LIE_STRANG_SIMILAR_PROPAGATOR_CLASS,LIE_BA,STRANG_BAB,STRANG_BAB^n P_B == P_B LIE_BA^n,2.8181482455167175e-15,2.886579864025407e-15,1e-12,PASS_CONJUGACY_NUMERIC_WITNESS,Spectral-abscissa error cannot rank Lie vs Strang inside this class; use e_lambda only as a release gate against the reference.
A3-RAND-02-035,A3_random_stable,8,32,AB_LIE_STRANG_SIMILAR_PROPAGATOR_CLASS,LIE_AB,STRANG_ABA,STRANG_ABA^n P_A == P_A LIE_AB^n,2.5972730203148706e-15,2.1094237467877974e-15,1e-12,PASS_CONJUGACY_NUMERIC_WITNESS,Spectral-abscissa error cannot rank Lie vs Strang inside this class; use e_lambda only as a release gate against the reference.
A3-RAND-02-035,A3_random_stable,8,32,BA_LIE_STRANG_SIMILAR_PROPAGATOR_CLASS,LIE_BA,STRANG_BAB,STRANG_BAB^n P_B == P_B LIE_BA^n,3.1745208023345857e-15,9.43689570931383e-16,1e-12,PASS_CONJUGACY_NUMERIC_WITNESS,Spectral-abscissa error cannot rank Lie vs Strang inside this class; use e_lambda only as a release gate against the reference.
A3-RAND-02-035,A3_random_stable,8,64,AB_LIE_STRANG_SIMILAR_PROPAGATOR_CLASS,LIE_AB,STRANG_ABA,STRANG_ABA^n P_A == P_A LIE_AB^n,1.4176246831040957e-14,1.176836406102666e-14,1e-12,PASS_CONJUGACY_NUMERIC_WITNESS,Spectral-abscissa error cannot rank Lie vs Strang inside this class; use e_lambda only as a release gate against the reference.
A3-RAND-02-035,A3_random_stable,8,64,BA_LIE_STRANG_SIMILAR_PROPAGATOR_CLASS,LIE_BA,STRANG_BAB,STRANG_BAB^n P_B == P_B LIE_BA^n,8.828605838041923e-15,3.4416913763379853e-15,1e-12,PASS_CONJUGACY_NUMERIC_WITNESS,Spectral-abscissa error cannot rank Lie vs Strang inside this class; use e_lambda only as a release gate against the reference.
A3-RAND-02-035,A3_random_stable,8,128,AB_LIE_STRANG_SIMILAR_PROPAGATOR_CLASS,LIE_AB,STRANG_ABA,STRANG_ABA^n P_A == P_A LIE_AB^n,1.8760618858240817e-14,1.2212453270876722e-14,1e-12,PASS_CONJUGACY_NUMERIC_WITNESS,Spectral-abscissa error cannot rank Lie vs Strang inside this class; use e_lambda only as a release gate against the reference.
A3-RAND-02-035,A3_random_stable,8,128,BA_LIE_STRANG_SIMILAR_PROPAGATOR_CLASS,LIE_BA,STRANG_BAB,STRANG_BAB^n P_B == P_B LIE_BA^n,2.0955586963268427e-14,1.8207657603852567e-14,1e-12,PASS_CONJUGACY_NUMERIC_WITNESS,Spectral-abscissa error cannot rank Lie vs Strang inside this class; use e_lambda only as a release gate against the reference.
A3-RAND-02-035,A3_random_stable,8,256,AB_LIE_STRANG_SIMILAR_PROPAGATOR_CLASS,LIE_AB,STRANG_ABA,STRANG_ABA^n P_A == P_A LIE_AB^n,3.6232183486609454e-14,1.4932499681208355e-14,1e-12,PASS_CONJUGACY_NUMERIC_WITNESS,Spectral-abscissa error cannot rank Lie vs Strang inside this class; use e_lambda only as a release gate against the reference.
A3-RAND-02-035,A3_random_stable,8,256,BA_LIE_STRANG_SIMILAR_PROPAGATOR_CLASS,LIE_BA,STRANG_BAB,STRANG_BAB^n P_B == P_B LIE_BA^n,4.452550955482177e-14,2.1094237467877974e-14,1e-12,PASS_CONJUGACY_NUMERIC_WITNESS,Spectral-abscissa error cannot rank Lie vs Strang inside this class; use e_lambda only as a release gate against the reference.
A3-RAND-02-035,A3_random_stable,8,512,AB_LIE_STRANG_SIMILAR_PROPAGATOR_CLASS,LIE_AB,STRANG_ABA,STRANG_ABA^n P_A == P_A LIE_AB^n,4.504157826321335e-14,1.9095836023552692e-14,1e-12,PASS_CONJUGACY_NUMERIC_WITNESS,Spectral-abscissa error cannot rank Lie vs Strang inside this class; use e_lambda only as a release gate against the reference.
A3-RAND-02-035,A3_random_stable,8,512,BA_LIE_STRANG_SIMILAR_PROPAGATOR_CLASS,LIE_BA,STRANG_BAB,STRANG_BAB^n P_B == P_B LIE_BA^n,6.045144104039445e-14,4.1744385725905886e-14,1e-12,PASS_CONJUGACY_NUMERIC_WITNESS,Spectral-abscissa error cannot rank Lie vs Strang inside this class; use e_lambda only as a release gate against the reference.
A3-RAND-02-085,A3_random_stable,8,4,AB_LIE_STRANG_SIMILAR_PROPAGATOR_CLASS,LIE_AB,STRANG_ABA,STRANG_ABA^n P_A == P_A LIE_AB^n,7.134190432870772e-16,8.881784197001252e-16,1e-12,PASS_CONJUGACY_NUMERIC_WITNESS,Spectral-abscissa error cannot rank Lie vs Strang inside this class; use e_lambda only as a release gate against the reference.
A3-RAND-02-085,A3_random_stable,8,4,BA_LIE_STRANG_SIMILAR_PROPAGATOR_CLASS,LIE_BA,STRANG_BAB,STRANG_BAB^n P_B == P_B LIE_BA^n,8.140225445919633e-16,1.9984014443252818e-15,1e-12,PASS_CONJUGACY_NUMERIC_WITNESS,Spectral-abscissa error cannot rank Lie vs Strang inside this class; use e_lambda only as a release gate against the reference.
A3-RAND-02-085,A3_random_stable,8,8,AB_LIE_STRANG_SIMILAR_PROPAGATOR_CLASS,LIE_AB,STRANG_ABA,STRANG_ABA^n P_A == P_A LIE_AB^n,9.580467796499474e-16,1.6653345369377348e-15,1e-12,PASS_CONJUGACY_NUMERIC_WITNESS,Spectral-abscissa error cannot rank Lie vs Strang inside this class; use e_lambda only as a release gate against the reference.
A3-RAND-02-085,A3_random_stable,8,8,BA_LIE_STRANG_SIMILAR_PROPAGATOR_CLASS,LIE_BA,STRANG_BAB,STRANG_BAB^n P_B == P_B LIE_BA^n,1.3572596337150254e-15,1.9984014443252818e-15,1e-12,PASS_CONJUGACY_NUMERIC_WITNESS,Spectral-abscissa error cannot rank Lie vs Strang inside this class; use e_lambda only as a release gate against the reference.
A3-RAND-02-085,A3_random_stable,8,16,AB_LIE_STRANG_SIMILAR_PROPAGATOR_CLASS,LIE_AB,STRANG_ABA,STRANG_ABA^n P_A == P_A LIE_AB^n,2.0813854052404493e-15,1.1102230246251565e-15,1e-12,PASS_CONJUGACY_NUMERIC_WITNESS,Spectral-abscissa error cannot rank Lie vs Strang inside this class; use e_lambda only as a release gate against the reference.
A3-RAND-02-085,A3_random_stable,8,16,BA_LIE_STRANG_SIMILAR_PROPAGATOR_CLASS,LIE_BA,STRANG_BAB,STRANG_BAB^n P_B == P_B LIE_BA^n,1.8097042711965882e-15,1.3322676295501878e-15,1e-12,PASS_CONJUGACY_NUMERIC_WITNESS,Spectral-abscissa error cannot rank Lie vs Strang inside this class; use e_lambda only as a release gate against the reference.
A3-RAND-02-085,A3_random_stable,8,32,AB_LIE_STRANG_SIMILAR_PROPAGATOR_CLASS,LIE_AB,STRANG_ABA,STRANG_ABA^n P_A == P_A LIE_AB^n,3.515451597286266e-15,1.4432899320127035e-15,1e-12,PASS_CONJUGACY_NUMERIC_WITNESS,Spectral-abscissa error cannot rank Lie vs Strang inside this class; use e_lambda only as a release gate against the reference.
A3-RAND-02-085,A3_random_stable,8,32,BA_LIE_STRANG_SIMILAR_PROPAGATOR_CLASS,LIE_BA,STRANG_BAB,STRANG_BAB^n P_B == P_B LIE_BA^n,4.423786720398361e-15,3.3306690738754696e-15,1e-12,PASS_CONJUGACY_NUMERIC_WITNESS,Spectral-abscissa error cannot rank Lie vs Strang inside this class; use e_lambda only as a release gate against the reference.
A3-RAND-02-085,A3_random_stable,8,64,AB_LIE_STRANG_SIMILAR_PROPAGATOR_CLASS,LIE_AB,STRANG_ABA,STRANG_ABA^n P_A == P_A LIE_AB^n,8.260111013549762e-15,4.773959005888173e-15,1e-12,PASS_CONJUGACY_NUMERIC_WITNESS,Spectral-abscissa error cannot rank Lie vs Strang inside this class; use e_lambda only as a release gate against the reference.
A3-RAND-02-085,A3_random_stable,8,64,BA_LIE_STRANG_SIMILAR_PROPAGATOR_CLASS,LIE_BA,STRANG_BAB,STRANG_BAB^n P_B == P_B LIE_BA^n,7.282857358690032e-15,3.774758283725532e-15,1e-12,PASS_CONJUGACY_NUMERIC_WITNESS,Spectral-abscissa error cannot rank Lie vs Strang inside this class; use e_lambda only as a release gate against the reference.
A3-RAND-02-085,A3_random_stable,8,128,AB_LIE_STRANG_SIMILAR_PROPAGATOR_CLASS,LIE_AB,STRANG_ABA,STRANG_ABA^n P_A == P_A LIE_AB^n,1.5330402329670882e-14,1.2434497875801753e-14,1e-12,PASS_CONJUGACY_NUMERIC_WITNESS,Spectral-abscissa error cannot rank Lie vs Strang inside this class; use e_lambda only as a release gate against the reference.
A3-RAND-02-085,A3_random_stable,8,128,BA_LIE_STRANG_SIMILAR_PROPAGATOR_CLASS,LIE_BA,STRANG_BAB,STRANG_BAB^n P_B == P_B LIE_BA^n,1.527476121057188e-14,5.995204332975845e-15,1e-12,PASS_CONJUGACY_NUMERIC_WITNESS,Spectral-abscissa error cannot rank Lie vs Strang inside this class; use e_lambda only as a release gate against the reference.
A3-RAND-02-085,A3_random_stable,8,256,AB_LIE_STRANG_SIMILAR_PROPAGATOR_CLASS,LIE_AB,STRANG_ABA,STRANG_ABA^n P_A == P_A LIE_AB^n,3.3640482540725784e-14,2.0650148258027912e-14,1e-12,PASS_CONJUGACY_NUMERIC_WITNESS,Spectral-abscissa error cannot rank Lie vs Strang inside this class; use e_lambda only as a release gate against the reference.
A3-RAND-02-085,A3_random_stable,8,256,BA_LIE_STRANG_SIMILAR_PROPAGATOR_CLASS,LIE_BA,STRANG_BAB,STRANG_BAB^n P_B == P_B LIE_BA^n,2.6234383654358037e-14,1.7208456881689926e-14,1e-12,PASS_CONJUGACY_NUMERIC_WITNESS,Spectral-abscissa error cannot rank Lie vs Strang inside this class; use e_lambda only as a release gate against the reference.
A3-RAND-02-085,A3_random_stable,8,512,AB_LIE_STRANG_SIMILAR_PROPAGATOR_CLASS,LIE_AB,STRANG_ABA,STRANG_ABA^n P_A == P_A LIE_AB^n,6.863539750089311e-14,2.942091015256665e-14,1e-12,PASS_CONJUGACY_NUMERIC_WITNESS,Spectral-abscissa error cannot rank Lie vs Strang inside this class; use e_lambda only as a release gate against the reference.
A3-RAND-02-085,A3_random_stable,8,512,BA_LIE_STRANG_SIMILAR_PROPAGATOR_CLASS,LIE_BA,STRANG_BAB,STRANG_BAB^n P_B == P_B LIE_BA^n,7.251073627063301e-14,4.3520742565306136e-14,1e-12,PASS_CONJUGACY_NUMERIC_WITNESS,Spectral-abscissa error cannot rank Lie vs Strang inside this class; use e_lambda only as a release gate against the reference.
A3-RAND-02-135,A3_random_stable,8,4,AB_LIE_STRANG_SIMILAR_PROPAGATOR_CLASS,LIE_AB,STRANG_ABA,STRANG_ABA^n P_A == P_A LIE_AB^n,7.141224858314996e-16,1.1102230246251565e-15,1e-12,PASS_CONJUGACY_NUMERIC_WITNESS,Spectral-abscissa error cannot rank Lie vs Strang inside this class; use e_lambda only as a release gate against the reference.
A3-RAND-02-135,A3_random_stable,8,4,BA_LIE_STRANG_SIMILAR_PROPAGATOR_CLASS,LIE_BA,STRANG_BAB,STRANG_BAB^n P_B == P_B LIE_BA^n,6.934663432610539e-16,9.992007221626409e-16,1e-12,PASS_CONJUGACY_NUMERIC_WITNESS,Spectral-abscissa error cannot rank Lie vs Strang inside this class; use e_lambda only as a release gate against the reference.
A3-RAND-02-135,A3_random_stable,8,8,AB_LIE_STRANG_SIMILAR_PROPAGATOR_CLASS,LIE_AB,STRANG_ABA,STRANG_ABA^n P_A == P_A LIE_AB^n,1.8082304335577573e-15,1.9984014443252818e-15,1e-12,PASS_CONJUGACY_NUMERIC_WITNESS,Spectral-abscissa error cannot rank Lie vs Strang inside this class; use e_lambda only as a release gate against the reference.
A3-RAND-02-135,A3_random_stable,8,8,BA_LIE_STRANG_SIMILAR_PROPAGATOR_CLASS,LIE_BA,STRANG_BAB,STRANG_BAB^n P_B == P_B LIE_BA^n,1.4450914012936795e-15,1.887379141862766e-15,1e-12,PASS_CONJUGACY_NUMERIC_WITNESS,Spectral-abscissa error cannot rank Lie vs Strang inside this class; use e_lambda only as a release gate against the reference.
A3-RAND-02-135,A3_random_stable,8,16,AB_LIE_STRANG_SIMILAR_PROPAGATOR_CLASS,LIE_AB,STRANG_ABA,STRANG_ABA^n P_A == P_A LIE_AB^n,2.70045013336757e-15,3.4416913763379853e-15,1e-12,PASS_CONJUGACY_NUMERIC_WITNESS,Spectral-abscissa error cannot rank Lie vs Strang inside this class; use e_lambda only as a release gate against the reference.
A3-RAND-02-135,A3_random_stable,8,16,BA_LIE_STRANG_SIMILAR_PROPAGATOR_CLASS,LIE_BA,STRANG_BAB,STRANG_BAB^n P_B == P_B LIE_BA^n,3.217212242000603e-15,1.4432899320127035e-15,1e-12,PASS_CONJUGACY_NUMERIC_WITNESS,Spectral-abscissa error cannot rank Lie vs Strang inside this class; use e_lambda only as a release gate against the reference.
A3-RAND-02-135,A3_random_stable,8,32,AB_LIE_STRANG_SIMILAR_PROPAGATOR_CLASS,LIE_AB,STRANG_ABA,STRANG_ABA^n P_A == P_A LIE_AB^n,3.986241580031466e-15,4.9960036108132044e-15,1e-12,PASS_CONJUGACY_NUMERIC_WITNESS,Spectral-abscissa error cannot rank Lie vs Strang inside this class; use e_lambda only as a release gate against the reference.
A3-RAND-02-135,A3_random_stable,8,32,BA_LIE_STRANG_SIMILAR_PROPAGATOR_CLASS,LIE_BA,STRANG_BAB,STRANG_BAB^n P_B == P_B LIE_BA^n,2.9438160270106693e-15,1.4432899320127035e-15,1e-12,PASS_CONJUGACY_NUMERIC_WITNESS,Spectral-abscissa error cannot rank Lie vs Strang inside this class; use e_lambda only as a release gate against the reference.
A3-RAND-02-135,A3_random_stable,8,64,AB_LIE_STRANG_SIMILAR_PROPAGATOR_CLASS,LIE_AB,STRANG_ABA,STRANG_ABA^n P_A == P_A LIE_AB^n,5.492229074247806e-15,2.220446049250313e-15,1e-12,PASS_CONJUGACY_NUMERIC_WITNESS,Spectral-abscissa error cannot rank Lie vs Strang inside this class; use e_lambda only as a release gate against the reference.
A3-RAND-02-135,A3_random_stable,8,64,BA_LIE_STRANG_SIMILAR_PROPAGATOR_CLASS,LIE_BA,STRANG_BAB,STRANG_BAB^n P_B == P_B LIE_BA^n,8.565844954496504e-15,5.88418203051333e-15,1e-12,PASS_CONJUGACY_NUMERIC_WITNESS,Spectral-abscissa error cannot rank Lie vs Strang inside this class; use e_lambda only as a release gate against the reference.
A3-RAND-02-135,A3_random_stable,8,128,AB_LIE_STRANG_SIMILAR_PROPAGATOR_CLASS,LIE_AB,STRANG_ABA,STRANG_ABA^n P_A == P_A LIE_AB^n,2.0131865935419315e-14,7.216449660063518e-15,1e-12,PASS_CONJUGACY_NUMERIC_WITNESS,Spectral-abscissa error cannot rank Lie vs Strang inside this class; use e_lambda only as a release gate against the reference.
A3-RAND-02-135,A3_random_stable,8,128,BA_LIE_STRANG_SIMILAR_PROPAGATOR_CLASS,LIE_BA,STRANG_BAB,STRANG_BAB^n P_B == P_B LIE_BA^n,1.4557798953999263e-14,4.6629367034256575e-15,1e-12,PASS_CONJUGACY_NUMERIC_WITNESS,Spectral-abscissa error cannot rank Lie vs Strang inside this class; use e_lambda only as a release gate against the reference.
A3-RAND-02-135,A3_random_stable,8,256,AB_LIE_STRANG_SIMILAR_PROPAGATOR_CLASS,LIE_AB,STRANG_ABA,STRANG_ABA^n P_A == P_A LIE_AB^n,4.653025068213563e-14,2.942091015256665e-14,1e-12,PASS_CONJUGACY_NUMERIC_WITNESS,Spectral-abscissa error cannot rank Lie vs Strang inside this class; use e_lambda only as a release gate against the reference.
A3-RAND-02-135,A3_random_stable,8,256,BA_LIE_STRANG_SIMILAR_PROPAGATOR_CLASS,LIE_BA,STRANG_BAB,STRANG_BAB^n P_B == P_B LIE_BA^n,4.146487494207739e-14,2.2315482794965646e-14,1e-12,PASS_CONJUGACY_NUMERIC_WITNESS,Spectral-abscissa error cannot rank Lie vs Strang inside this class; use e_lambda only as a release gate against the reference.
A3-RAND-02-135,A3_random_stable,8,512,AB_LIE_STRANG_SIMILAR_PROPAGATOR_CLASS,LIE_AB,STRANG_ABA,STRANG_ABA^n P_A == P_A LIE_AB^n,8.368214664198824e-14,3.352873534367973e-14,1e-12,PASS_CONJUGACY_NUMERIC_WITNESS,Spectral-abscissa error cannot rank Lie vs Strang inside this class; use e_lambda only as a release gate against the reference.
A3-RAND-02-135,A3_random_stable,8,512,BA_LIE_STRANG_SIMILAR_PROPAGATOR_CLASS,LIE_BA,STRANG_BAB,STRANG_BAB^n P_B == P_B LIE_BA^n,6.924609786934103e-14,3.7414515929867775e-14,1e-12,PASS_CONJUGACY_NUMERIC_WITNESS,Spectral-abscissa error cannot rank Lie vs Strang inside this class; use e_lambda only as a release gate against the reference.
A3-RAND-03-005,A3_random_stable,16,4,AB_LIE_STRANG_SIMILAR_PROPAGATOR_CLASS,LIE_AB,STRANG_ABA,STRANG_ABA^n P_A == P_A LIE_AB^n,8.368309636281678e-16,2.3314683517128287e-15,1e-12,PASS_CONJUGACY_NUMERIC_WITNESS,Spectral-abscissa error cannot rank Lie vs Strang inside this class; use e_lambda only as a release gate against the reference.
A3-RAND-03-005,A3_random_stable,16,4,BA_LIE_STRANG_SIMILAR_PROPAGATOR_CLASS,LIE_BA,STRANG_BAB,STRANG_BAB^n P_B == P_B LIE_BA^n,9.942206554586346e-16,3.219646771412954e-15,1e-12,PASS_CONJUGACY_NUMERIC_WITNESS,Spectral-abscissa error cannot rank Lie vs Strang inside this class; use e_lambda only as a release gate against the reference.
A3-RAND-03-005,A3_random_stable,16,8,AB_LIE_STRANG_SIMILAR_PROPAGATOR_CLASS,LIE_AB,STRANG_ABA,STRANG_ABA^n P_A == P_A LIE_AB^n,1.3759770347673255e-15,3.774758283725532e-15,1e-12,PASS_CONJUGACY_NUMERIC_WITNESS,Spectral-abscissa error cannot rank Lie vs Strang inside this class; use e_lambda only as a release gate against the reference.
A3-RAND-03-005,A3_random_stable,16,8,BA_LIE_STRANG_SIMILAR_PROPAGATOR_CLASS,LIE_BA,STRANG_BAB,STRANG_BAB^n P_B == P_B LIE_BA^n,1.810937039472389e-15,1.6653345369377348e-15,1e-12,PASS_CONJUGACY_NUMERIC_WITNESS,Spectral-abscissa error cannot rank Lie vs Strang inside this class; use e_lambda only as a release gate against the reference.
A3-RAND-03-005,A3_random_stable,16,16,AB_LIE_STRANG_SIMILAR_PROPAGATOR_CLASS,LIE_AB,STRANG_ABA,STRANG_ABA^n P_A == P_A LIE_AB^n,4.36539667343919e-15,4.440892098500626e-15,1e-12,PASS_CONJUGACY_NUMERIC_WITNESS,Spectral-abscissa error cannot rank Lie vs Strang inside this class; use e_lambda only as a release gate against the reference.
A3-RAND-03-005,A3_random_stable,16,16,BA_LIE_STRANG_SIMILAR_PROPAGATOR_CLASS,LIE_BA,STRANG_BAB,STRANG_BAB^n P_B == P_B LIE_BA^n,2.666881662953799e-15,3.1086244689504383e-15,1e-12,PASS_CONJUGACY_NUMERIC_WITNESS,Spectral-abscissa error cannot rank Lie vs Strang inside this class; use e_lambda only as a release gate against the reference.
A3-RAND-03-005,A3_random_stable,16,32,AB_LIE_STRANG_SIMILAR_PROPAGATOR_CLASS,LIE_AB,STRANG_ABA,STRANG_ABA^n P_A == P_A LIE_AB^n,6.5324039545626e-15,3.885780586188048e-15,1e-12,PASS_CONJUGACY_NUMERIC_WITNESS,Spectral-abscissa error cannot rank Lie vs Strang inside this class; use e_lambda only as a release gate against the reference.
A3-RAND-03-005,A3_random_stable,16,32,BA_LIE_STRANG_SIMILAR_PROPAGATOR_CLASS,LIE_BA,STRANG_BAB,STRANG_BAB^n P_B == P_B LIE_BA^n,5.8048894831475704e-15,3.552713678800501e-15,1e-12,PASS_CONJUGACY_NUMERIC_WITNESS,Spectral-abscissa error cannot rank Lie vs Strang inside this class; use e_lambda only as a release gate against the reference.
A3-RAND-03-005,A3_random_stable,16,64,AB_LIE_STRANG_SIMILAR_PROPAGATOR_CLASS,LIE_AB,STRANG_ABA,STRANG_ABA^n P_A == P_A LIE_AB^n,1.019257257799917e-14,3.164135620181696e-15,1e-12,PASS_CONJUGACY_NUMERIC_WITNESS,Spectral-abscissa error cannot rank Lie vs Strang inside this class; use e_lambda only as a release gate against the reference.
A3-RAND-03-005,A3_random_stable,16,64,BA_LIE_STRANG_SIMILAR_PROPAGATOR_CLASS,LIE_BA,STRANG_BAB,STRANG_BAB^n P_B == P_B LIE_BA^n,1.182750251909081e-14,5.662137425588298e-15,1e-12,PASS_CONJUGACY_NUMERIC_WITNESS,Spectral-abscissa error cannot rank Lie vs Strang inside this class; use e_lambda only as a release gate against the reference.
A3-RAND-03-005,A3_random_stable,16,128,AB_LIE_STRANG_SIMILAR_PROPAGATOR_CLASS,LIE_AB,STRANG_ABA,STRANG_ABA^n P_A == P_A LIE_AB^n,2.2483947268601255e-14,1.099120794378905e-14,1e-12,PASS_CONJUGACY_NUMERIC_WITNESS,Spectral-abscissa error cannot rank Lie vs Strang inside this class; use e_lambda only as a release gate against the reference.
A3-RAND-03-005,A3_random_stable,16,128,BA_LIE_STRANG_SIMILAR_PROPAGATOR_CLASS,LIE_BA,STRANG_BAB,STRANG_BAB^n P_B == P_B LIE_BA^n,2.3552656293804e-14,6.217248937900877e-15,1e-12,PASS_CONJUGACY_NUMERIC_WITNESS,Spectral-abscissa error cannot rank Lie vs Strang inside this class; use e_lambda only as a release gate against the reference.
A3-RAND-03-005,A3_random_stable,16,256,AB_LIE_STRANG_SIMILAR_PROPAGATOR_CLASS,LIE_AB,STRANG_ABA,STRANG_ABA^n P_A == P_A LIE_AB^n,4.4481556728174424e-14,1.942890293094024e-14,1e-12,PASS_CONJUGACY_NUMERIC_WITNESS,Spectral-abscissa error cannot rank Lie vs Strang inside this class; use e_lambda only as a release gate against the reference.
A3-RAND-03-005,A3_random_stable,16,256,BA_LIE_STRANG_SIMILAR_PROPAGATOR_CLASS,LIE_BA,STRANG_BAB,STRANG_BAB^n P_B == P_B LIE_BA^n,4.150090862602931e-14,1.3766765505351941e-14,1e-12,PASS_CONJUGACY_NUMERIC_WITNESS,Spectral-abscissa error cannot rank Lie vs Strang inside this class; use e_lambda only as a release gate against the reference.
A3-RAND-03-005,A3_random_stable,16,512,AB_LIE_STRANG_SIMILAR_PROPAGATOR_CLASS,LIE_AB,STRANG_ABA,STRANG_ABA^n P_A == P_A LIE_AB^n,7.93005851106029e-14,4.496403249731884e-14,1e-12,PASS_CONJUGACY_NUMERIC_WITNESS,Spectral-abscissa error cannot rank Lie vs Strang inside this class; use e_lambda only as a release gate against the reference.
A3-RAND-03-005,A3_random_stable,16,512,BA_LIE_STRANG_SIMILAR_PROPAGATOR_CLASS,LIE_BA,STRANG_BAB,STRANG_BAB^n P_B == P_B LIE_BA^n,9.06929751074576e-14,3.930189507173054e-14,1e-12,PASS_CONJUGACY_NUMERIC_WITNESS,Spectral-abscissa error cannot rank Lie vs Strang inside this class; use e_lambda only as a release gate against the reference.
A3-RAND-03-035,A3_random_stable,16,4,AB_LIE_STRANG_SIMILAR_PROPAGATOR_CLASS,LIE_AB,STRANG_ABA,STRANG_ABA^n P_A == P_A LIE_AB^n,9.133244365296713e-16,2.220446049250313e-15,1e-12,PASS_CONJUGACY_NUMERIC_WITNESS,Spectral-abscissa error cannot rank Lie vs Strang inside this class; use e_lambda only as a release gate against the reference.
A3-RAND-03-035,A3_random_stable,16,4,BA_LIE_STRANG_SIMILAR_PROPAGATOR_CLASS,LIE_BA,STRANG_BAB,STRANG_BAB^n P_B == P_B LIE_BA^n,6.657185944320457e-16,1.5543122344752192e-15,1e-12,PASS_CONJUGACY_NUMERIC_WITNESS,Spectral-abscissa error cannot rank Lie vs Strang inside this class; use e_lambda only as a release gate against the reference.
A3-RAND-03-035,A3_random_stable,16,8,AB_LIE_STRANG_SIMILAR_PROPAGATOR_CLASS,LIE_AB,STRANG_ABA,STRANG_ABA^n P_A == P_A LIE_AB^n,2.56053978177116e-15,3.9968028886505635e-15,1e-12,PASS_CONJUGACY_NUMERIC_WITNESS,Spectral-abscissa error cannot rank Lie vs Strang inside this class; use e_lambda only as a release gate against the reference.
A3-RAND-03-035,A3_random_stable,16,8,BA_LIE_STRANG_SIMILAR_PROPAGATOR_CLASS,LIE_BA,STRANG_BAB,STRANG_BAB^n P_B == P_B LIE_BA^n,1.5021147969592412e-15,2.1094237467877974e-15,1e-12,PASS_CONJUGACY_NUMERIC_WITNESS,Spectral-abscissa error cannot rank Lie vs Strang inside this class; use e_lambda only as a release gate against the reference.
A3-RAND-03-035,A3_random_stable,16,16,AB_LIE_STRANG_SIMILAR_PROPAGATOR_CLASS,LIE_AB,STRANG_ABA,STRANG_ABA^n P_A == P_A LIE_AB^n,3.561972086302581e-15,2.4424906541753444e-15,1e-12,PASS_CONJUGACY_NUMERIC_WITNESS,Spectral-abscissa error cannot rank Lie vs Strang inside this class; use e_lambda only as a release gate against the reference.
A3-RAND-03-035,A3_random_stable,16,16,BA_LIE_STRANG_SIMILAR_PROPAGATOR_CLASS,LIE_BA,STRANG_BAB,STRANG_BAB^n P_B == P_B LIE_BA^n,2.7815209413531226e-15,1.7763568394002505e-15,1e-12,PASS_CONJUGACY_NUMERIC_WITNESS,Spectral-abscissa error cannot rank Lie vs Strang inside this class; use e_lambda only as a release gate against the reference.
A3-RAND-03-035,A3_random_stable,16,32,AB_LIE_STRANG_SIMILAR_PROPAGATOR_CLASS,LIE_AB,STRANG_ABA,STRANG_ABA^n P_A == P_A LIE_AB^n,6.999375481949676e-15,4.551914400963142e-15,1e-12,PASS_CONJUGACY_NUMERIC_WITNESS,Spectral-abscissa error cannot rank Lie vs Strang inside this class; use e_lambda only as a release gate against the reference.
A3-RAND-03-035,A3_random_stable,16,32,BA_LIE_STRANG_SIMILAR_PROPAGATOR_CLASS,LIE_BA,STRANG_BAB,STRANG_BAB^n P_B == P_B LIE_BA^n,5.292834473238127e-15,2.4980018054066022e-15,1e-12,PASS_CONJUGACY_NUMERIC_WITNESS,Spectral-abscissa error cannot rank Lie vs Strang inside this class; use e_lambda only as a release gate against the reference.
A3-RAND-03-035,A3_random_stable,16,64,AB_LIE_STRANG_SIMILAR_PROPAGATOR_CLASS,LIE_AB,STRANG_ABA,STRANG_ABA^n P_A == P_A LIE_AB^n,1.0243385395434163e-14,5.329070518200751e-15,1e-12,PASS_CONJUGACY_NUMERIC_WITNESS,Spectral-abscissa error cannot rank Lie vs Strang inside this class; use e_lambda only as a release gate against the reference.
A3-RAND-03-035,A3_random_stable,16,64,BA_LIE_STRANG_SIMILAR_PROPAGATOR_CLASS,LIE_BA,STRANG_BAB,STRANG_BAB^n P_B == P_B LIE_BA^n,1.3675883764486479e-14,9.103828801926284e-15,1e-12,PASS_CONJUGACY_NUMERIC_WITNESS,Spectral-abscissa error cannot rank Lie vs Strang inside this class; use e_lambda only as a release gate against the reference.
A3-RAND-03-035,A3_random_stable,16,128,AB_LIE_STRANG_SIMILAR_PROPAGATOR_CLASS,LIE_AB,STRANG_ABA,STRANG_ABA^n P_A == P_A LIE_AB^n,2.1292384020216063e-14,8.659739592076221e-15,1e-12,PASS_CONJUGACY_NUMERIC_WITNESS,Spectral-abscissa error cannot rank Lie vs Strang inside this class; use e_lambda only as a release gate against the reference.
A3-RAND-03-035,A3_random_stable,16,128,BA_LIE_STRANG_SIMILAR_PROPAGATOR_CLASS,LIE_BA,STRANG_BAB,STRANG_BAB^n P_B == P_B LIE_BA^n,2.0313006441898017e-14,8.215650382226158e-15,1e-12,PASS_CONJUGACY_NUMERIC_WITNESS,Spectral-abscissa error cannot rank Lie vs Strang inside this class; use e_lambda only as a release gate against the reference.
A3-RAND-03-035,A3_random_stable,16,256,AB_LIE_STRANG_SIMILAR_PROPAGATOR_CLASS,LIE_AB,STRANG_ABA,STRANG_ABA^n P_A == P_A LIE_AB^n,5.718998663959143e-14,3.425038030968608e-14,1e-12,PASS_CONJUGACY_NUMERIC_WITNESS,Spectral-abscissa error cannot rank Lie vs Strang inside this class; use e_lambda only as a release gate against the reference.
A3-RAND-03-035,A3_random_stable,16,256,BA_LIE_STRANG_SIMILAR_PROPAGATOR_CLASS,LIE_BA,STRANG_BAB,STRANG_BAB^n P_B == P_B LIE_BA^n,4.9525142502112593e-14,2.3425705819590803e-14,1e-12,PASS_CONJUGACY_NUMERIC_WITNESS,Spectral-abscissa error cannot rank Lie vs Strang inside this class; use e_lambda only as a release gate against the reference.
A3-RAND-03-035,A3_random_stable,16,512,AB_LIE_STRANG_SIMILAR_PROPAGATOR_CLASS,LIE_AB,STRANG_ABA,STRANG_ABA^n P_A == P_A LIE_AB^n,8.249883325932528e-14,5.040412531798211e-14,1e-12,PASS_CONJUGACY_NUMERIC_WITNESS,Spectral-abscissa error cannot rank Lie vs Strang inside this class; use e_lambda only as a release gate against the reference.
A3-RAND-03-035,A3_random_stable,16,512,BA_LIE_STRANG_SIMILAR_PROPAGATOR_CLASS,LIE_BA,STRANG_BAB,STRANG_BAB^n P_B == P_B LIE_BA^n,1.0910917291134551e-13,5.573319583618286e-14,1e-12,PASS_CONJUGACY_NUMERIC_WITNESS,Spectral-abscissa error cannot rank Lie vs Strang inside this class; use e_lambda only as a release gate against the reference.
A3-RAND-03-085,A3_random_stable,16,4,AB_LIE_STRANG_SIMILAR_PROPAGATOR_CLASS,LIE_AB,STRANG_ABA,STRANG_ABA^n P_A == P_A LIE_AB^n,7.917431516855294e-16,1.2212453270876722e-15,1e-12,PASS_CONJUGACY_NUMERIC_WITNESS,Spectral-abscissa error cannot rank Lie vs Strang inside this class; use e_lambda only as a release gate against the reference.
A3-RAND-03-085,A3_random_stable,16,4,BA_LIE_STRANG_SIMILAR_PROPAGATOR_CLASS,LIE_BA,STRANG_BAB,STRANG_BAB^n P_B == P_B LIE_BA^n,7.97241114526834e-16,2.886579864025407e-15,1e-12,PASS_CONJUGACY_NUMERIC_WITNESS,Spectral-abscissa error cannot rank Lie vs Strang inside this class; use e_lambda only as a release gate against the reference.
A3-RAND-03-085,A3_random_stable,16,8,AB_LIE_STRANG_SIMILAR_PROPAGATOR_CLASS,LIE_AB,STRANG_ABA,STRANG_ABA^n P_A == P_A LIE_AB^n,2.0948585211454163e-15,2.220446049250313e-15,1e-12,PASS_CONJUGACY_NUMERIC_WITNESS,Spectral-abscissa error cannot rank Lie vs Strang inside this class; use e_lambda only as a release gate against the reference.
A3-RAND-03-085,A3_random_stable,16,8,BA_LIE_STRANG_SIMILAR_PROPAGATOR_CLASS,LIE_BA,STRANG_BAB,STRANG_BAB^n P_B == P_B LIE_BA^n,1.8587422557899573e-15,2.1094237467877974e-15,1e-12,PASS_CONJUGACY_NUMERIC_WITNESS,Spectral-abscissa error cannot rank Lie vs Strang inside this class; use e_lambda only as a release gate against the reference.
A3-RAND-03-085,A3_random_stable,16,16,AB_LIE_STRANG_SIMILAR_PROPAGATOR_CLASS,LIE_AB,STRANG_ABA,STRANG_ABA^n P_A == P_A LIE_AB^n,3.285321015503788e-15,2.3314683517128287e-15,1e-12,PASS_CONJUGACY_NUMERIC_WITNESS,Spectral-abscissa error cannot rank Lie vs Strang inside this class; use e_lambda only as a release gate against the reference.
A3-RAND-03-085,A3_random_stable,16,16,BA_LIE_STRANG_SIMILAR_PROPAGATOR_CLASS,LIE_BA,STRANG_BAB,STRANG_BAB^n P_B == P_B LIE_BA^n,3.794476335422062e-15,3.4416913763379853e-15,1e-12,PASS_CONJUGACY_NUMERIC_WITNESS,Spectral-abscissa error cannot rank Lie vs Strang inside this class; use e_lambda only as a release gate against the reference.
A3-RAND-03-085,A3_random_stable,16,32,AB_LIE_STRANG_SIMILAR_PROPAGATOR_CLASS,LIE_AB,STRANG_ABA,STRANG_ABA^n P_A == P_A LIE_AB^n,6.5925099423574685e-15,3.9968028886505635e-15,1e-12,PASS_CONJUGACY_NUMERIC_WITNESS,Spectral-abscissa error cannot rank Lie vs Strang inside this class; use e_lambda only as a release gate against the reference.
A3-RAND-03-085,A3_random_stable,16,32,BA_LIE_STRANG_SIMILAR_PROPAGATOR_CLASS,LIE_BA,STRANG_BAB,STRANG_BAB^n P_B == P_B LIE_BA^n,4.002500047147847e-15,2.3314683517128287e-15,1e-12,PASS_CONJUGACY_NUMERIC_WITNESS,Spectral-abscissa error cannot rank Lie vs Strang inside this class; use e_lambda only as a release gate against the reference.
A3-RAND-03-085,A3_random_stable,16,64,AB_LIE_STRANG_SIMILAR_PROPAGATOR_CLASS,LIE_AB,STRANG_ABA,STRANG_ABA^n P_A == P_A LIE_AB^n,1.0412435952447214e-14,2.9976021664879227e-15,1e-12,PASS_CONJUGACY_NUMERIC_WITNESS,Spectral-abscissa error cannot rank Lie vs Strang inside this class; use e_lambda only as a release gate against the reference.
A3-RAND-03-085,A3_random_stable,16,64,BA_LIE_STRANG_SIMILAR_PROPAGATOR_CLASS,LIE_BA,STRANG_BAB,STRANG_BAB^n P_B == P_B LIE_BA^n,1.0527263602382818e-14,5.10702591327572e-15,1e-12,PASS_CONJUGACY_NUMERIC_WITNESS,Spectral-abscissa error cannot rank Lie vs Strang inside this class; use e_lambda only as a release gate against the reference.
A3-RAND-03-085,A3_random_stable,16,128,AB_LIE_STRANG_SIMILAR_PROPAGATOR_CLASS,LIE_AB,STRANG_ABA,STRANG_ABA^n P_A == P_A LIE_AB^n,1.979174252932628e-14,6.5503158452884236e-15,1e-12,PASS_CONJUGACY_NUMERIC_WITNESS,Spectral-abscissa error cannot rank Lie vs Strang inside this class; use e_lambda only as a release gate against the reference.
A3-RAND-03-085,A3_random_stable,16,128,BA_LIE_STRANG_SIMILAR_PROPAGATOR_CLASS,LIE_BA,STRANG_BAB,STRANG_BAB^n P_B == P_B LIE_BA^n,2.0422247578033066e-14,1.2878587085651816e-14,1e-12,PASS_CONJUGACY_NUMERIC_WITNESS,Spectral-abscissa error cannot rank Lie vs Strang inside this class; use e_lambda only as a release gate against the reference.
A3-RAND-03-085,A3_random_stable,16,256,AB_LIE_STRANG_SIMILAR_PROPAGATOR_CLASS,LIE_AB,STRANG_ABA,STRANG_ABA^n P_A == P_A LIE_AB^n,3.062740893223739e-14,1.3322676295501878e-14,1e-12,PASS_CONJUGACY_NUMERIC_WITNESS,Spectral-abscissa error cannot rank Lie vs Strang inside this class; use e_lambda only as a release gate against the reference.
A3-RAND-03-085,A3_random_stable,16,256,BA_LIE_STRANG_SIMILAR_PROPAGATOR_CLASS,LIE_BA,STRANG_BAB,STRANG_BAB^n P_B == P_B LIE_BA^n,4.187283714869543e-14,2.8199664825478976e-14,1e-12,PASS_CONJUGACY_NUMERIC_WITNESS,Spectral-abscissa error cannot rank Lie vs Strang inside this class; use e_lambda only as a release gate against the reference.
A3-RAND-03-085,A3_random_stable,16,512,AB_LIE_STRANG_SIMILAR_PROPAGATOR_CLASS,LIE_AB,STRANG_ABA,STRANG_ABA^n P_A == P_A LIE_AB^n,8.386253986104786e-14,3.5860203695392556e-14,1e-12,PASS_CONJUGACY_NUMERIC_WITNESS,Spectral-abscissa error cannot rank Lie vs Strang inside this class; use e_lambda only as a release gate against the reference.
A3-RAND-03-085,A3_random_stable,16,512,BA_LIE_STRANG_SIMILAR_PROPAGATOR_CLASS,LIE_BA,STRANG_BAB,STRANG_BAB^n P_B == P_B LIE_BA^n,6.896012630740787e-14,4.3853809472693683e-14,1e-12,PASS_CONJUGACY_NUMERIC_WITNESS,Spectral-abscissa error cannot rank Lie vs Strang inside this class; use e_lambda only as a release gate against the reference.
A3-RAND-03-135,A3_random_stable,16,4,AB_LIE_STRANG_SIMILAR_PROPAGATOR_CLASS,LIE_AB,STRANG_ABA,STRANG_ABA^n P_A == P_A LIE_AB^n,9.904503431655652e-16,3.1086244689504383e-15,1e-12,PASS_CONJUGACY_NUMERIC_WITNESS,Spectral-abscissa error cannot rank Lie vs Strang inside this class; use e_lambda only as a release gate against the reference.
A3-RAND-03-135,A3_random_stable,16,4,BA_LIE_STRANG_SIMILAR_PROPAGATOR_CLASS,LIE_BA,STRANG_BAB,STRANG_BAB^n P_B == P_B LIE_BA^n,7.174804883652064e-16,1.7763568394002505e-15,1e-12,PASS_CONJUGACY_NUMERIC_WITNESS,Spectral-abscissa error cannot rank Lie vs Strang inside this class; use e_lambda only as a release gate against the reference.
A3-RAND-03-135,A3_random_stable,16,8,AB_LIE_STRANG_SIMILAR_PROPAGATOR_CLASS,LIE_AB,STRANG_ABA,STRANG_ABA^n P_A == P_A LIE_AB^n,1.283001443970895e-15,1.5543122344752192e-15,1e-12,PASS_CONJUGACY_NUMERIC_WITNESS,Spectral-abscissa error cannot rank Lie vs Strang inside this class; use e_lambda only as a release gate against the reference.
A3-RAND-03-135,A3_random_stable,16,8,BA_LIE_STRANG_SIMILAR_PROPAGATOR_CLASS,LIE_BA,STRANG_BAB,STRANG_BAB^n P_B == P_B LIE_BA^n,1.6464080654514127e-15,5.551115123125783e-16,1e-12,PASS_CONJUGACY_NUMERIC_WITNESS,Spectral-abscissa error cannot rank Lie vs Strang inside this class; use e_lambda only as a release gate against the reference.
A3-RAND-03-135,A3_random_stable,16,16,AB_LIE_STRANG_SIMILAR_PROPAGATOR_CLASS,LIE_AB,STRANG_ABA,STRANG_ABA^n P_A == P_A LIE_AB^n,2.7608248147688082e-15,1.4432899320127035e-15,1e-12,PASS_CONJUGACY_NUMERIC_WITNESS,Spectral-abscissa error cannot rank Lie vs Strang inside this class; use e_lambda only as a release gate against the reference.
A3-RAND-03-135,A3_random_stable,16,16,BA_LIE_STRANG_SIMILAR_PROPAGATOR_CLASS,LIE_BA,STRANG_BAB,STRANG_BAB^n P_B == P_B LIE_BA^n,2.8954711166699545e-15,2.6645352591003757e-15,1e-12,PASS_CONJUGACY_NUMERIC_WITNESS,Spectral-abscissa error cannot rank Lie vs Strang inside this class; use e_lambda only as a release gate against the reference.
A3-RAND-03-135,A3_random_stable,16,32,AB_LIE_STRANG_SIMILAR_PROPAGATOR_CLASS,LIE_AB,STRANG_ABA,STRANG_ABA^n P_A == P_A LIE_AB^n,5.73190861748597e-15,7.216449660063518e-15,1e-12,PASS_CONJUGACY_NUMERIC_WITNESS,Spectral-abscissa error cannot rank Lie vs Strang inside this class; use e_lambda only as a release gate against the reference.
A3-RAND-03-135,A3_random_stable,16,32,BA_LIE_STRANG_SIMILAR_PROPAGATOR_CLASS,LIE_BA,STRANG_BAB,STRANG_BAB^n P_B == P_B LIE_BA^n,7.366565562864143e-15,2.275957200481571e-15,1e-12,PASS_CONJUGACY_NUMERIC_WITNESS,Spectral-abscissa error cannot rank Lie vs Strang inside this class; use e_lambda only as a release gate against the reference.
A3-RAND-03-135,A3_random_stable,16,64,AB_LIE_STRANG_SIMILAR_PROPAGATOR_CLASS,LIE_AB,STRANG_ABA,STRANG_ABA^n P_A == P_A LIE_AB^n,1.0924140552365923e-14,3.885780586188048e-15,1e-12,PASS_CONJUGACY_NUMERIC_WITNESS,Spectral-abscissa error cannot rank Lie vs Strang inside this class; use e_lambda only as a release gate against the reference.
A3-RAND-03-135,A3_random_stable,16,64,BA_LIE_STRANG_SIMILAR_PROPAGATOR_CLASS,LIE_BA,STRANG_BAB,STRANG_BAB^n P_B == P_B LIE_BA^n,1.1674844266945013e-14,4.218847493575595e-15,1e-12,PASS_CONJUGACY_NUMERIC_WITNESS,Spectral-abscissa error cannot rank Lie vs Strang inside this class; use e_lambda only as a release gate against the reference.
A3-RAND-03-135,A3_random_stable,16,128,AB_LIE_STRANG_SIMILAR_PROPAGATOR_CLASS,LIE_AB,STRANG_ABA,STRANG_ABA^n P_A == P_A LIE_AB^n,2.8167583871280617e-14,1.1435297153639112e-14,1e-12,PASS_CONJUGACY_NUMERIC_WITNESS,Spectral-abscissa error cannot rank Lie vs Strang inside this class; use e_lambda only as a release gate against the reference.
A3-RAND-03-135,A3_random_stable,16,128,BA_LIE_STRANG_SIMILAR_PROPAGATOR_CLASS,LIE_BA,STRANG_BAB,STRANG_BAB^n P_B == P_B LIE_BA^n,2.2777708166736905e-14,1.0103029524088925e-14,1e-12,PASS_CONJUGACY_NUMERIC_WITNESS,Spectral-abscissa error cannot rank Lie vs Strang inside this class; use e_lambda only as a release gate against the reference.
A3-RAND-03-135,A3_random_stable,16,256,AB_LIE_STRANG_SIMILAR_PROPAGATOR_CLASS,LIE_AB,STRANG_ABA,STRANG_ABA^n P_A == P_A LIE_AB^n,4.13277024063545e-14,1.637578961322106e-14,1e-12,PASS_CONJUGACY_NUMERIC_WITNESS,Spectral-abscissa error cannot rank Lie vs Strang inside this class; use e_lambda only as a release gate against the reference.
A3-RAND-03-135,A3_random_stable,16,256,BA_LIE_STRANG_SIMILAR_PROPAGATOR_CLASS,LIE_BA,STRANG_BAB,STRANG_BAB^n P_B == P_B LIE_BA^n,4.611385516619061e-14,1.4210854715202004e-14,1e-12,PASS_CONJUGACY_NUMERIC_WITNESS,Spectral-abscissa error cannot rank Lie vs Strang inside this class; use e_lambda only as a release gate against the reference.
A3-RAND-03-135,A3_random_stable,16,512,AB_LIE_STRANG_SIMILAR_PROPAGATOR_CLASS,LIE_AB,STRANG_ABA,STRANG_ABA^n P_A == P_A LIE_AB^n,1.4050119618243462e-13,4.6851411639181606e-14,1e-12,PASS_CONJUGACY_NUMERIC_WITNESS,Spectral-abscissa error cannot rank Lie vs Strang inside this class; use e_lambda only as a release gate against the reference.
A3-RAND-03-135,A3_random_stable,16,512,BA_LIE_STRANG_SIMILAR_PROPAGATOR_CLASS,LIE_BA,STRANG_BAB,STRANG_BAB^n P_B == P_B LIE_BA^n,8.545453655071294e-14,3.530509218307998e-14,1e-12,PASS_CONJUGACY_NUMERIC_WITNESS,Spectral-abscissa error cannot rank Lie vs Strang inside this class; use e_lambda only as a release gate against the reference.
A4-STIFF-01,A4_stiff_stable,4,4,AB_LIE_STRANG_SIMILAR_PROPAGATOR_CLASS,LIE_AB,STRANG_ABA,STRANG_ABA^n P_A == P_A LIE_AB^n,5.295157144806727e-16,6.661338147750939e-16,1e-12,PASS_CONJUGACY_NUMERIC_WITNESS,Spectral-abscissa error cannot rank Lie vs Strang inside this class; use e_lambda only as a release gate against the reference.
A4-STIFF-01,A4_stiff_stable,4,4,BA_LIE_STRANG_SIMILAR_PROPAGATOR_CLASS,LIE_BA,STRANG_BAB,STRANG_BAB^n P_B == P_B LIE_BA^n,8.462717330268518e-16,2.6645352591003757e-15,1e-12,PASS_CONJUGACY_NUMERIC_WITNESS,Spectral-abscissa error cannot rank Lie vs Strang inside this class; use e_lambda only as a release gate against the reference.
A4-STIFF-01,A4_stiff_stable,4,8,AB_LIE_STRANG_SIMILAR_PROPAGATOR_CLASS,LIE_AB,STRANG_ABA,STRANG_ABA^n P_A == P_A LIE_AB^n,8.786621809790145e-16,7.771561172376096e-16,1e-12,PASS_CONJUGACY_NUMERIC_WITNESS,Spectral-abscissa error cannot rank Lie vs Strang inside this class; use e_lambda only as a release gate against the reference.
A4-STIFF-01,A4_stiff_stable,4,8,BA_LIE_STRANG_SIMILAR_PROPAGATOR_CLASS,LIE_BA,STRANG_BAB,STRANG_BAB^n P_B == P_B LIE_BA^n,7.365725270426279e-16,9.992007221626409e-16,1e-12,PASS_CONJUGACY_NUMERIC_WITNESS,Spectral-abscissa error cannot rank Lie vs Strang inside this class; use e_lambda only as a release gate against the reference.
A4-STIFF-01,A4_stiff_stable,4,16,AB_LIE_STRANG_SIMILAR_PROPAGATOR_CLASS,LIE_AB,STRANG_ABA,STRANG_ABA^n P_A == P_A LIE_AB^n,1.6070409231024383e-15,1.4432899320127035e-15,1e-12,PASS_CONJUGACY_NUMERIC_WITNESS,Spectral-abscissa error cannot rank Lie vs Strang inside this class; use e_lambda only as a release gate against the reference.
A4-STIFF-01,A4_stiff_stable,4,16,BA_LIE_STRANG_SIMILAR_PROPAGATOR_CLASS,LIE_BA,STRANG_BAB,STRANG_BAB^n P_B == P_B LIE_BA^n,1.8668887162779567e-15,2.3314683517128287e-15,1e-12,PASS_CONJUGACY_NUMERIC_WITNESS,Spectral-abscissa error cannot rank Lie vs Strang inside this class; use e_lambda only as a release gate against the reference.
A4-STIFF-01,A4_stiff_stable,4,32,AB_LIE_STRANG_SIMILAR_PROPAGATOR_CLASS,LIE_AB,STRANG_ABA,STRANG_ABA^n P_A == P_A LIE_AB^n,5.995691714364207e-15,6.439293542825908e-15,1e-12,PASS_CONJUGACY_NUMERIC_WITNESS,Spectral-abscissa error cannot rank Lie vs Strang inside this class; use e_lambda only as a release gate against the reference.
A4-STIFF-01,A4_stiff_stable,4,32,BA_LIE_STRANG_SIMILAR_PROPAGATOR_CLASS,LIE_BA,STRANG_BAB,STRANG_BAB^n P_B == P_B LIE_BA^n,2.6157271621301533e-15,1.9984014443252818e-15,1e-12,PASS_CONJUGACY_NUMERIC_WITNESS,Spectral-abscissa error cannot rank Lie vs Strang inside this class; use e_lambda only as a release gate against the reference.
A4-STIFF-01,A4_stiff_stable,4,64,AB_LIE_STRANG_SIMILAR_PROPAGATOR_CLASS,LIE_AB,STRANG_ABA,STRANG_ABA^n P_A == P_A LIE_AB^n,6.906199877971237e-15,9.43689570931383e-15,1e-12,PASS_CONJUGACY_NUMERIC_WITNESS,Spectral-abscissa error cannot rank Lie vs Strang inside this class; use e_lambda only as a release gate against the reference.
A4-STIFF-01,A4_stiff_stable,4,64,BA_LIE_STRANG_SIMILAR_PROPAGATOR_CLASS,LIE_BA,STRANG_BAB,STRANG_BAB^n P_B == P_B LIE_BA^n,5.7890353538317774e-15,6.5503158452884236e-15,1e-12,PASS_CONJUGACY_NUMERIC_WITNESS,Spectral-abscissa error cannot rank Lie vs Strang inside this class; use e_lambda only as a release gate against the reference.
A4-STIFF-01,A4_stiff_stable,4,128,AB_LIE_STRANG_SIMILAR_PROPAGATOR_CLASS,LIE_AB,STRANG_ABA,STRANG_ABA^n P_A == P_A LIE_AB^n,7.718878831405388e-15,8.326672684688674e-15,1e-12,PASS_CONJUGACY_NUMERIC_WITNESS,Spectral-abscissa error cannot rank Lie vs Strang inside this class; use e_lambda only as a release gate against the reference.
A4-STIFF-01,A4_stiff_stable,4,128,BA_LIE_STRANG_SIMILAR_PROPAGATOR_CLASS,LIE_BA,STRANG_BAB,STRANG_BAB^n P_B == P_B LIE_BA^n,2.0153361628374373e-14,2.5424107263916085e-14,1e-12,PASS_CONJUGACY_NUMERIC_WITNESS,Spectral-abscissa error cannot rank Lie vs Strang inside this class; use e_lambda only as a release gate against the reference.
A4-STIFF-01,A4_stiff_stable,4,256,AB_LIE_STRANG_SIMILAR_PROPAGATOR_CLASS,LIE_AB,STRANG_ABA,STRANG_ABA^n P_A == P_A LIE_AB^n,3.016937479639899e-14,2.609024107869118e-14,1e-12,PASS_CONJUGACY_NUMERIC_WITNESS,Spectral-abscissa error cannot rank Lie vs Strang inside this class; use e_lambda only as a release gate against the reference.
A4-STIFF-01,A4_stiff_stable,4,256,BA_LIE_STRANG_SIMILAR_PROPAGATOR_CLASS,LIE_BA,STRANG_BAB,STRANG_BAB^n P_B == P_B LIE_BA^n,1.6947304078228038e-14,1.4876988529977098e-14,1e-12,PASS_CONJUGACY_NUMERIC_WITNESS,Spectral-abscissa error cannot rank Lie vs Strang inside this class; use e_lambda only as a release gate against the reference.
A4-STIFF-01,A4_stiff_stable,4,512,AB_LIE_STRANG_SIMILAR_PROPAGATOR_CLASS,LIE_AB,STRANG_ABA,STRANG_ABA^n P_A == P_A LIE_AB^n,7.875590841990387e-14,1.1191048088221578e-13,1e-12,PASS_CONJUGACY_NUMERIC_WITNESS,Spectral-abscissa error cannot rank Lie vs Strang inside this class; use e_lambda only as a release gate against the reference.
A4-STIFF-01,A4_stiff_stable,4,512,BA_LIE_STRANG_SIMILAR_PROPAGATOR_CLASS,LIE_BA,STRANG_BAB,STRANG_BAB^n P_B == P_B LIE_BA^n,4.664729407659352e-14,4.196643033083092e-14,1e-12,PASS_CONJUGACY_NUMERIC_WITNESS,Spectral-abscissa error cannot rank Lie vs Strang inside this class; use e_lambda only as a release gate against the reference.
A4-STIFF-02,A4_stiff_stable,4,4,AB_LIE_STRANG_SIMILAR_PROPAGATOR_CLASS,LIE_AB,STRANG_ABA,STRANG_ABA^n P_A == P_A LIE_AB^n,8.334391695570049e-16,1.3322676295501878e-15,1e-12,PASS_CONJUGACY_NUMERIC_WITNESS,Spectral-abscissa error cannot rank Lie vs Strang inside this class; use e_lambda only as a release gate against the reference.
A4-STIFF-02,A4_stiff_stable,4,4,BA_LIE_STRANG_SIMILAR_PROPAGATOR_CLASS,LIE_BA,STRANG_BAB,STRANG_BAB^n P_B == P_B LIE_BA^n,2.463684553146816e-16,5.551115123125783e-16,1e-12,PASS_CONJUGACY_NUMERIC_WITNESS,Spectral-abscissa error cannot rank Lie vs Strang inside this class; use e_lambda only as a release gate against the reference.
A4-STIFF-02,A4_stiff_stable,4,8,AB_LIE_STRANG_SIMILAR_PROPAGATOR_CLASS,LIE_AB,STRANG_ABA,STRANG_ABA^n P_A == P_A LIE_AB^n,4.805553186563419e-16,7.771561172376096e-16,1e-12,PASS_CONJUGACY_NUMERIC_WITNESS,Spectral-abscissa error cannot rank Lie vs Strang inside this class; use e_lambda only as a release gate against the reference.
A4-STIFF-02,A4_stiff_stable,4,8,BA_LIE_STRANG_SIMILAR_PROPAGATOR_CLASS,LIE_BA,STRANG_BAB,STRANG_BAB^n P_B == P_B LIE_BA^n,1.1629872874918439e-15,4.440892098500626e-16,1e-12,PASS_CONJUGACY_NUMERIC_WITNESS,Spectral-abscissa error cannot rank Lie vs Strang inside this class; use e_lambda only as a release gate against the reference.
A4-STIFF-02,A4_stiff_stable,4,16,AB_LIE_STRANG_SIMILAR_PROPAGATOR_CLASS,LIE_AB,STRANG_ABA,STRANG_ABA^n P_A == P_A LIE_AB^n,3.6261028352899164e-15,4.3298697960381105e-15,1e-12,PASS_CONJUGACY_NUMERIC_WITNESS,Spectral-abscissa error cannot rank Lie vs Strang inside this class; use e_lambda only as a release gate against the reference.
A4-STIFF-02,A4_stiff_stable,4,16,BA_LIE_STRANG_SIMILAR_PROPAGATOR_CLASS,LIE_BA,STRANG_BAB,STRANG_BAB^n P_B == P_B LIE_BA^n,2.137846318639401e-15,3.3306690738754696e-15,1e-12,PASS_CONJUGACY_NUMERIC_WITNESS,Spectral-abscissa error cannot rank Lie vs Strang inside this class; use e_lambda only as a release gate against the reference.
A4-STIFF-02,A4_stiff_stable,4,32,AB_LIE_STRANG_SIMILAR_PROPAGATOR_CLASS,LIE_AB,STRANG_ABA,STRANG_ABA^n P_A == P_A LIE_AB^n,6.2995519861930685e-15,5.10702591327572e-15,1e-12,PASS_CONJUGACY_NUMERIC_WITNESS,Spectral-abscissa error cannot rank Lie vs Strang inside this class; use e_lambda only as a release gate against the reference.
A4-STIFF-02,A4_stiff_stable,4,32,BA_LIE_STRANG_SIMILAR_PROPAGATOR_CLASS,LIE_BA,STRANG_BAB,STRANG_BAB^n P_B == P_B LIE_BA^n,3.553064559880395e-15,3.774758283725532e-15,1e-12,PASS_CONJUGACY_NUMERIC_WITNESS,Spectral-abscissa error cannot rank Lie vs Strang inside this class; use e_lambda only as a release gate against the reference.
A4-STIFF-02,A4_stiff_stable,4,64,AB_LIE_STRANG_SIMILAR_PROPAGATOR_CLASS,LIE_AB,STRANG_ABA,STRANG_ABA^n P_A == P_A LIE_AB^n,6.724199366130176e-15,6.8833827526759706e-15,1e-12,PASS_CONJUGACY_NUMERIC_WITNESS,Spectral-abscissa error cannot rank Lie vs Strang inside this class; use e_lambda only as a release gate against the reference.
A4-STIFF-02,A4_stiff_stable,4,64,BA_LIE_STRANG_SIMILAR_PROPAGATOR_CLASS,LIE_BA,STRANG_BAB,STRANG_BAB^n P_B == P_B LIE_BA^n,1.1002871768739975e-14,1.1324274851176597e-14,1e-12,PASS_CONJUGACY_NUMERIC_WITNESS,Spectral-abscissa error cannot rank Lie vs Strang inside this class; use e_lambda only as a release gate against the reference.
A4-STIFF-02,A4_stiff_stable,4,128,AB_LIE_STRANG_SIMILAR_PROPAGATOR_CLASS,LIE_AB,STRANG_ABA,STRANG_ABA^n P_A == P_A LIE_AB^n,1.5845500098591482e-14,1.9095836023552692e-14,1e-12,PASS_CONJUGACY_NUMERIC_WITNESS,Spectral-abscissa error cannot rank Lie vs Strang inside this class; use e_lambda only as a release gate against the reference.
A4-STIFF-02,A4_stiff_stable,4,128,BA_LIE_STRANG_SIMILAR_PROPAGATOR_CLASS,LIE_BA,STRANG_BAB,STRANG_BAB^n P_B == P_B LIE_BA^n,1.4538115168957767e-14,1.787459069646502e-14,1e-12,PASS_CONJUGACY_NUMERIC_WITNESS,Spectral-abscissa error cannot rank Lie vs Strang inside this class; use e_lambda only as a release gate against the reference.
A4-STIFF-02,A4_stiff_stable,4,256,AB_LIE_STRANG_SIMILAR_PROPAGATOR_CLASS,LIE_AB,STRANG_ABA,STRANG_ABA^n P_A == P_A LIE_AB^n,3.656460178246103e-14,4.7406523151494184e-14,1e-12,PASS_CONJUGACY_NUMERIC_WITNESS,Spectral-abscissa error cannot rank Lie vs Strang inside this class; use e_lambda only as a release gate against the reference.
A4-STIFF-02,A4_stiff_stable,4,256,BA_LIE_STRANG_SIMILAR_PROPAGATOR_CLASS,LIE_BA,STRANG_BAB,STRANG_BAB^n P_B == P_B LIE_BA^n,1.890660634350317e-14,1.63202784619898e-14,1e-12,PASS_CONJUGACY_NUMERIC_WITNESS,Spectral-abscissa error cannot rank Lie vs Strang inside this class; use e_lambda only as a release gate against the reference.
A4-STIFF-02,A4_stiff_stable,4,512,AB_LIE_STRANG_SIMILAR_PROPAGATOR_CLASS,LIE_AB,STRANG_ABA,STRANG_ABA^n P_A == P_A LIE_AB^n,8.508113300143888e-14,1.0125233984581428e-13,1e-12,PASS_CONJUGACY_NUMERIC_WITNESS,Spectral-abscissa error cannot rank Lie vs Strang inside this class; use e_lambda only as a release gate against the reference.
A4-STIFF-02,A4_stiff_stable,4,512,BA_LIE_STRANG_SIMILAR_PROPAGATOR_CLASS,LIE_BA,STRANG_BAB,STRANG_BAB^n P_B == P_B LIE_BA^n,5.007766521757424e-14,4.851674617611934e-14,1e-12,PASS_CONJUGACY_NUMERIC_WITNESS,Spectral-abscissa error cannot rank Lie vs Strang inside this class; use e_lambda only as a release gate against the reference.
A4-STIFF-03,A4_stiff_stable,4,4,AB_LIE_STRANG_SIMILAR_PROPAGATOR_CLASS,LIE_AB,STRANG_ABA,STRANG_ABA^n P_A == P_A LIE_AB^n,3.466041117751911e-16,8.881784197001252e-16,1e-12,PASS_CONJUGACY_NUMERIC_WITNESS,Spectral-abscissa error cannot rank Lie vs Strang inside this class; use e_lambda only as a release gate against the reference.
A4-STIFF-03,A4_stiff_stable,4,4,BA_LIE_STRANG_SIMILAR_PROPAGATOR_CLASS,LIE_BA,STRANG_BAB,STRANG_BAB^n P_B == P_B LIE_BA^n,4.1796268489281466e-16,4.440892098500626e-16,1e-12,PASS_CONJUGACY_NUMERIC_WITNESS,Spectral-abscissa error cannot rank Lie vs Strang inside this class; use e_lambda only as a release gate against the reference.
A4-STIFF-03,A4_stiff_stable,4,8,AB_LIE_STRANG_SIMILAR_PROPAGATOR_CLASS,LIE_AB,STRANG_ABA,STRANG_ABA^n P_A == P_A LIE_AB^n,1.4561383061695728e-15,1.3322676295501878e-15,1e-12,PASS_CONJUGACY_NUMERIC_WITNESS,Spectral-abscissa error cannot rank Lie vs Strang inside this class; use e_lambda only as a release gate against the reference.
A4-STIFF-03,A4_stiff_stable,4,8,BA_LIE_STRANG_SIMILAR_PROPAGATOR_CLASS,LIE_BA,STRANG_BAB,STRANG_BAB^n P_B == P_B LIE_BA^n,4.791720451040203e-16,8.881784197001252e-16,1e-12,PASS_CONJUGACY_NUMERIC_WITNESS,Spectral-abscissa error cannot rank Lie vs Strang inside this class; use e_lambda only as a release gate against the reference.
A4-STIFF-03,A4_stiff_stable,4,16,AB_LIE_STRANG_SIMILAR_PROPAGATOR_CLASS,LIE_AB,STRANG_ABA,STRANG_ABA^n P_A == P_A LIE_AB^n,2.719659386765604e-15,3.6637359812630166e-15,1e-12,PASS_CONJUGACY_NUMERIC_WITNESS,Spectral-abscissa error cannot rank Lie vs Strang inside this class; use e_lambda only as a release gate against the reference.
A4-STIFF-03,A4_stiff_stable,4,16,BA_LIE_STRANG_SIMILAR_PROPAGATOR_CLASS,LIE_BA,STRANG_BAB,STRANG_BAB^n P_B == P_B LIE_BA^n,7.989067476524069e-16,3.885780586188048e-16,1e-12,PASS_CONJUGACY_NUMERIC_WITNESS,Spectral-abscissa error cannot rank Lie vs Strang inside this class; use e_lambda only as a release gate against the reference.
A4-STIFF-03,A4_stiff_stable,4,32,AB_LIE_STRANG_SIMILAR_PROPAGATOR_CLASS,LIE_AB,STRANG_ABA,STRANG_ABA^n P_A == P_A LIE_AB^n,4.083825846902981e-15,3.774758283725532e-15,1e-12,PASS_CONJUGACY_NUMERIC_WITNESS,Spectral-abscissa error cannot rank Lie vs Strang inside this class; use e_lambda only as a release gate against the reference.
A4-STIFF-03,A4_stiff_stable,4,32,BA_LIE_STRANG_SIMILAR_PROPAGATOR_CLASS,LIE_BA,STRANG_BAB,STRANG_BAB^n P_B == P_B LIE_BA^n,7.705099454623086e-15,7.216449660063518e-15,1e-12,PASS_CONJUGACY_NUMERIC_WITNESS,Spectral-abscissa error cannot rank Lie vs Strang inside this class; use e_lambda only as a release gate against the reference.
A4-STIFF-03,A4_stiff_stable,4,64,AB_LIE_STRANG_SIMILAR_PROPAGATOR_CLASS,LIE_AB,STRANG_ABA,STRANG_ABA^n P_A == P_A LIE_AB^n,4.566215952005641e-15,4.274358644806853e-15,1e-12,PASS_CONJUGACY_NUMERIC_WITNESS,Spectral-abscissa error cannot rank Lie vs Strang inside this class; use e_lambda only as a release gate against the reference.
A4-STIFF-03,A4_stiff_stable,4,64,BA_LIE_STRANG_SIMILAR_PROPAGATOR_CLASS,LIE_BA,STRANG_BAB,STRANG_BAB^n P_B == P_B LIE_BA^n,6.259978521085243e-15,5.773159728050814e-15,1e-12,PASS_CONJUGACY_NUMERIC_WITNESS,Spectral-abscissa error cannot rank Lie vs Strang inside this class; use e_lambda only as a release gate against the reference.
A4-STIFF-03,A4_stiff_stable,4,128,AB_LIE_STRANG_SIMILAR_PROPAGATOR_CLASS,LIE_AB,STRANG_ABA,STRANG_ABA^n P_A == P_A LIE_AB^n,1.153721684034855e-14,1.1102230246251565e-14,1e-12,PASS_CONJUGACY_NUMERIC_WITNESS,Spectral-abscissa error cannot rank Lie vs Strang inside this class; use e_lambda only as a release gate against the reference.
A4-STIFF-03,A4_stiff_stable,4,128,BA_LIE_STRANG_SIMILAR_PROPAGATOR_CLASS,LIE_BA,STRANG_BAB,STRANG_BAB^n P_B == P_B LIE_BA^n,1.527337345321776e-14,1.509903313490213e-14,1e-12,PASS_CONJUGACY_NUMERIC_WITNESS,Spectral-abscissa error cannot rank Lie vs Strang inside this class; use e_lambda only as a release gate against the reference.
A4-STIFF-03,A4_stiff_stable,4,256,AB_LIE_STRANG_SIMILAR_PROPAGATOR_CLASS,LIE_AB,STRANG_ABA,STRANG_ABA^n P_A == P_A LIE_AB^n,1.833257129556485e-14,1.454392162258955e-14,1e-12,PASS_CONJUGACY_NUMERIC_WITNESS,Spectral-abscissa error cannot rank Lie vs Strang inside this class; use e_lambda only as a release gate against the reference.
A4-STIFF-03,A4_stiff_stable,4,256,BA_LIE_STRANG_SIMILAR_PROPAGATOR_CLASS,LIE_BA,STRANG_BAB,STRANG_BAB^n P_B == P_B LIE_BA^n,1.1598830640344218e-14,1.1268763699945339e-14,1e-12,PASS_CONJUGACY_NUMERIC_WITNESS,Spectral-abscissa error cannot rank Lie vs Strang inside this class; use e_lambda only as a release gate against the reference.
A4-STIFF-03,A4_stiff_stable,4,512,AB_LIE_STRANG_SIMILAR_PROPAGATOR_CLASS,LIE_AB,STRANG_ABA,STRANG_ABA^n P_A == P_A LIE_AB^n,4.167999880483625e-14,4.0523140398818214e-14,1e-12,PASS_CONJUGACY_NUMERIC_WITNESS,Spectral-abscissa error cannot rank Lie vs Strang inside this class; use e_lambda only as a release gate against the reference.
A4-STIFF-03,A4_stiff_stable,4,512,BA_LIE_STRANG_SIMILAR_PROPAGATOR_CLASS,LIE_BA,STRANG_BAB,STRANG_BAB^n P_B == P_B LIE_BA^n,2.0179518372234725e-14,1.609823385706477e-14,1e-12,PASS_CONJUGACY_NUMERIC_WITNESS,Spectral-abscissa error cannot rank Lie vs Strang inside this class; use e_lambda only as a release gate against the reference.
A4-STIFF-04,A4_stiff_stable,4,4,AB_LIE_STRANG_SIMILAR_PROPAGATOR_CLASS,LIE_AB,STRANG_ABA,STRANG_ABA^n P_A == P_A LIE_AB^n,3.767800388253079e-16,1.6653345369377348e-16,1e-12,PASS_CONJUGACY_NUMERIC_WITNESS,Spectral-abscissa error cannot rank Lie vs Strang inside this class; use e_lambda only as a release gate against the reference.
A4-STIFF-04,A4_stiff_stable,4,4,BA_LIE_STRANG_SIMILAR_PROPAGATOR_CLASS,LIE_BA,STRANG_BAB,STRANG_BAB^n P_B == P_B LIE_BA^n,4.714976548679976e-16,3.885780586188048e-16,1e-12,PASS_CONJUGACY_NUMERIC_WITNESS,Spectral-abscissa error cannot rank Lie vs Strang inside this class; use e_lambda only as a release gate against the reference.
A4-STIFF-04,A4_stiff_stable,4,8,AB_LIE_STRANG_SIMILAR_PROPAGATOR_CLASS,LIE_AB,STRANG_ABA,STRANG_ABA^n P_A == P_A LIE_AB^n,2.6265934580165878e-16,2.7755575615628914e-16,1e-12,PASS_CONJUGACY_NUMERIC_WITNESS,Spectral-abscissa error cannot rank Lie vs Strang inside this class; use e_lambda only as a release gate against the reference.
A4-STIFF-04,A4_stiff_stable,4,8,BA_LIE_STRANG_SIMILAR_PROPAGATOR_CLASS,LIE_BA,STRANG_BAB,STRANG_BAB^n P_B == P_B LIE_BA^n,1.4967779894045451e-15,3.885780586188048e-16,1e-12,PASS_CONJUGACY_NUMERIC_WITNESS,Spectral-abscissa error cannot rank Lie vs Strang inside this class; use e_lambda only as a release gate against the reference.
A4-STIFF-04,A4_stiff_stable,4,16,AB_LIE_STRANG_SIMILAR_PROPAGATOR_CLASS,LIE_AB,STRANG_ABA,STRANG_ABA^n P_A == P_A LIE_AB^n,7.469033182701127e-16,2.220446049250313e-16,1e-12,PASS_CONJUGACY_NUMERIC_WITNESS,Spectral-abscissa error cannot rank Lie vs Strang inside this class; use e_lambda only as a release gate against the reference.
A4-STIFF-04,A4_stiff_stable,4,16,BA_LIE_STRANG_SIMILAR_PROPAGATOR_CLASS,LIE_BA,STRANG_BAB,STRANG_BAB^n P_B == P_B LIE_BA^n,1.4849497104536181e-15,7.216449660063518e-16,1e-12,PASS_CONJUGACY_NUMERIC_WITNESS,Spectral-abscissa error cannot rank Lie vs Strang inside this class; use e_lambda only as a release gate against the reference.
A4-STIFF-04,A4_stiff_stable,4,32,AB_LIE_STRANG_SIMILAR_PROPAGATOR_CLASS,LIE_AB,STRANG_ABA,STRANG_ABA^n P_A == P_A LIE_AB^n,3.1349800493641334e-15,9.992007221626409e-16,1e-12,PASS_CONJUGACY_NUMERIC_WITNESS,Spectral-abscissa error cannot rank Lie vs Strang inside this class; use e_lambda only as a release gate against the reference.
A4-STIFF-04,A4_stiff_stable,4,32,BA_LIE_STRANG_SIMILAR_PROPAGATOR_CLASS,LIE_BA,STRANG_BAB,STRANG_BAB^n P_B == P_B LIE_BA^n,6.915356761672595e-16,2.7755575615628914e-16,1e-12,PASS_CONJUGACY_NUMERIC_WITNESS,Spectral-abscissa error cannot rank Lie vs Strang inside this class; use e_lambda only as a release gate against the reference.
A4-STIFF-04,A4_stiff_stable,4,64,AB_LIE_STRANG_SIMILAR_PROPAGATOR_CLASS,LIE_AB,STRANG_ABA,STRANG_ABA^n P_A == P_A LIE_AB^n,7.0456832504845436e-15,3.83026943495679e-15,1e-12,PASS_CONJUGACY_NUMERIC_WITNESS,Spectral-abscissa error cannot rank Lie vs Strang inside this class; use e_lambda only as a release gate against the reference.
A4-STIFF-04,A4_stiff_stable,4,64,BA_LIE_STRANG_SIMILAR_PROPAGATOR_CLASS,LIE_BA,STRANG_BAB,STRANG_BAB^n P_B == P_B LIE_BA^n,1.0021614359788842e-14,5.10702591327572e-15,1e-12,PASS_CONJUGACY_NUMERIC_WITNESS,Spectral-abscissa error cannot rank Lie vs Strang inside this class; use e_lambda only as a release gate against the reference.
A4-STIFF-04,A4_stiff_stable,4,128,AB_LIE_STRANG_SIMILAR_PROPAGATOR_CLASS,LIE_AB,STRANG_ABA,STRANG_ABA^n P_A == P_A LIE_AB^n,1.7042338586070844e-14,8.382183835919932e-15,1e-12,PASS_CONJUGACY_NUMERIC_WITNESS,Spectral-abscissa error cannot rank Lie vs Strang inside this class; use e_lambda only as a release gate against the reference.
A4-STIFF-04,A4_stiff_stable,4,128,BA_LIE_STRANG_SIMILAR_PROPAGATOR_CLASS,LIE_BA,STRANG_BAB,STRANG_BAB^n P_B == P_B LIE_BA^n,1.3623516979371566e-15,1.6653345369377348e-16,1e-12,PASS_CONJUGACY_NUMERIC_WITNESS,Spectral-abscissa error cannot rank Lie vs Strang inside this class; use e_lambda only as a release gate against the reference.
A4-STIFF-04,A4_stiff_stable,4,256,AB_LIE_STRANG_SIMILAR_PROPAGATOR_CLASS,LIE_AB,STRANG_ABA,STRANG_ABA^n P_A == P_A LIE_AB^n,5.7837601691361625e-15,2.7200464103316335e-15,1e-12,PASS_CONJUGACY_NUMERIC_WITNESS,Spectral-abscissa error cannot rank Lie vs Strang inside this class; use e_lambda only as a release gate against the reference.
A4-STIFF-04,A4_stiff_stable,4,256,BA_LIE_STRANG_SIMILAR_PROPAGATOR_CLASS,LIE_BA,STRANG_BAB,STRANG_BAB^n P_B == P_B LIE_BA^n,4.1123593354394716e-14,1.9373391779708982e-14,1e-12,PASS_CONJUGACY_NUMERIC_WITNESS,Spectral-abscissa error cannot rank Lie vs Strang inside this class; use e_lambda only as a release gate against the reference.
A4-STIFF-04,A4_stiff_stable,4,512,AB_LIE_STRANG_SIMILAR_PROPAGATOR_CLASS,LIE_AB,STRANG_ABA,STRANG_ABA^n P_A == P_A LIE_AB^n,1.83974409334004e-14,8.43769498715119e-15,1e-12,PASS_CONJUGACY_NUMERIC_WITNESS,Spectral-abscissa error cannot rank Lie vs Strang inside this class; use e_lambda only as a release gate against the reference.
A4-STIFF-04,A4_stiff_stable,4,512,BA_LIE_STRANG_SIMILAR_PROPAGATOR_CLASS,LIE_BA,STRANG_BAB,STRANG_BAB^n P_B == P_B LIE_BA^n,4.250566279877998e-15,1.1102230246251565e-15,1e-12,PASS_CONJUGACY_NUMERIC_WITNESS,Spectral-abscissa error cannot rank Lie vs Strang inside this class; use e_lambda only as a release gate against the reference.
A4-STIFF-05,A4_stiff_stable,8,4,AB_LIE_STRANG_SIMILAR_PROPAGATOR_CLASS,LIE_AB,STRANG_ABA,STRANG_ABA^n P_A == P_A LIE_AB^n,4.816070588944849e-16,1.887379141862766e-15,1e-12,PASS_CONJUGACY_NUMERIC_WITNESS,Spectral-abscissa error cannot rank Lie vs Strang inside this class; use e_lambda only as a release gate against the reference.
A4-STIFF-05,A4_stiff_stable,8,4,BA_LIE_STRANG_SIMILAR_PROPAGATOR_CLASS,LIE_BA,STRANG_BAB,STRANG_BAB^n P_B == P_B LIE_BA^n,5.739686698253405e-16,2.7755575615628914e-15,1e-12,PASS_CONJUGACY_NUMERIC_WITNESS,Spectral-abscissa error cannot rank Lie vs Strang inside this class; use e_lambda only as a release gate against the reference.
A4-STIFF-05,A4_stiff_stable,8,8,AB_LIE_STRANG_SIMILAR_PROPAGATOR_CLASS,LIE_AB,STRANG_ABA,STRANG_ABA^n P_A == P_A LIE_AB^n,1.340185466856069e-15,2.4424906541753444e-15,1e-12,PASS_CONJUGACY_NUMERIC_WITNESS,Spectral-abscissa error cannot rank Lie vs Strang inside this class; use e_lambda only as a release gate against the reference.
A4-STIFF-05,A4_stiff_stable,8,8,BA_LIE_STRANG_SIMILAR_PROPAGATOR_CLASS,LIE_BA,STRANG_BAB,STRANG_BAB^n P_B == P_B LIE_BA^n,1.1022259263059193e-15,3.3306690738754696e-15,1e-12,PASS_CONJUGACY_NUMERIC_WITNESS,Spectral-abscissa error cannot rank Lie vs Strang inside this class; use e_lambda only as a release gate against the reference.
A4-STIFF-05,A4_stiff_stable,8,16,AB_LIE_STRANG_SIMILAR_PROPAGATOR_CLASS,LIE_AB,STRANG_ABA,STRANG_ABA^n P_A == P_A LIE_AB^n,2.512991819786005e-15,2.6645352591003757e-15,1e-12,PASS_CONJUGACY_NUMERIC_WITNESS,Spectral-abscissa error cannot rank Lie vs Strang inside this class; use e_lambda only as a release gate against the reference.
A4-STIFF-05,A4_stiff_stable,8,16,BA_LIE_STRANG_SIMILAR_PROPAGATOR_CLASS,LIE_BA,STRANG_BAB,STRANG_BAB^n P_B == P_B LIE_BA^n,2.3151674677022854e-15,2.3314683517128287e-15,1e-12,PASS_CONJUGACY_NUMERIC_WITNESS,Spectral-abscissa error cannot rank Lie vs Strang inside this class; use e_lambda only as a release gate against the reference.
A4-STIFF-05,A4_stiff_stable,8,32,AB_LIE_STRANG_SIMILAR_PROPAGATOR_CLASS,LIE_AB,STRANG_ABA,STRANG_ABA^n P_A == P_A LIE_AB^n,5.728145296391776e-15,6.5503158452884236e-15,1e-12,PASS_CONJUGACY_NUMERIC_WITNESS,Spectral-abscissa error cannot rank Lie vs Strang inside this class; use e_lambda only as a release gate against the reference.
A4-STIFF-05,A4_stiff_stable,8,32,BA_LIE_STRANG_SIMILAR_PROPAGATOR_CLASS,LIE_BA,STRANG_BAB,STRANG_BAB^n P_B == P_B LIE_BA^n,4.213480854609058e-15,5.218048215738236e-15,1e-12,PASS_CONJUGACY_NUMERIC_WITNESS,Spectral-abscissa error cannot rank Lie vs Strang inside this class; use e_lambda only as a release gate against the reference.
A4-STIFF-05,A4_stiff_stable,8,64,AB_LIE_STRANG_SIMILAR_PROPAGATOR_CLASS,LIE_AB,STRANG_ABA,STRANG_ABA^n P_A == P_A LIE_AB^n,1.1764668157327226e-14,9.2148511043888e-15,1e-12,PASS_CONJUGACY_NUMERIC_WITNESS,Spectral-abscissa error cannot rank Lie vs Strang inside this class; use e_lambda only as a release gate against the reference.
A4-STIFF-05,A4_stiff_stable,8,64,BA_LIE_STRANG_SIMILAR_PROPAGATOR_CLASS,LIE_BA,STRANG_BAB,STRANG_BAB^n P_B == P_B LIE_BA^n,7.68181036369925e-15,8.43769498715119e-15,1e-12,PASS_CONJUGACY_NUMERIC_WITNESS,Spectral-abscissa error cannot rank Lie vs Strang inside this class; use e_lambda only as a release gate against the reference.
A4-STIFF-05,A4_stiff_stable,8,128,AB_LIE_STRANG_SIMILAR_PROPAGATOR_CLASS,LIE_AB,STRANG_ABA,STRANG_ABA^n P_A == P_A LIE_AB^n,1.803689625854515e-14,2.0317081350640365e-14,1e-12,PASS_CONJUGACY_NUMERIC_WITNESS,Spectral-abscissa error cannot rank Lie vs Strang inside this class; use e_lambda only as a release gate against the reference.
A4-STIFF-05,A4_stiff_stable,8,128,BA_LIE_STRANG_SIMILAR_PROPAGATOR_CLASS,LIE_BA,STRANG_BAB,STRANG_BAB^n P_B == P_B LIE_BA^n,1.515758710120317e-14,1.2878587085651816e-14,1e-12,PASS_CONJUGACY_NUMERIC_WITNESS,Spectral-abscissa error cannot rank Lie vs Strang inside this class; use e_lambda only as a release gate against the reference.
A4-STIFF-05,A4_stiff_stable,8,256,AB_LIE_STRANG_SIMILAR_PROPAGATOR_CLASS,LIE_AB,STRANG_ABA,STRANG_ABA^n P_A == P_A LIE_AB^n,3.286404109613112e-14,5.206945985491984e-14,1e-12,PASS_CONJUGACY_NUMERIC_WITNESS,Spectral-abscissa error cannot rank Lie vs Strang inside this class; use e_lambda only as a release gate against the reference.
A4-STIFF-05,A4_stiff_stable,8,256,BA_LIE_STRANG_SIMILAR_PROPAGATOR_CLASS,LIE_BA,STRANG_BAB,STRANG_BAB^n P_B == P_B LIE_BA^n,3.5733626441502717e-14,4.218847493575595e-14,1e-12,PASS_CONJUGACY_NUMERIC_WITNESS,Spectral-abscissa error cannot rank Lie vs Strang inside this class; use e_lambda only as a release gate against the reference.
A4-STIFF-05,A4_stiff_stable,8,512,AB_LIE_STRANG_SIMILAR_PROPAGATOR_CLASS,LIE_AB,STRANG_ABA,STRANG_ABA^n P_A == P_A LIE_AB^n,5.568419408565401e-14,3.530509218307998e-14,1e-12,PASS_CONJUGACY_NUMERIC_WITNESS,Spectral-abscissa error cannot rank Lie vs Strang inside this class; use e_lambda only as a release gate against the reference.
A4-STIFF-05,A4_stiff_stable,8,512,BA_LIE_STRANG_SIMILAR_PROPAGATOR_CLASS,LIE_BA,STRANG_BAB,STRANG_BAB^n P_B == P_B LIE_BA^n,8.533702450385784e-14,8.426592756904938e-14,1e-12,PASS_CONJUGACY_NUMERIC_WITNESS,Spectral-abscissa error cannot rank Lie vs Strang inside this class; use e_lambda only as a release gate against the reference.
A4-STIFF-06,A4_stiff_stable,8,4,AB_LIE_STRANG_SIMILAR_PROPAGATOR_CLASS,LIE_AB,STRANG_ABA,STRANG_ABA^n P_A == P_A LIE_AB^n,6.036504572958936e-16,1.2212453270876722e-15,1e-12,PASS_CONJUGACY_NUMERIC_WITNESS,Spectral-abscissa error cannot rank Lie vs Strang inside this class; use e_lambda only as a release gate against the reference.
A4-STIFF-06,A4_stiff_stable,8,4,BA_LIE_STRANG_SIMILAR_PROPAGATOR_CLASS,LIE_BA,STRANG_BAB,STRANG_BAB^n P_B == P_B LIE_BA^n,8.037288688493095e-16,1.5543122344752192e-15,1e-12,PASS_CONJUGACY_NUMERIC_WITNESS,Spectral-abscissa error cannot rank Lie vs Strang inside this class; use e_lambda only as a release gate against the reference.
A4-STIFF-06,A4_stiff_stable,8,8,AB_LIE_STRANG_SIMILAR_PROPAGATOR_CLASS,LIE_AB,STRANG_ABA,STRANG_ABA^n P_A == P_A LIE_AB^n,1.3651779766280214e-15,1.6653345369377348e-15,1e-12,PASS_CONJUGACY_NUMERIC_WITNESS,Spectral-abscissa error cannot rank Lie vs Strang inside this class; use e_lambda only as a release gate against the reference.
A4-STIFF-06,A4_stiff_stable,8,8,BA_LIE_STRANG_SIMILAR_PROPAGATOR_CLASS,LIE_BA,STRANG_BAB,STRANG_BAB^n P_B == P_B LIE_BA^n,1.1731101476916183e-15,1.4432899320127035e-15,1e-12,PASS_CONJUGACY_NUMERIC_WITNESS,Spectral-abscissa error cannot rank Lie vs Strang inside this class; use e_lambda only as a release gate against the reference.
A4-STIFF-06,A4_stiff_stable,8,16,AB_LIE_STRANG_SIMILAR_PROPAGATOR_CLASS,LIE_AB,STRANG_ABA,STRANG_ABA^n P_A == P_A LIE_AB^n,1.88194859694744e-15,1.4432899320127035e-15,1e-12,PASS_CONJUGACY_NUMERIC_WITNESS,Spectral-abscissa error cannot rank Lie vs Strang inside this class; use e_lambda only as a release gate against the reference.
A4-STIFF-06,A4_stiff_stable,8,16,BA_LIE_STRANG_SIMILAR_PROPAGATOR_CLASS,LIE_BA,STRANG_BAB,STRANG_BAB^n P_B == P_B LIE_BA^n,3.618849024193865e-15,5.440092820663267e-15,1e-12,PASS_CONJUGACY_NUMERIC_WITNESS,Spectral-abscissa error cannot rank Lie vs Strang inside this class; use e_lambda only as a release gate against the reference.
A4-STIFF-06,A4_stiff_stable,8,32,AB_LIE_STRANG_SIMILAR_PROPAGATOR_CLASS,LIE_AB,STRANG_ABA,STRANG_ABA^n P_A == P_A LIE_AB^n,6.276401238272956e-15,8.43769498715119e-15,1e-12,PASS_CONJUGACY_NUMERIC_WITNESS,Spectral-abscissa error cannot rank Lie vs Strang inside this class; use e_lambda only as a release gate against the reference.
A4-STIFF-06,A4_stiff_stable,8,32,BA_LIE_STRANG_SIMILAR_PROPAGATOR_CLASS,LIE_BA,STRANG_BAB,STRANG_BAB^n P_B == P_B LIE_BA^n,3.3033850962490046e-15,4.551914400963142e-15,1e-12,PASS_CONJUGACY_NUMERIC_WITNESS,Spectral-abscissa error cannot rank Lie vs Strang inside this class; use e_lambda only as a release gate against the reference.
A4-STIFF-06,A4_stiff_stable,8,64,AB_LIE_STRANG_SIMILAR_PROPAGATOR_CLASS,LIE_AB,STRANG_ABA,STRANG_ABA^n P_A == P_A LIE_AB^n,7.010318698690518e-15,6.106226635438361e-15,1e-12,PASS_CONJUGACY_NUMERIC_WITNESS,Spectral-abscissa error cannot rank Lie vs Strang inside this class; use e_lambda only as a release gate against the reference.
A4-STIFF-06,A4_stiff_stable,8,64,BA_LIE_STRANG_SIMILAR_PROPAGATOR_CLASS,LIE_BA,STRANG_BAB,STRANG_BAB^n P_B == P_B LIE_BA^n,8.82788504641677e-15,8.326672684688674e-15,1e-12,PASS_CONJUGACY_NUMERIC_WITNESS,Spectral-abscissa error cannot rank Lie vs Strang inside this class; use e_lambda only as a release gate against the reference.
A4-STIFF-06,A4_stiff_stable,8,128,AB_LIE_STRANG_SIMILAR_PROPAGATOR_CLASS,LIE_AB,STRANG_ABA,STRANG_ABA^n P_A == P_A LIE_AB^n,2.2085213739323322e-14,2.531308496145357e-14,1e-12,PASS_CONJUGACY_NUMERIC_WITNESS,Spectral-abscissa error cannot rank Lie vs Strang inside this class; use e_lambda only as a release gate against the reference.
A4-STIFF-06,A4_stiff_stable,8,128,BA_LIE_STRANG_SIMILAR_PROPAGATOR_CLASS,LIE_BA,STRANG_BAB,STRANG_BAB^n P_B == P_B LIE_BA^n,1.460384727311399e-14,9.2148511043888e-15,1e-12,PASS_CONJUGACY_NUMERIC_WITNESS,Spectral-abscissa error cannot rank Lie vs Strang inside this class; use e_lambda only as a release gate against the reference.
A4-STIFF-06,A4_stiff_stable,8,256,AB_LIE_STRANG_SIMILAR_PROPAGATOR_CLASS,LIE_AB,STRANG_ABA,STRANG_ABA^n P_A == P_A LIE_AB^n,3.411580060183224e-14,3.5083047578154947e-14,1e-12,PASS_CONJUGACY_NUMERIC_WITNESS,Spectral-abscissa error cannot rank Lie vs Strang inside this class; use e_lambda only as a release gate against the reference.
A4-STIFF-06,A4_stiff_stable,8,256,BA_LIE_STRANG_SIMILAR_PROPAGATOR_CLASS,LIE_BA,STRANG_BAB,STRANG_BAB^n P_B == P_B LIE_BA^n,2.4438682708300598e-14,2.4202861936828413e-14,1e-12,PASS_CONJUGACY_NUMERIC_WITNESS,Spectral-abscissa error cannot rank Lie vs Strang inside this class; use e_lambda only as a release gate against the reference.
A4-STIFF-06,A4_stiff_stable,8,512,AB_LIE_STRANG_SIMILAR_PROPAGATOR_CLASS,LIE_AB,STRANG_ABA,STRANG_ABA^n P_A == P_A LIE_AB^n,8.436650331017423e-14,8.282263763703668e-14,1e-12,PASS_CONJUGACY_NUMERIC_WITNESS,Spectral-abscissa error cannot rank Lie vs Strang inside this class; use e_lambda only as a release gate against the reference.
A4-STIFF-06,A4_stiff_stable,8,512,BA_LIE_STRANG_SIMILAR_PROPAGATOR_CLASS,LIE_BA,STRANG_BAB,STRANG_BAB^n P_B == P_B LIE_BA^n,4.405183114718836e-14,6.061817714453355e-14,1e-12,PASS_CONJUGACY_NUMERIC_WITNESS,Spectral-abscissa error cannot rank Lie vs Strang inside this class; use e_lambda only as a release gate against the reference.
A4-STIFF-07,A4_stiff_stable,8,4,AB_LIE_STRANG_SIMILAR_PROPAGATOR_CLASS,LIE_AB,STRANG_ABA,STRANG_ABA^n P_A == P_A LIE_AB^n,6.129327163594998e-16,9.992007221626409e-16,1e-12,PASS_CONJUGACY_NUMERIC_WITNESS,Spectral-abscissa error cannot rank Lie vs Strang inside this class; use e_lambda only as a release gate against the reference.
A4-STIFF-07,A4_stiff_stable,8,4,BA_LIE_STRANG_SIMILAR_PROPAGATOR_CLASS,LIE_BA,STRANG_BAB,STRANG_BAB^n P_B == P_B LIE_BA^n,5.966525910191039e-16,1.3322676295501878e-15,1e-12,PASS_CONJUGACY_NUMERIC_WITNESS,Spectral-abscissa error cannot rank Lie vs Strang inside this class; use e_lambda only as a release gate against the reference.
A4-STIFF-07,A4_stiff_stable,8,8,AB_LIE_STRANG_SIMILAR_PROPAGATOR_CLASS,LIE_AB,STRANG_ABA,STRANG_ABA^n P_A == P_A LIE_AB^n,1.3383883741702431e-15,1.2212453270876722e-15,1e-12,PASS_CONJUGACY_NUMERIC_WITNESS,Spectral-abscissa error cannot rank Lie vs Strang inside this class; use e_lambda only as a release gate against the reference.
A4-STIFF-07,A4_stiff_stable,8,8,BA_LIE_STRANG_SIMILAR_PROPAGATOR_CLASS,LIE_BA,STRANG_BAB,STRANG_BAB^n P_B == P_B LIE_BA^n,1.1851872591596436e-15,1.4432899320127035e-15,1e-12,PASS_CONJUGACY_NUMERIC_WITNESS,Spectral-abscissa error cannot rank Lie vs Strang inside this class; use e_lambda only as a release gate against the reference.
A4-STIFF-07,A4_stiff_stable,8,16,AB_LIE_STRANG_SIMILAR_PROPAGATOR_CLASS,LIE_AB,STRANG_ABA,STRANG_ABA^n P_A == P_A LIE_AB^n,2.457709801713033e-15,2.1094237467877974e-15,1e-12,PASS_CONJUGACY_NUMERIC_WITNESS,Spectral-abscissa error cannot rank Lie vs Strang inside this class; use e_lambda only as a release gate against the reference.
A4-STIFF-07,A4_stiff_stable,8,16,BA_LIE_STRANG_SIMILAR_PROPAGATOR_CLASS,LIE_BA,STRANG_BAB,STRANG_BAB^n P_B == P_B LIE_BA^n,1.7607851496237513e-15,1.2212453270876722e-15,1e-12,PASS_CONJUGACY_NUMERIC_WITNESS,Spectral-abscissa error cannot rank Lie vs Strang inside this class; use e_lambda only as a release gate against the reference.
A4-STIFF-07,A4_stiff_stable,8,32,AB_LIE_STRANG_SIMILAR_PROPAGATOR_CLASS,LIE_AB,STRANG_ABA,STRANG_ABA^n P_A == P_A LIE_AB^n,5.879257624243921e-15,8.215650382226158e-15,1e-12,PASS_CONJUGACY_NUMERIC_WITNESS,Spectral-abscissa error cannot rank Lie vs Strang inside this class; use e_lambda only as a release gate against the reference.
A4-STIFF-07,A4_stiff_stable,8,32,BA_LIE_STRANG_SIMILAR_PROPAGATOR_CLASS,LIE_BA,STRANG_BAB,STRANG_BAB^n P_B == P_B LIE_BA^n,3.5269739391657215e-15,3.9968028886505635e-15,1e-12,PASS_CONJUGACY_NUMERIC_WITNESS,Spectral-abscissa error cannot rank Lie vs Strang inside this class; use e_lambda only as a release gate against the reference.
A4-STIFF-07,A4_stiff_stable,8,64,AB_LIE_STRANG_SIMILAR_PROPAGATOR_CLASS,LIE_AB,STRANG_ABA,STRANG_ABA^n P_A == P_A LIE_AB^n,6.116177662949882e-15,7.549516567451064e-15,1e-12,PASS_CONJUGACY_NUMERIC_WITNESS,Spectral-abscissa error cannot rank Lie vs Strang inside this class; use e_lambda only as a release gate against the reference.
A4-STIFF-07,A4_stiff_stable,8,64,BA_LIE_STRANG_SIMILAR_PROPAGATOR_CLASS,LIE_BA,STRANG_BAB,STRANG_BAB^n P_B == P_B LIE_BA^n,1.1677597827641916e-14,7.549516567451064e-15,1e-12,PASS_CONJUGACY_NUMERIC_WITNESS,Spectral-abscissa error cannot rank Lie vs Strang inside this class; use e_lambda only as a release gate against the reference.
A4-STIFF-07,A4_stiff_stable,8,128,AB_LIE_STRANG_SIMILAR_PROPAGATOR_CLASS,LIE_AB,STRANG_ABA,STRANG_ABA^n P_A == P_A LIE_AB^n,1.346957345625145e-14,1.199040866595169e-14,1e-12,PASS_CONJUGACY_NUMERIC_WITNESS,Spectral-abscissa error cannot rank Lie vs Strang inside this class; use e_lambda only as a release gate against the reference.
A4-STIFF-07,A4_stiff_stable,8,128,BA_LIE_STRANG_SIMILAR_PROPAGATOR_CLASS,LIE_BA,STRANG_BAB,STRANG_BAB^n P_B == P_B LIE_BA^n,1.027249086308892e-14,1.0769163338864018e-14,1e-12,PASS_CONJUGACY_NUMERIC_WITNESS,Spectral-abscissa error cannot rank Lie vs Strang inside this class; use e_lambda only as a release gate against the reference.
A4-STIFF-07,A4_stiff_stable,8,256,AB_LIE_STRANG_SIMILAR_PROPAGATOR_CLASS,LIE_AB,STRANG_ABA,STRANG_ABA^n P_A == P_A LIE_AB^n,2.415601774232805e-14,1.532107773982716e-14,1e-12,PASS_CONJUGACY_NUMERIC_WITNESS,Spectral-abscissa error cannot rank Lie vs Strang inside this class; use e_lambda only as a release gate against the reference.
A4-STIFF-07,A4_stiff_stable,8,256,BA_LIE_STRANG_SIMILAR_PROPAGATOR_CLASS,LIE_BA,STRANG_BAB,STRANG_BAB^n P_B == P_B LIE_BA^n,2.8277814024284502e-14,3.708144902248023e-14,1e-12,PASS_CONJUGACY_NUMERIC_WITNESS,Spectral-abscissa error cannot rank Lie vs Strang inside this class; use e_lambda only as a release gate against the reference.
A4-STIFF-07,A4_stiff_stable,8,512,AB_LIE_STRANG_SIMILAR_PROPAGATOR_CLASS,LIE_AB,STRANG_ABA,STRANG_ABA^n P_A == P_A LIE_AB^n,4.755735427777667e-14,4.807265696626928e-14,1e-12,PASS_CONJUGACY_NUMERIC_WITNESS,Spectral-abscissa error cannot rank Lie vs Strang inside this class; use e_lambda only as a release gate against the reference.
A4-STIFF-07,A4_stiff_stable,8,512,BA_LIE_STRANG_SIMILAR_PROPAGATOR_CLASS,LIE_BA,STRANG_BAB,STRANG_BAB^n P_B == P_B LIE_BA^n,3.7654555161688847e-14,3.47499806707674e-14,1e-12,PASS_CONJUGACY_NUMERIC_WITNESS,Spectral-abscissa error cannot rank Lie vs Strang inside this class; use e_lambda only as a release gate against the reference.
A4-STIFF-08,A4_stiff_stable,8,4,AB_LIE_STRANG_SIMILAR_PROPAGATOR_CLASS,LIE_AB,STRANG_ABA,STRANG_ABA^n P_A == P_A LIE_AB^n,2.866403242704299e-16,4.440892098500626e-16,1e-12,PASS_CONJUGACY_NUMERIC_WITNESS,Spectral-abscissa error cannot rank Lie vs Strang inside this class; use e_lambda only as a release gate against the reference.
A4-STIFF-08,A4_stiff_stable,8,4,BA_LIE_STRANG_SIMILAR_PROPAGATOR_CLASS,LIE_BA,STRANG_BAB,STRANG_BAB^n P_B == P_B LIE_BA^n,8.201217927026793e-16,1.3322676295501878e-15,1e-12,PASS_CONJUGACY_NUMERIC_WITNESS,Spectral-abscissa error cannot rank Lie vs Strang inside this class; use e_lambda only as a release gate against the reference.
A4-STIFF-08,A4_stiff_stable,8,8,AB_LIE_STRANG_SIMILAR_PROPAGATOR_CLASS,LIE_AB,STRANG_ABA,STRANG_ABA^n P_A == P_A LIE_AB^n,9.819792747273182e-16,3.3306690738754696e-16,1e-12,PASS_CONJUGACY_NUMERIC_WITNESS,Spectral-abscissa error cannot rank Lie vs Strang inside this class; use e_lambda only as a release gate against the reference.
A4-STIFF-08,A4_stiff_stable,8,8,BA_LIE_STRANG_SIMILAR_PROPAGATOR_CLASS,LIE_BA,STRANG_BAB,STRANG_BAB^n P_B == P_B LIE_BA^n,6.676861369976058e-16,4.440892098500626e-16,1e-12,PASS_CONJUGACY_NUMERIC_WITNESS,Spectral-abscissa error cannot rank Lie vs Strang inside this class; use e_lambda only as a release gate against the reference.
A4-STIFF-08,A4_stiff_stable,8,16,AB_LIE_STRANG_SIMILAR_PROPAGATOR_CLASS,LIE_AB,STRANG_ABA,STRANG_ABA^n P_A == P_A LIE_AB^n,1.784836787273549e-15,7.771561172376096e-16,1e-12,PASS_CONJUGACY_NUMERIC_WITNESS,Spectral-abscissa error cannot rank Lie vs Strang inside this class; use e_lambda only as a release gate against the reference.
A4-STIFF-08,A4_stiff_stable,8,16,BA_LIE_STRANG_SIMILAR_PROPAGATOR_CLASS,LIE_BA,STRANG_BAB,STRANG_BAB^n P_B == P_B LIE_BA^n,1.6745409631427051e-15,1.1102230246251565e-15,1e-12,PASS_CONJUGACY_NUMERIC_WITNESS,Spectral-abscissa error cannot rank Lie vs Strang inside this class; use e_lambda only as a release gate against the reference.
A4-STIFF-08,A4_stiff_stable,8,32,AB_LIE_STRANG_SIMILAR_PROPAGATOR_CLASS,LIE_AB,STRANG_ABA,STRANG_ABA^n P_A == P_A LIE_AB^n,3.250329579375834e-15,1.27675647831893e-15,1e-12,PASS_CONJUGACY_NUMERIC_WITNESS,Spectral-abscissa error cannot rank Lie vs Strang inside this class; use e_lambda only as a release gate against the reference.
A4-STIFF-08,A4_stiff_stable,8,32,BA_LIE_STRANG_SIMILAR_PROPAGATOR_CLASS,LIE_BA,STRANG_BAB,STRANG_BAB^n P_B == P_B LIE_BA^n,7.754847523799284e-16,9.992007221626409e-16,1e-12,PASS_CONJUGACY_NUMERIC_WITNESS,Spectral-abscissa error cannot rank Lie vs Strang inside this class; use e_lambda only as a release gate against the reference.
A4-STIFF-08,A4_stiff_stable,8,64,AB_LIE_STRANG_SIMILAR_PROPAGATOR_CLASS,LIE_AB,STRANG_ABA,STRANG_ABA^n P_A == P_A LIE_AB^n,4.866332260141872e-15,1.5543122344752192e-15,1e-12,PASS_CONJUGACY_NUMERIC_WITNESS,Spectral-abscissa error cannot rank Lie vs Strang inside this class; use e_lambda only as a release gate against the reference.
A4-STIFF-08,A4_stiff_stable,8,64,BA_LIE_STRANG_SIMILAR_PROPAGATOR_CLASS,LIE_BA,STRANG_BAB,STRANG_BAB^n P_B == P_B LIE_BA^n,1.2037698450207954e-14,5.6066262743570405e-15,1e-12,PASS_CONJUGACY_NUMERIC_WITNESS,Spectral-abscissa error cannot rank Lie vs Strang inside this class; use e_lambda only as a release gate against the reference.
A4-STIFF-08,A4_stiff_stable,8,128,AB_LIE_STRANG_SIMILAR_PROPAGATOR_CLASS,LIE_AB,STRANG_ABA,STRANG_ABA^n P_A == P_A LIE_AB^n,6.8081807039665835e-15,1.7208456881689926e-15,1e-12,PASS_CONJUGACY_NUMERIC_WITNESS,Spectral-abscissa error cannot rank Lie vs Strang inside this class; use e_lambda only as a release gate against the reference.
A4-STIFF-08,A4_stiff_stable,8,128,BA_LIE_STRANG_SIMILAR_PROPAGATOR_CLASS,LIE_BA,STRANG_BAB,STRANG_BAB^n P_B == P_B LIE_BA^n,1.3563039436074423e-14,7.993605777301127e-15,1e-12,PASS_CONJUGACY_NUMERIC_WITNESS,Spectral-abscissa error cannot rank Lie vs Strang inside this class; use e_lambda only as a release gate against the reference.
A4-STIFF-08,A4_stiff_stable,8,256,AB_LIE_STRANG_SIMILAR_PROPAGATOR_CLASS,LIE_AB,STRANG_ABA,STRANG_ABA^n P_A == P_A LIE_AB^n,2.5100992995647264e-14,1.3322676295501878e-14,1e-12,PASS_CONJUGACY_NUMERIC_WITNESS,Spectral-abscissa error cannot rank Lie vs Strang inside this class; use e_lambda only as a release gate against the reference.
A4-STIFF-08,A4_stiff_stable,8,256,BA_LIE_STRANG_SIMILAR_PROPAGATOR_CLASS,LIE_BA,STRANG_BAB,STRANG_BAB^n P_B == P_B LIE_BA^n,1.0768275600256431e-14,3.552713678800501e-15,1e-12,PASS_CONJUGACY_NUMERIC_WITNESS,Spectral-abscissa error cannot rank Lie vs Strang inside this class; use e_lambda only as a release gate against the reference.
A4-STIFF-08,A4_stiff_stable,8,512,AB_LIE_STRANG_SIMILAR_PROPAGATOR_CLASS,LIE_AB,STRANG_ABA,STRANG_ABA^n P_A == P_A LIE_AB^n,2.85340394276994e-14,1.454392162258955e-14,1e-12,PASS_CONJUGACY_NUMERIC_WITNESS,Spectral-abscissa error cannot rank Lie vs Strang inside this class; use e_lambda only as a release gate against the reference.
A4-STIFF-08,A4_stiff_stable,8,512,BA_LIE_STRANG_SIMILAR_PROPAGATOR_CLASS,LIE_BA,STRANG_BAB,STRANG_BAB^n P_B == P_B LIE_BA^n,3.978700364553773e-14,2.1094237467877974e-14,1e-12,PASS_CONJUGACY_NUMERIC_WITNESS,Spectral-abscissa error cannot rank Lie vs Strang inside this class; use e_lambda only as a release gate against the reference.
A5-POS-01,A5_positivity_preserving,4,4,AB_LIE_STRANG_SIMILAR_PROPAGATOR_CLASS,LIE_AB,STRANG_ABA,STRANG_ABA^n P_A == P_A LIE_AB^n,6.422836414390989e-16,6.661338147750939e-16,1e-12,PASS_CONJUGACY_NUMERIC_WITNESS,Spectral-abscissa error cannot rank Lie vs Strang inside this class; use e_lambda only as a release gate against the reference.
A5-POS-01,A5_positivity_preserving,4,4,BA_LIE_STRANG_SIMILAR_PROPAGATOR_CLASS,LIE_BA,STRANG_BAB,STRANG_BAB^n P_B == P_B LIE_BA^n,2.2600427306732623e-16,9.992007221626409e-16,1e-12,PASS_CONJUGACY_NUMERIC_WITNESS,Spectral-abscissa error cannot rank Lie vs Strang inside this class; use e_lambda only as a release gate against the reference.
A5-POS-01,A5_positivity_preserving,4,8,AB_LIE_STRANG_SIMILAR_PROPAGATOR_CLASS,LIE_AB,STRANG_ABA,STRANG_ABA^n P_A == P_A LIE_AB^n,1.3116522688011562e-15,1.2212453270876722e-15,1e-12,PASS_CONJUGACY_NUMERIC_WITNESS,Spectral-abscissa error cannot rank Lie vs Strang inside this class; use e_lambda only as a release gate against the reference.
A5-POS-01,A5_positivity_preserving,4,8,BA_LIE_STRANG_SIMILAR_PROPAGATOR_CLASS,LIE_BA,STRANG_BAB,STRANG_BAB^n P_B == P_B LIE_BA^n,7.56991789793715e-16,6.693875100596387e-16,1e-12,PASS_CONJUGACY_NUMERIC_WITNESS,Spectral-abscissa error cannot rank Lie vs Strang inside this class; use e_lambda only as a release gate against the reference.
A5-POS-01,A5_positivity_preserving,4,16,AB_LIE_STRANG_SIMILAR_PROPAGATOR_CLASS,LIE_AB,STRANG_ABA,STRANG_ABA^n P_A == P_A LIE_AB^n,1.6265693376189275e-15,1.1102230246251565e-15,1e-12,PASS_CONJUGACY_NUMERIC_WITNESS,Spectral-abscissa error cannot rank Lie vs Strang inside this class; use e_lambda only as a release gate against the reference.
A5-POS-01,A5_positivity_preserving,4,16,BA_LIE_STRANG_SIMILAR_PROPAGATOR_CLASS,LIE_BA,STRANG_BAB,STRANG_BAB^n P_B == P_B LIE_BA^n,5.063587070113445e-16,9.992007221626409e-16,1e-12,PASS_CONJUGACY_NUMERIC_WITNESS,Spectral-abscissa error cannot rank Lie vs Strang inside this class; use e_lambda only as a release gate against the reference.
A5-POS-01,A5_positivity_preserving,4,32,AB_LIE_STRANG_SIMILAR_PROPAGATOR_CLASS,LIE_AB,STRANG_ABA,STRANG_ABA^n P_A == P_A LIE_AB^n,3.1874815267549315e-15,2.328942987176587e-15,1e-12,PASS_CONJUGACY_NUMERIC_WITNESS,Spectral-abscissa error cannot rank Lie vs Strang inside this class; use e_lambda only as a release gate against the reference.
A5-POS-01,A5_positivity_preserving,4,32,BA_LIE_STRANG_SIMILAR_PROPAGATOR_CLASS,LIE_BA,STRANG_BAB,STRANG_BAB^n P_B == P_B LIE_BA^n,2.7376029843578148e-15,3.9968028886505635e-15,1e-12,PASS_CONJUGACY_NUMERIC_WITNESS,Spectral-abscissa error cannot rank Lie vs Strang inside this class; use e_lambda only as a release gate against the reference.
A5-POS-01,A5_positivity_preserving,4,64,AB_LIE_STRANG_SIMILAR_PROPAGATOR_CLASS,LIE_AB,STRANG_ABA,STRANG_ABA^n P_A == P_A LIE_AB^n,6.8397079343821464e-15,3.577318218527826e-15,1e-12,PASS_CONJUGACY_NUMERIC_WITNESS,Spectral-abscissa error cannot rank Lie vs Strang inside this class; use e_lambda only as a release gate against the reference.
A5-POS-01,A5_positivity_preserving,4,64,BA_LIE_STRANG_SIMILAR_PROPAGATOR_CLASS,LIE_BA,STRANG_BAB,STRANG_BAB^n P_B == P_B LIE_BA^n,5.667769606148022e-15,3.552713678800501e-15,1e-12,PASS_CONJUGACY_NUMERIC_WITNESS,Spectral-abscissa error cannot rank Lie vs Strang inside this class; use e_lambda only as a release gate against the reference.
A5-POS-01,A5_positivity_preserving,4,128,AB_LIE_STRANG_SIMILAR_PROPAGATOR_CLASS,LIE_AB,STRANG_ABA,STRANG_ABA^n P_A == P_A LIE_AB^n,1.7941443741239505e-14,9.418935870422684e-15,1e-12,PASS_CONJUGACY_NUMERIC_WITNESS,Spectral-abscissa error cannot rank Lie vs Strang inside this class; use e_lambda only as a release gate against the reference.
A5-POS-01,A5_positivity_preserving,4,128,BA_LIE_STRANG_SIMILAR_PROPAGATOR_CLASS,LIE_BA,STRANG_BAB,STRANG_BAB^n P_B == P_B LIE_BA^n,1.1616627020637913e-14,7.122969777763861e-15,1e-12,PASS_CONJUGACY_NUMERIC_WITNESS,Spectral-abscissa error cannot rank Lie vs Strang inside this class; use e_lambda only as a release gate against the reference.
A5-POS-01,A5_positivity_preserving,4,256,AB_LIE_STRANG_SIMILAR_PROPAGATOR_CLASS,LIE_AB,STRANG_ABA,STRANG_ABA^n P_A == P_A LIE_AB^n,1.7953890022286244e-14,1.765254609153999e-14,1e-12,PASS_CONJUGACY_NUMERIC_WITNESS,Spectral-abscissa error cannot rank Lie vs Strang inside this class; use e_lambda only as a release gate against the reference.
A5-POS-01,A5_positivity_preserving,4,256,BA_LIE_STRANG_SIMILAR_PROPAGATOR_CLASS,LIE_BA,STRANG_BAB,STRANG_BAB^n P_B == P_B LIE_BA^n,5.3398422297930176e-14,1.3409519851171314e-14,1e-12,PASS_CONJUGACY_NUMERIC_WITNESS,Spectral-abscissa error cannot rank Lie vs Strang inside this class; use e_lambda only as a release gate against the reference.
A5-POS-01,A5_positivity_preserving,4,512,AB_LIE_STRANG_SIMILAR_PROPAGATOR_CLASS,LIE_AB,STRANG_ABA,STRANG_ABA^n P_A == P_A LIE_AB^n,4.9231416142329547e-14,4.090909878223725e-14,1e-12,PASS_CONJUGACY_NUMERIC_WITNESS,Spectral-abscissa error cannot rank Lie vs Strang inside this class; use e_lambda only as a release gate against the reference.
A5-POS-01,A5_positivity_preserving,4,512,BA_LIE_STRANG_SIMILAR_PROPAGATOR_CLASS,LIE_BA,STRANG_BAB,STRANG_BAB^n P_B == P_B LIE_BA^n,1.0236927063408704e-13,1.0044816639036797e-14,1e-12,PASS_CONJUGACY_NUMERIC_WITNESS,Spectral-abscissa error cannot rank Lie vs Strang inside this class; use e_lambda only as a release gate against the reference.
A5-POS-02,A5_positivity_preserving,4,4,AB_LIE_STRANG_SIMILAR_PROPAGATOR_CLASS,LIE_AB,STRANG_ABA,STRANG_ABA^n P_A == P_A LIE_AB^n,4.998193528687177e-16,4.440892098500626e-16,1e-12,PASS_CONJUGACY_NUMERIC_WITNESS,Spectral-abscissa error cannot rank Lie vs Strang inside this class; use e_lambda only as a release gate against the reference.
A5-POS-02,A5_positivity_preserving,4,4,BA_LIE_STRANG_SIMILAR_PROPAGATOR_CLASS,LIE_BA,STRANG_BAB,STRANG_BAB^n P_B == P_B LIE_BA^n,2.643638048787375e-16,5.940864409924816e-16,1e-12,PASS_CONJUGACY_NUMERIC_WITNESS,Spectral-abscissa error cannot rank Lie vs Strang inside this class; use e_lambda only as a release gate against the reference.
A5-POS-02,A5_positivity_preserving,4,8,AB_LIE_STRANG_SIMILAR_PROPAGATOR_CLASS,LIE_AB,STRANG_ABA,STRANG_ABA^n P_A == P_A LIE_AB^n,6.218361494030619e-16,7.771561172376096e-16,1e-12,PASS_CONJUGACY_NUMERIC_WITNESS,Spectral-abscissa error cannot rank Lie vs Strang inside this class; use e_lambda only as a release gate against the reference.
A5-POS-02,A5_positivity_preserving,4,8,BA_LIE_STRANG_SIMILAR_PROPAGATOR_CLASS,LIE_BA,STRANG_BAB,STRANG_BAB^n P_B == P_B LIE_BA^n,9.262710817320243e-16,9.992007221626409e-16,1e-12,PASS_CONJUGACY_NUMERIC_WITNESS,Spectral-abscissa error cannot rank Lie vs Strang inside this class; use e_lambda only as a release gate against the reference.
A5-POS-02,A5_positivity_preserving,4,16,AB_LIE_STRANG_SIMILAR_PROPAGATOR_CLASS,LIE_AB,STRANG_ABA,STRANG_ABA^n P_A == P_A LIE_AB^n,1.988817790450514e-15,2.1043161065732834e-15,1e-12,PASS_CONJUGACY_NUMERIC_WITNESS,Spectral-abscissa error cannot rank Lie vs Strang inside this class; use e_lambda only as a release gate against the reference.
A5-POS-02,A5_positivity_preserving,4,16,BA_LIE_STRANG_SIMILAR_PROPAGATOR_CLASS,LIE_BA,STRANG_BAB,STRANG_BAB^n P_B == P_B LIE_BA^n,2.5079930462378133e-15,1.7763568394002505e-15,1e-12,PASS_CONJUGACY_NUMERIC_WITNESS,Spectral-abscissa error cannot rank Lie vs Strang inside this class; use e_lambda only as a release gate against the reference.
A5-POS-02,A5_positivity_preserving,4,32,AB_LIE_STRANG_SIMILAR_PROPAGATOR_CLASS,LIE_AB,STRANG_ABA,STRANG_ABA^n P_A == P_A LIE_AB^n,4.756301936092059e-15,3.219646771412954e-15,1e-12,PASS_CONJUGACY_NUMERIC_WITNESS,Spectral-abscissa error cannot rank Lie vs Strang inside this class; use e_lambda only as a release gate against the reference.
A5-POS-02,A5_positivity_preserving,4,32,BA_LIE_STRANG_SIMILAR_PROPAGATOR_CLASS,LIE_BA,STRANG_BAB,STRANG_BAB^n P_B == P_B LIE_BA^n,3.3188134035514843e-15,2.6645352591003757e-15,1e-12,PASS_CONJUGACY_NUMERIC_WITNESS,Spectral-abscissa error cannot rank Lie vs Strang inside this class; use e_lambda only as a release gate against the reference.
A5-POS-02,A5_positivity_preserving,4,64,AB_LIE_STRANG_SIMILAR_PROPAGATOR_CLASS,LIE_AB,STRANG_ABA,STRANG_ABA^n P_A == P_A LIE_AB^n,9.355302072909967e-15,3.80222934455034e-15,1e-12,PASS_CONJUGACY_NUMERIC_WITNESS,Spectral-abscissa error cannot rank Lie vs Strang inside this class; use e_lambda only as a release gate against the reference.
A5-POS-02,A5_positivity_preserving,4,64,BA_LIE_STRANG_SIMILAR_PROPAGATOR_CLASS,LIE_BA,STRANG_BAB,STRANG_BAB^n P_B == P_B LIE_BA^n,6.932349588834444e-15,6.439293542825908e-15,1e-12,PASS_CONJUGACY_NUMERIC_WITNESS,Spectral-abscissa error cannot rank Lie vs Strang inside this class; use e_lambda only as a release gate against the reference.
A5-POS-02,A5_positivity_preserving,4,128,AB_LIE_STRANG_SIMILAR_PROPAGATOR_CLASS,LIE_AB,STRANG_ABA,STRANG_ABA^n P_A == P_A LIE_AB^n,2.0210341930118985e-14,7.914918003826626e-15,1e-12,PASS_CONJUGACY_NUMERIC_WITNESS,Spectral-abscissa error cannot rank Lie vs Strang inside this class; use e_lambda only as a release gate against the reference.
A5-POS-02,A5_positivity_preserving,4,128,BA_LIE_STRANG_SIMILAR_PROPAGATOR_CLASS,LIE_BA,STRANG_BAB,STRANG_BAB^n P_B == P_B LIE_BA^n,1.1909011264073223e-14,4.787675889104605e-15,1e-12,PASS_CONJUGACY_NUMERIC_WITNESS,Spectral-abscissa error cannot rank Lie vs Strang inside this class; use e_lambda only as a release gate against the reference.
A5-POS-02,A5_positivity_preserving,4,256,AB_LIE_STRANG_SIMILAR_PROPAGATOR_CLASS,LIE_AB,STRANG_ABA,STRANG_ABA^n P_A == P_A LIE_AB^n,3.0072453513287385e-14,2.2315482794965646e-14,1e-12,PASS_CONJUGACY_NUMERIC_WITNESS,Spectral-abscissa error cannot rank Lie vs Strang inside this class; use e_lambda only as a release gate against the reference.
A5-POS-02,A5_positivity_preserving,4,256,BA_LIE_STRANG_SIMILAR_PROPAGATOR_CLASS,LIE_BA,STRANG_BAB,STRANG_BAB^n P_B == P_B LIE_BA^n,2.297120194509806e-14,1.9761969838327786e-14,1e-12,PASS_CONJUGACY_NUMERIC_WITNESS,Spectral-abscissa error cannot rank Lie vs Strang inside this class; use e_lambda only as a release gate against the reference.
A5-POS-02,A5_positivity_preserving,4,512,AB_LIE_STRANG_SIMILAR_PROPAGATOR_CLASS,LIE_AB,STRANG_ABA,STRANG_ABA^n P_A == P_A LIE_AB^n,5.775623978520973e-14,3.019806626980426e-14,1e-12,PASS_CONJUGACY_NUMERIC_WITNESS,Spectral-abscissa error cannot rank Lie vs Strang inside this class; use e_lambda only as a release gate against the reference.
A5-POS-02,A5_positivity_preserving,4,512,BA_LIE_STRANG_SIMILAR_PROPAGATOR_CLASS,LIE_BA,STRANG_BAB,STRANG_BAB^n P_B == P_B LIE_BA^n,2.783588039627005e-14,1.6542323066914832e-14,1e-12,PASS_CONJUGACY_NUMERIC_WITNESS,Spectral-abscissa error cannot rank Lie vs Strang inside this class; use e_lambda only as a release gate against the reference.
A5-POS-03,A5_positivity_preserving,8,4,AB_LIE_STRANG_SIMILAR_PROPAGATOR_CLASS,LIE_AB,STRANG_ABA,STRANG_ABA^n P_A == P_A LIE_AB^n,3.4951094473179943e-16,1.781214073580217e-15,1e-12,PASS_CONJUGACY_NUMERIC_WITNESS,Spectral-abscissa error cannot rank Lie vs Strang inside this class; use e_lambda only as a release gate against the reference.
A5-POS-03,A5_positivity_preserving,8,4,BA_LIE_STRANG_SIMILAR_PROPAGATOR_CLASS,LIE_BA,STRANG_BAB,STRANG_BAB^n P_B == P_B LIE_BA^n,4.482758959708677e-16,1.831659557333192e-15,1e-12,PASS_CONJUGACY_NUMERIC_WITNESS,Spectral-abscissa error cannot rank Lie vs Strang inside this class; use e_lambda only as a release gate against the reference.
A5-POS-03,A5_positivity_preserving,8,8,AB_LIE_STRANG_SIMILAR_PROPAGATOR_CLASS,LIE_AB,STRANG_ABA,STRANG_ABA^n P_A == P_A LIE_AB^n,1.3695375657239422e-15,4.107825191113079e-15,1e-12,PASS_CONJUGACY_NUMERIC_WITNESS,Spectral-abscissa error cannot rank Lie vs Strang inside this class; use e_lambda only as a release gate against the reference.
A5-POS-03,A5_positivity_preserving,8,8,BA_LIE_STRANG_SIMILAR_PROPAGATOR_CLASS,LIE_BA,STRANG_BAB,STRANG_BAB^n P_B == P_B LIE_BA^n,8.630440864473087e-16,1.9984014443252818e-15,1e-12,PASS_CONJUGACY_NUMERIC_WITNESS,Spectral-abscissa error cannot rank Lie vs Strang inside this class; use e_lambda only as a release gate against the reference.
A5-POS-03,A5_positivity_preserving,8,16,AB_LIE_STRANG_SIMILAR_PROPAGATOR_CLASS,LIE_AB,STRANG_ABA,STRANG_ABA^n P_A == P_A LIE_AB^n,2.0493989568520272e-15,1.887379141862766e-15,1e-12,PASS_CONJUGACY_NUMERIC_WITNESS,Spectral-abscissa error cannot rank Lie vs Strang inside this class; use e_lambda only as a release gate against the reference.
A5-POS-03,A5_positivity_preserving,8,16,BA_LIE_STRANG_SIMILAR_PROPAGATOR_CLASS,LIE_BA,STRANG_BAB,STRANG_BAB^n P_B == P_B LIE_BA^n,1.2548226312329613e-15,3.6637359812630166e-15,1e-12,PASS_CONJUGACY_NUMERIC_WITNESS,Spectral-abscissa error cannot rank Lie vs Strang inside this class; use e_lambda only as a release gate against the reference.
A5-POS-03,A5_positivity_preserving,8,32,AB_LIE_STRANG_SIMILAR_PROPAGATOR_CLASS,LIE_AB,STRANG_ABA,STRANG_ABA^n P_A == P_A LIE_AB^n,2.5521056437748576e-15,1.9984014443252818e-15,1e-12,PASS_CONJUGACY_NUMERIC_WITNESS,Spectral-abscissa error cannot rank Lie vs Strang inside this class; use e_lambda only as a release gate against the reference.
A5-POS-03,A5_positivity_preserving,8,32,BA_LIE_STRANG_SIMILAR_PROPAGATOR_CLASS,LIE_BA,STRANG_BAB,STRANG_BAB^n P_B == P_B LIE_BA^n,3.372417531410009e-15,5.440092820663267e-15,1e-12,PASS_CONJUGACY_NUMERIC_WITNESS,Spectral-abscissa error cannot rank Lie vs Strang inside this class; use e_lambda only as a release gate against the reference.
A5-POS-03,A5_positivity_preserving,8,64,AB_LIE_STRANG_SIMILAR_PROPAGATOR_CLASS,LIE_AB,STRANG_ABA,STRANG_ABA^n P_A == P_A LIE_AB^n,7.785896434260814e-15,5.10702591327572e-15,1e-12,PASS_CONJUGACY_NUMERIC_WITNESS,Spectral-abscissa error cannot rank Lie vs Strang inside this class; use e_lambda only as a release gate against the reference.
A5-POS-03,A5_positivity_preserving,8,64,BA_LIE_STRANG_SIMILAR_PROPAGATOR_CLASS,LIE_BA,STRANG_BAB,STRANG_BAB^n P_B == P_B LIE_BA^n,7.481199310711154e-15,8.520110025330116e-15,1e-12,PASS_CONJUGACY_NUMERIC_WITNESS,Spectral-abscissa error cannot rank Lie vs Strang inside this class; use e_lambda only as a release gate against the reference.
A5-POS-03,A5_positivity_preserving,8,128,AB_LIE_STRANG_SIMILAR_PROPAGATOR_CLASS,LIE_AB,STRANG_ABA,STRANG_ABA^n P_A == P_A LIE_AB^n,1.2942358826895527e-14,1.1225892079872482e-14,1e-12,PASS_CONJUGACY_NUMERIC_WITNESS,Spectral-abscissa error cannot rank Lie vs Strang inside this class; use e_lambda only as a release gate against the reference.
A5-POS-03,A5_positivity_preserving,8,128,BA_LIE_STRANG_SIMILAR_PROPAGATOR_CLASS,LIE_BA,STRANG_BAB,STRANG_BAB^n P_B == P_B LIE_BA^n,1.042340259862574e-14,7.011917573793501e-15,1e-12,PASS_CONJUGACY_NUMERIC_WITNESS,Spectral-abscissa error cannot rank Lie vs Strang inside this class; use e_lambda only as a release gate against the reference.
A5-POS-03,A5_positivity_preserving,8,256,AB_LIE_STRANG_SIMILAR_PROPAGATOR_CLASS,LIE_AB,STRANG_ABA,STRANG_ABA^n P_A == P_A LIE_AB^n,2.0581317653035606e-14,1.631315814422098e-14,1e-12,PASS_CONJUGACY_NUMERIC_WITNESS,Spectral-abscissa error cannot rank Lie vs Strang inside this class; use e_lambda only as a release gate against the reference.
A5-POS-03,A5_positivity_preserving,8,256,BA_LIE_STRANG_SIMILAR_PROPAGATOR_CLASS,LIE_BA,STRANG_BAB,STRANG_BAB^n P_B == P_B LIE_BA^n,2.937309821857554e-14,2.5979218776228663e-14,1e-12,PASS_CONJUGACY_NUMERIC_WITNESS,Spectral-abscissa error cannot rank Lie vs Strang inside this class; use e_lambda only as a release gate against the reference.
A5-POS-03,A5_positivity_preserving,8,512,AB_LIE_STRANG_SIMILAR_PROPAGATOR_CLASS,LIE_AB,STRANG_ABA,STRANG_ABA^n P_A == P_A LIE_AB^n,5.900811164408837e-14,4.551914400963142e-14,1e-12,PASS_CONJUGACY_NUMERIC_WITNESS,Spectral-abscissa error cannot rank Lie vs Strang inside this class; use e_lambda only as a release gate against the reference.
A5-POS-03,A5_positivity_preserving,8,512,BA_LIE_STRANG_SIMILAR_PROPAGATOR_CLASS,LIE_BA,STRANG_BAB,STRANG_BAB^n P_B == P_B LIE_BA^n,4.065244479898485e-14,4.574118861455645e-14,1e-12,PASS_CONJUGACY_NUMERIC_WITNESS,Spectral-abscissa error cannot rank Lie vs Strang inside this class; use e_lambda only as a release gate against the reference.
A5-POS-04,A5_positivity_preserving,8,4,AB_LIE_STRANG_SIMILAR_PROPAGATOR_CLASS,LIE_AB,STRANG_ABA,STRANG_ABA^n P_A == P_A LIE_AB^n,7.030584653903429e-16,3.281889711353576e-15,1e-12,PASS_CONJUGACY_NUMERIC_WITNESS,Spectral-abscissa error cannot rank Lie vs Strang inside this class; use e_lambda only as a release gate against the reference.
A5-POS-04,A5_positivity_preserving,8,4,BA_LIE_STRANG_SIMILAR_PROPAGATOR_CLASS,LIE_BA,STRANG_BAB,STRANG_BAB^n P_B == P_B LIE_BA^n,7.980168702927606e-16,1.9290125052862095e-15,1e-12,PASS_CONJUGACY_NUMERIC_WITNESS,Spectral-abscissa error cannot rank Lie vs Strang inside this class; use e_lambda only as a release gate against the reference.
A5-POS-04,A5_positivity_preserving,8,8,AB_LIE_STRANG_SIMILAR_PROPAGATOR_CLASS,LIE_AB,STRANG_ABA,STRANG_ABA^n P_A == P_A LIE_AB^n,1.1003090814997848e-15,2.0539125955565396e-15,1e-12,PASS_CONJUGACY_NUMERIC_WITNESS,Spectral-abscissa error cannot rank Lie vs Strang inside this class; use e_lambda only as a release gate against the reference.
A5-POS-04,A5_positivity_preserving,8,8,BA_LIE_STRANG_SIMILAR_PROPAGATOR_CLASS,LIE_BA,STRANG_BAB,STRANG_BAB^n P_B == P_B LIE_BA^n,1.0463395450436278e-15,2.3869795029440866e-15,1e-12,PASS_CONJUGACY_NUMERIC_WITNESS,Spectral-abscissa error cannot rank Lie vs Strang inside this class; use e_lambda only as a release gate against the reference.
A5-POS-04,A5_positivity_preserving,8,16,AB_LIE_STRANG_SIMILAR_PROPAGATOR_CLASS,LIE_AB,STRANG_ABA,STRANG_ABA^n P_A == P_A LIE_AB^n,2.938192706669946e-15,2.3531707781721692e-15,1e-12,PASS_CONJUGACY_NUMERIC_WITNESS,Spectral-abscissa error cannot rank Lie vs Strang inside this class; use e_lambda only as a release gate against the reference.
A5-POS-04,A5_positivity_preserving,8,16,BA_LIE_STRANG_SIMILAR_PROPAGATOR_CLASS,LIE_BA,STRANG_BAB,STRANG_BAB^n P_B == P_B LIE_BA^n,1.7530285159395192e-15,1.876072762562749e-15,1e-12,PASS_CONJUGACY_NUMERIC_WITNESS,Spectral-abscissa error cannot rank Lie vs Strang inside this class; use e_lambda only as a release gate against the reference.
A5-POS-04,A5_positivity_preserving,8,32,AB_LIE_STRANG_SIMILAR_PROPAGATOR_CLASS,LIE_AB,STRANG_ABA,STRANG_ABA^n P_A == P_A LIE_AB^n,5.133364312115735e-15,4.3298697960381105e-15,1e-12,PASS_CONJUGACY_NUMERIC_WITNESS,Spectral-abscissa error cannot rank Lie vs Strang inside this class; use e_lambda only as a release gate against the reference.
A5-POS-04,A5_positivity_preserving,8,32,BA_LIE_STRANG_SIMILAR_PROPAGATOR_CLASS,LIE_BA,STRANG_BAB,STRANG_BAB^n P_B == P_B LIE_BA^n,6.664320111232089e-15,6.994405055138486e-15,1e-12,PASS_CONJUGACY_NUMERIC_WITNESS,Spectral-abscissa error cannot rank Lie vs Strang inside this class; use e_lambda only as a release gate against the reference.
A5-POS-04,A5_positivity_preserving,8,64,AB_LIE_STRANG_SIMILAR_PROPAGATOR_CLASS,LIE_AB,STRANG_ABA,STRANG_ABA^n P_A == P_A LIE_AB^n,9.93503252436329e-15,8.43769498715119e-15,1e-12,PASS_CONJUGACY_NUMERIC_WITNESS,Spectral-abscissa error cannot rank Lie vs Strang inside this class; use e_lambda only as a release gate against the reference.
A5-POS-04,A5_positivity_preserving,8,64,BA_LIE_STRANG_SIMILAR_PROPAGATOR_CLASS,LIE_BA,STRANG_BAB,STRANG_BAB^n P_B == P_B LIE_BA^n,7.73678503101375e-15,9.2148511043888e-15,1e-12,PASS_CONJUGACY_NUMERIC_WITNESS,Spectral-abscissa error cannot rank Lie vs Strang inside this class; use e_lambda only as a release gate against the reference.
A5-POS-04,A5_positivity_preserving,8,128,AB_LIE_STRANG_SIMILAR_PROPAGATOR_CLASS,LIE_AB,STRANG_ABA,STRANG_ABA^n P_A == P_A LIE_AB^n,2.2359922594859502e-14,1.8540724511240114e-14,1e-12,PASS_CONJUGACY_NUMERIC_WITNESS,Spectral-abscissa error cannot rank Lie vs Strang inside this class; use e_lambda only as a release gate against the reference.
A5-POS-04,A5_positivity_preserving,8,128,BA_LIE_STRANG_SIMILAR_PROPAGATOR_CLASS,LIE_BA,STRANG_BAB,STRANG_BAB^n P_B == P_B LIE_BA^n,2.7664787410890826e-14,3.785860513971784e-14,1e-12,PASS_CONJUGACY_NUMERIC_WITNESS,Spectral-abscissa error cannot rank Lie vs Strang inside this class; use e_lambda only as a release gate against the reference.
A5-POS-04,A5_positivity_preserving,8,256,AB_LIE_STRANG_SIMILAR_PROPAGATOR_CLASS,LIE_AB,STRANG_ABA,STRANG_ABA^n P_A == P_A LIE_AB^n,3.176376236732062e-14,3.0531133177191805e-14,1e-12,PASS_CONJUGACY_NUMERIC_WITNESS,Spectral-abscissa error cannot rank Lie vs Strang inside this class; use e_lambda only as a release gate against the reference.
A5-POS-04,A5_positivity_preserving,8,256,BA_LIE_STRANG_SIMILAR_PROPAGATOR_CLASS,LIE_BA,STRANG_BAB,STRANG_BAB^n P_B == P_B LIE_BA^n,3.719538926516411e-14,3.141931159689193e-14,1e-12,PASS_CONJUGACY_NUMERIC_WITNESS,Spectral-abscissa error cannot rank Lie vs Strang inside this class; use e_lambda only as a release gate against the reference.
A5-POS-04,A5_positivity_preserving,8,512,AB_LIE_STRANG_SIMILAR_PROPAGATOR_CLASS,LIE_AB,STRANG_ABA,STRANG_ABA^n P_A == P_A LIE_AB^n,7.447022003215259e-14,9.686695889854491e-14,1e-12,PASS_CONJUGACY_NUMERIC_WITNESS,Spectral-abscissa error cannot rank Lie vs Strang inside this class; use e_lambda only as a release gate against the reference.
A5-POS-04,A5_positivity_preserving,8,512,BA_LIE_STRANG_SIMILAR_PROPAGATOR_CLASS,LIE_BA,STRANG_BAB,STRANG_BAB^n P_B == P_B LIE_BA^n,6.653553498646098e-14,5.384581669432009e-14,1e-12,PASS_CONJUGACY_NUMERIC_WITNESS,Spectral-abscissa error cannot rank Lie vs Strang inside this class; use e_lambda only as a release gate against the reference.
A5-POS-05,A5_positivity_preserving,16,4,AB_LIE_STRANG_SIMILAR_PROPAGATOR_CLASS,LIE_AB,STRANG_ABA,STRANG_ABA^n P_A == P_A LIE_AB^n,7.824971168399454e-16,1.7955661737787278e-15,1e-12,PASS_CONJUGACY_NUMERIC_WITNESS,Spectral-abscissa error cannot rank Lie vs Strang inside this class; use e_lambda only as a release gate against the reference.
A5-POS-05,A5_positivity_preserving,16,4,BA_LIE_STRANG_SIMILAR_PROPAGATOR_CLASS,LIE_BA,STRANG_BAB,STRANG_BAB^n P_B == P_B LIE_BA^n,8.641330049651125e-16,2.1094237467877974e-15,1e-12,PASS_CONJUGACY_NUMERIC_WITNESS,Spectral-abscissa error cannot rank Lie vs Strang inside this class; use e_lambda only as a release gate against the reference.
A5-POS-05,A5_positivity_preserving,16,8,AB_LIE_STRANG_SIMILAR_PROPAGATOR_CLASS,LIE_AB,STRANG_ABA,STRANG_ABA^n P_A == P_A LIE_AB^n,1.8614705869893456e-15,3.219646771412954e-15,1e-12,PASS_CONJUGACY_NUMERIC_WITNESS,Spectral-abscissa error cannot rank Lie vs Strang inside this class; use e_lambda only as a release gate against the reference.
A5-POS-05,A5_positivity_preserving,16,8,BA_LIE_STRANG_SIMILAR_PROPAGATOR_CLASS,LIE_BA,STRANG_BAB,STRANG_BAB^n P_B == P_B LIE_BA^n,1.6165711972807297e-15,2.220446049250313e-15,1e-12,PASS_CONJUGACY_NUMERIC_WITNESS,Spectral-abscissa error cannot rank Lie vs Strang inside this class; use e_lambda only as a release gate against the reference.
A5-POS-05,A5_positivity_preserving,16,16,AB_LIE_STRANG_SIMILAR_PROPAGATOR_CLASS,LIE_AB,STRANG_ABA,STRANG_ABA^n P_A == P_A LIE_AB^n,2.3314135371536513e-15,2.4424906541753444e-15,1e-12,PASS_CONJUGACY_NUMERIC_WITNESS,Spectral-abscissa error cannot rank Lie vs Strang inside this class; use e_lambda only as a release gate against the reference.
A5-POS-05,A5_positivity_preserving,16,16,BA_LIE_STRANG_SIMILAR_PROPAGATOR_CLASS,LIE_BA,STRANG_BAB,STRANG_BAB^n P_B == P_B LIE_BA^n,3.652793655598102e-15,5.88418203051333e-15,1e-12,PASS_CONJUGACY_NUMERIC_WITNESS,Spectral-abscissa error cannot rank Lie vs Strang inside this class; use e_lambda only as a release gate against the reference.
A5-POS-05,A5_positivity_preserving,16,32,AB_LIE_STRANG_SIMILAR_PROPAGATOR_CLASS,LIE_AB,STRANG_ABA,STRANG_ABA^n P_A == P_A LIE_AB^n,4.601056779839121e-15,6.106226635438361e-15,1e-12,PASS_CONJUGACY_NUMERIC_WITNESS,Spectral-abscissa error cannot rank Lie vs Strang inside this class; use e_lambda only as a release gate against the reference.
A5-POS-05,A5_positivity_preserving,16,32,BA_LIE_STRANG_SIMILAR_PROPAGATOR_CLASS,LIE_BA,STRANG_BAB,STRANG_BAB^n P_B == P_B LIE_BA^n,6.364140585553815e-15,5.551115123125783e-15,1e-12,PASS_CONJUGACY_NUMERIC_WITNESS,Spectral-abscissa error cannot rank Lie vs Strang inside this class; use e_lambda only as a release gate against the reference.
A5-POS-05,A5_positivity_preserving,16,64,AB_LIE_STRANG_SIMILAR_PROPAGATOR_CLASS,LIE_AB,STRANG_ABA,STRANG_ABA^n P_A == P_A LIE_AB^n,1.014135265034714e-14,9.602478960462667e-15,1e-12,PASS_CONJUGACY_NUMERIC_WITNESS,Spectral-abscissa error cannot rank Lie vs Strang inside this class; use e_lambda only as a release gate against the reference.
A5-POS-05,A5_positivity_preserving,16,64,BA_LIE_STRANG_SIMILAR_PROPAGATOR_CLASS,LIE_BA,STRANG_BAB,STRANG_BAB^n P_B == P_B LIE_BA^n,1.2491655561961335e-14,1.27675647831893e-14,1e-12,PASS_CONJUGACY_NUMERIC_WITNESS,Spectral-abscissa error cannot rank Lie vs Strang inside this class; use e_lambda only as a release gate against the reference.
A5-POS-05,A5_positivity_preserving,16,128,AB_LIE_STRANG_SIMILAR_PROPAGATOR_CLASS,LIE_AB,STRANG_ABA,STRANG_ABA^n P_A == P_A LIE_AB^n,2.2399044338871944e-14,3.630429290524262e-14,1e-12,PASS_CONJUGACY_NUMERIC_WITNESS,Spectral-abscissa error cannot rank Lie vs Strang inside this class; use e_lambda only as a release gate against the reference.
A5-POS-05,A5_positivity_preserving,16,128,BA_LIE_STRANG_SIMILAR_PROPAGATOR_CLASS,LIE_BA,STRANG_BAB,STRANG_BAB^n P_B == P_B LIE_BA^n,2.8921898733072647e-14,3.6193270602780103e-14,1e-12,PASS_CONJUGACY_NUMERIC_WITNESS,Spectral-abscissa error cannot rank Lie vs Strang inside this class; use e_lambda only as a release gate against the reference.
A5-POS-05,A5_positivity_preserving,16,256,AB_LIE_STRANG_SIMILAR_PROPAGATOR_CLASS,LIE_AB,STRANG_ABA,STRANG_ABA^n P_A == P_A LIE_AB^n,4.1316979611370725e-14,3.2529534621517087e-14,1e-12,PASS_CONJUGACY_NUMERIC_WITNESS,Spectral-abscissa error cannot rank Lie vs Strang inside this class; use e_lambda only as a release gate against the reference.
A5-POS-05,A5_positivity_preserving,16,256,BA_LIE_STRANG_SIMILAR_PROPAGATOR_CLASS,LIE_BA,STRANG_BAB,STRANG_BAB^n P_B == P_B LIE_BA^n,5.4063823772713546e-14,9.903189379656396e-14,1e-12,PASS_CONJUGACY_NUMERIC_WITNESS,Spectral-abscissa error cannot rank Lie vs Strang inside this class; use e_lambda only as a release gate against the reference.
A5-POS-05,A5_positivity_preserving,16,512,AB_LIE_STRANG_SIMILAR_PROPAGATOR_CLASS,LIE_AB,STRANG_ABA,STRANG_ABA^n P_A == P_A LIE_AB^n,1.1352051594613256e-13,1.057326323919147e-13,1e-12,PASS_CONJUGACY_NUMERIC_WITNESS,Spectral-abscissa error cannot rank Lie vs Strang inside this class; use e_lambda only as a release gate against the reference.
A5-POS-05,A5_positivity_preserving,16,512,BA_LIE_STRANG_SIMILAR_PROPAGATOR_CLASS,LIE_BA,STRANG_BAB,STRANG_BAB^n P_B == P_B LIE_BA^n,9.840607378264334e-14,1.2279066652354231e-13,1e-12,PASS_CONJUGACY_NUMERIC_WITNESS,Spectral-abscissa error cannot rank Lie vs Strang inside this class; use e_lambda only as a release gate against the reference.
A5-POS-06,A5_positivity_preserving,16,4,AB_LIE_STRANG_SIMILAR_PROPAGATOR_CLASS,LIE_AB,STRANG_ABA,STRANG_ABA^n P_A == P_A LIE_AB^n,8.34333214197627e-16,1.4432899320127035e-15,1e-12,PASS_CONJUGACY_NUMERIC_WITNESS,Spectral-abscissa error cannot rank Lie vs Strang inside this class; use e_lambda only as a release gate against the reference.
A5-POS-06,A5_positivity_preserving,16,4,BA_LIE_STRANG_SIMILAR_PROPAGATOR_CLASS,LIE_BA,STRANG_BAB,STRANG_BAB^n P_B == P_B LIE_BA^n,8.459931824697815e-16,1.2212453270876722e-15,1e-12,PASS_CONJUGACY_NUMERIC_WITNESS,Spectral-abscissa error cannot rank Lie vs Strang inside this class; use e_lambda only as a release gate against the reference.
A5-POS-06,A5_positivity_preserving,16,8,AB_LIE_STRANG_SIMILAR_PROPAGATOR_CLASS,LIE_AB,STRANG_ABA,STRANG_ABA^n P_A == P_A LIE_AB^n,2.150666957219003e-15,1.4988010832439613e-15,1e-12,PASS_CONJUGACY_NUMERIC_WITNESS,Spectral-abscissa error cannot rank Lie vs Strang inside this class; use e_lambda only as a release gate against the reference.
A5-POS-06,A5_positivity_preserving,16,8,BA_LIE_STRANG_SIMILAR_PROPAGATOR_CLASS,LIE_BA,STRANG_BAB,STRANG_BAB^n P_B == P_B LIE_BA^n,1.551905509366698e-15,1.27675647831893e-15,1e-12,PASS_CONJUGACY_NUMERIC_WITNESS,Spectral-abscissa error cannot rank Lie vs Strang inside this class; use e_lambda only as a release gate against the reference.
A5-POS-06,A5_positivity_preserving,16,16,AB_LIE_STRANG_SIMILAR_PROPAGATOR_CLASS,LIE_AB,STRANG_ABA,STRANG_ABA^n P_A == P_A LIE_AB^n,2.909407953983285e-15,1.9454658893719507e-15,1e-12,PASS_CONJUGACY_NUMERIC_WITNESS,Spectral-abscissa error cannot rank Lie vs Strang inside this class; use e_lambda only as a release gate against the reference.
A5-POS-06,A5_positivity_preserving,16,16,BA_LIE_STRANG_SIMILAR_PROPAGATOR_CLASS,LIE_BA,STRANG_BAB,STRANG_BAB^n P_B == P_B LIE_BA^n,1.887416933348424e-15,1.3877787807814457e-15,1e-12,PASS_CONJUGACY_NUMERIC_WITNESS,Spectral-abscissa error cannot rank Lie vs Strang inside this class; use e_lambda only as a release gate against the reference.
A5-POS-06,A5_positivity_preserving,16,32,AB_LIE_STRANG_SIMILAR_PROPAGATOR_CLASS,LIE_AB,STRANG_ABA,STRANG_ABA^n P_A == P_A LIE_AB^n,7.60595645427586e-15,6.8833827526759706e-15,1e-12,PASS_CONJUGACY_NUMERIC_WITNESS,Spectral-abscissa error cannot rank Lie vs Strang inside this class; use e_lambda only as a release gate against the reference.
A5-POS-06,A5_positivity_preserving,16,32,BA_LIE_STRANG_SIMILAR_PROPAGATOR_CLASS,LIE_BA,STRANG_BAB,STRANG_BAB^n P_B == P_B LIE_BA^n,5.7012033346032004e-15,4.502529503385572e-15,1e-12,PASS_CONJUGACY_NUMERIC_WITNESS,Spectral-abscissa error cannot rank Lie vs Strang inside this class; use e_lambda only as a release gate against the reference.
A5-POS-06,A5_positivity_preserving,16,64,AB_LIE_STRANG_SIMILAR_PROPAGATOR_CLASS,LIE_AB,STRANG_ABA,STRANG_ABA^n P_A == P_A LIE_AB^n,1.3774875296721633e-14,6.217248937900877e-15,1e-12,PASS_CONJUGACY_NUMERIC_WITNESS,Spectral-abscissa error cannot rank Lie vs Strang inside this class; use e_lambda only as a release gate against the reference.
A5-POS-06,A5_positivity_preserving,16,64,BA_LIE_STRANG_SIMILAR_PROPAGATOR_CLASS,LIE_BA,STRANG_BAB,STRANG_BAB^n P_B == P_B LIE_BA^n,1.2864636921285215e-14,7.327471962526033e-15,1e-12,PASS_CONJUGACY_NUMERIC_WITNESS,Spectral-abscissa error cannot rank Lie vs Strang inside this class; use e_lambda only as a release gate against the reference.
A5-POS-06,A5_positivity_preserving,16,128,AB_LIE_STRANG_SIMILAR_PROPAGATOR_CLASS,LIE_AB,STRANG_ABA,STRANG_ABA^n P_A == P_A LIE_AB^n,2.380399001853193e-14,1.8984813721090177e-14,1e-12,PASS_CONJUGACY_NUMERIC_WITNESS,Spectral-abscissa error cannot rank Lie vs Strang inside this class; use e_lambda only as a release gate against the reference.
A5-POS-06,A5_positivity_preserving,16,128,BA_LIE_STRANG_SIMILAR_PROPAGATOR_CLASS,LIE_BA,STRANG_BAB,STRANG_BAB^n P_B == P_B LIE_BA^n,1.9452981217532094e-14,1.0880185641326534e-14,1e-12,PASS_CONJUGACY_NUMERIC_WITNESS,Spectral-abscissa error cannot rank Lie vs Strang inside this class; use e_lambda only as a release gate against the reference.
A5-POS-06,A5_positivity_preserving,16,256,AB_LIE_STRANG_SIMILAR_PROPAGATOR_CLASS,LIE_AB,STRANG_ABA,STRANG_ABA^n P_A == P_A LIE_AB^n,5.133723970657194e-14,2.881028748902281e-14,1e-12,PASS_CONJUGACY_NUMERIC_WITNESS,Spectral-abscissa error cannot rank Lie vs Strang inside this class; use e_lambda only as a release gate against the reference.
A5-POS-06,A5_positivity_preserving,16,256,BA_LIE_STRANG_SIMILAR_PROPAGATOR_CLASS,LIE_BA,STRANG_BAB,STRANG_BAB^n P_B == P_B LIE_BA^n,3.319234816938683e-14,2.2861064039780776e-14,1e-12,PASS_CONJUGACY_NUMERIC_WITNESS,Spectral-abscissa error cannot rank Lie vs Strang inside this class; use e_lambda only as a release gate against the reference.
A5-POS-06,A5_positivity_preserving,16,512,AB_LIE_STRANG_SIMILAR_PROPAGATOR_CLASS,LIE_AB,STRANG_ABA,STRANG_ABA^n P_A == P_A LIE_AB^n,1.3407799219575764e-13,5.939693181744587e-14,1e-12,PASS_CONJUGACY_NUMERIC_WITNESS,Spectral-abscissa error cannot rank Lie vs Strang inside this class; use e_lambda only as a release gate against the reference.
A5-POS-06,A5_positivity_preserving,16,512,BA_LIE_STRANG_SIMILAR_PROPAGATOR_CLASS,LIE_BA,STRANG_BAB,STRANG_BAB^n P_B == P_B LIE_BA^n,7.587706855593726e-14,5.0101656857839806e-14,1e-12,PASS_CONJUGACY_NUMERIC_WITNESS,Spectral-abscissa error cannot rank Lie vs Strang inside this class; use e_lambda only as a release gate against the reference.
A5-POS-07,A5_positivity_preserving,16,4,AB_LIE_STRANG_SIMILAR_PROPAGATOR_CLASS,LIE_AB,STRANG_ABA,STRANG_ABA^n P_A == P_A LIE_AB^n,8.060276717079871e-16,9.992007221626409e-16,1e-12,PASS_CONJUGACY_NUMERIC_WITNESS,Spectral-abscissa error cannot rank Lie vs Strang inside this class; use e_lambda only as a release gate against the reference.
A5-POS-07,A5_positivity_preserving,16,4,BA_LIE_STRANG_SIMILAR_PROPAGATOR_CLASS,LIE_BA,STRANG_BAB,STRANG_BAB^n P_B == P_B LIE_BA^n,1.3121507943019008e-15,1.1102230246251565e-15,1e-12,PASS_CONJUGACY_NUMERIC_WITNESS,Spectral-abscissa error cannot rank Lie vs Strang inside this class; use e_lambda only as a release gate against the reference.
A5-POS-07,A5_positivity_preserving,16,8,AB_LIE_STRANG_SIMILAR_PROPAGATOR_CLASS,LIE_AB,STRANG_ABA,STRANG_ABA^n P_A == P_A LIE_AB^n,1.1166125692932163e-15,1.2212453270876722e-15,1e-12,PASS_CONJUGACY_NUMERIC_WITNESS,Spectral-abscissa error cannot rank Lie vs Strang inside this class; use e_lambda only as a release gate against the reference.
A5-POS-07,A5_positivity_preserving,16,8,BA_LIE_STRANG_SIMILAR_PROPAGATOR_CLASS,LIE_BA,STRANG_BAB,STRANG_BAB^n P_B == P_B LIE_BA^n,1.5049483814730011e-15,1.887379141862766e-15,1e-12,PASS_CONJUGACY_NUMERIC_WITNESS,Spectral-abscissa error cannot rank Lie vs Strang inside this class; use e_lambda only as a release gate against the reference.
A5-POS-07,A5_positivity_preserving,16,16,AB_LIE_STRANG_SIMILAR_PROPAGATOR_CLASS,LIE_AB,STRANG_ABA,STRANG_ABA^n P_A == P_A LIE_AB^n,3.4687267650625847e-15,1.5420286687034191e-15,1e-12,PASS_CONJUGACY_NUMERIC_WITNESS,Spectral-abscissa error cannot rank Lie vs Strang inside this class; use e_lambda only as a release gate against the reference.
A5-POS-07,A5_positivity_preserving,16,16,BA_LIE_STRANG_SIMILAR_PROPAGATOR_CLASS,LIE_BA,STRANG_BAB,STRANG_BAB^n P_B == P_B LIE_BA^n,3.0540526255082602e-15,1.6653345369377348e-15,1e-12,PASS_CONJUGACY_NUMERIC_WITNESS,Spectral-abscissa error cannot rank Lie vs Strang inside this class; use e_lambda only as a release gate against the reference.
A5-POS-07,A5_positivity_preserving,16,32,AB_LIE_STRANG_SIMILAR_PROPAGATOR_CLASS,LIE_AB,STRANG_ABA,STRANG_ABA^n P_A == P_A LIE_AB^n,6.241540250127186e-15,2.9976021664879227e-15,1e-12,PASS_CONJUGACY_NUMERIC_WITNESS,Spectral-abscissa error cannot rank Lie vs Strang inside this class; use e_lambda only as a release gate against the reference.
A5-POS-07,A5_positivity_preserving,16,32,BA_LIE_STRANG_SIMILAR_PROPAGATOR_CLASS,LIE_BA,STRANG_BAB,STRANG_BAB^n P_B == P_B LIE_BA^n,8.6552708096413e-15,3.635980405647388e-15,1e-12,PASS_CONJUGACY_NUMERIC_WITNESS,Spectral-abscissa error cannot rank Lie vs Strang inside this class; use e_lambda only as a release gate against the reference.
A5-POS-07,A5_positivity_preserving,16,64,AB_LIE_STRANG_SIMILAR_PROPAGATOR_CLASS,LIE_AB,STRANG_ABA,STRANG_ABA^n P_A == P_A LIE_AB^n,8.44878642154045e-15,5.35682609381638e-15,1e-12,PASS_CONJUGACY_NUMERIC_WITNESS,Spectral-abscissa error cannot rank Lie vs Strang inside this class; use e_lambda only as a release gate against the reference.
A5-POS-07,A5_positivity_preserving,16,64,BA_LIE_STRANG_SIMILAR_PROPAGATOR_CLASS,LIE_BA,STRANG_BAB,STRANG_BAB^n P_B == P_B LIE_BA^n,1.0670056681666646e-14,3.608224830031759e-15,1e-12,PASS_CONJUGACY_NUMERIC_WITNESS,Spectral-abscissa error cannot rank Lie vs Strang inside this class; use e_lambda only as a release gate against the reference.
A5-POS-07,A5_positivity_preserving,16,128,AB_LIE_STRANG_SIMILAR_PROPAGATOR_CLASS,LIE_AB,STRANG_ABA,STRANG_ABA^n P_A == P_A LIE_AB^n,3.3103229986393933e-14,1.6209256159527285e-14,1e-12,PASS_CONJUGACY_NUMERIC_WITNESS,Spectral-abscissa error cannot rank Lie vs Strang inside this class; use e_lambda only as a release gate against the reference.
A5-POS-07,A5_positivity_preserving,16,128,BA_LIE_STRANG_SIMILAR_PROPAGATOR_CLASS,LIE_BA,STRANG_BAB,STRANG_BAB^n P_B == P_B LIE_BA^n,1.8217157633124258e-14,5.495603971894525e-15,1e-12,PASS_CONJUGACY_NUMERIC_WITNESS,Spectral-abscissa error cannot rank Lie vs Strang inside this class; use e_lambda only as a release gate against the reference.
A5-POS-07,A5_positivity_preserving,16,256,AB_LIE_STRANG_SIMILAR_PROPAGATOR_CLASS,LIE_AB,STRANG_ABA,STRANG_ABA^n P_A == P_A LIE_AB^n,4.3000853250253366e-14,1.2730754909729457e-14,1e-12,PASS_CONJUGACY_NUMERIC_WITNESS,Spectral-abscissa error cannot rank Lie vs Strang inside this class; use e_lambda only as a release gate against the reference.
A5-POS-07,A5_positivity_preserving,16,256,BA_LIE_STRANG_SIMILAR_PROPAGATOR_CLASS,LIE_BA,STRANG_BAB,STRANG_BAB^n P_B == P_B LIE_BA^n,4.1171482382777394e-14,1.379452108096757e-14,1e-12,PASS_CONJUGACY_NUMERIC_WITNESS,Spectral-abscissa error cannot rank Lie vs Strang inside this class; use e_lambda only as a release gate against the reference.
A5-POS-07,A5_positivity_preserving,16,512,AB_LIE_STRANG_SIMILAR_PROPAGATOR_CLASS,LIE_AB,STRANG_ABA,STRANG_ABA^n P_A == P_A LIE_AB^n,9.315118680357328e-14,4.113376306236205e-14,1e-12,PASS_CONJUGACY_NUMERIC_WITNESS,Spectral-abscissa error cannot rank Lie vs Strang inside this class; use e_lambda only as a release gate against the reference.
A5-POS-07,A5_positivity_preserving,16,512,BA_LIE_STRANG_SIMILAR_PROPAGATOR_CLASS,LIE_BA,STRANG_BAB,STRANG_BAB^n P_B == P_B LIE_BA^n,9.8651226531353e-14,4.807265696626928e-14,1e-12,PASS_CONJUGACY_NUMERIC_WITNESS,Spectral-abscissa error cannot rank Lie vs Strang inside this class; use e_lambda only as a release gate against the reference.
A5-POS-08,A5_positivity_preserving,16,4,AB_LIE_STRANG_SIMILAR_PROPAGATOR_CLASS,LIE_AB,STRANG_ABA,STRANG_ABA^n P_A == P_A LIE_AB^n,6.662808965352787e-16,6.489349885793041e-16,1e-12,PASS_CONJUGACY_NUMERIC_WITNESS,Spectral-abscissa error cannot rank Lie vs Strang inside this class; use e_lambda only as a release gate against the reference.
A5-POS-08,A5_positivity_preserving,16,4,BA_LIE_STRANG_SIMILAR_PROPAGATOR_CLASS,LIE_BA,STRANG_BAB,STRANG_BAB^n P_B == P_B LIE_BA^n,1.0378138761260795e-15,7.771561172376096e-16,1e-12,PASS_CONJUGACY_NUMERIC_WITNESS,Spectral-abscissa error cannot rank Lie vs Strang inside this class; use e_lambda only as a release gate against the reference.
A5-POS-08,A5_positivity_preserving,16,8,AB_LIE_STRANG_SIMILAR_PROPAGATOR_CLASS,LIE_AB,STRANG_ABA,STRANG_ABA^n P_A == P_A LIE_AB^n,1.219740033529341e-15,9.992007221626409e-16,1e-12,PASS_CONJUGACY_NUMERIC_WITNESS,Spectral-abscissa error cannot rank Lie vs Strang inside this class; use e_lambda only as a release gate against the reference.
A5-POS-08,A5_positivity_preserving,16,8,BA_LIE_STRANG_SIMILAR_PROPAGATOR_CLASS,LIE_BA,STRANG_BAB,STRANG_BAB^n P_B == P_B LIE_BA^n,1.3635665974842344e-15,9.992007221626409e-16,1e-12,PASS_CONJUGACY_NUMERIC_WITNESS,Spectral-abscissa error cannot rank Lie vs Strang inside this class; use e_lambda only as a release gate against the reference.
A5-POS-08,A5_positivity_preserving,16,16,AB_LIE_STRANG_SIMILAR_PROPAGATOR_CLASS,LIE_AB,STRANG_ABA,STRANG_ABA^n P_A == P_A LIE_AB^n,2.2537003651999027e-15,8.049116928532385e-16,1e-12,PASS_CONJUGACY_NUMERIC_WITNESS,Spectral-abscissa error cannot rank Lie vs Strang inside this class; use e_lambda only as a release gate against the reference.
A5-POS-08,A5_positivity_preserving,16,16,BA_LIE_STRANG_SIMILAR_PROPAGATOR_CLASS,LIE_BA,STRANG_BAB,STRANG_BAB^n P_B == P_B LIE_BA^n,2.37061651489612e-15,1.9984014443252818e-15,1e-12,PASS_CONJUGACY_NUMERIC_WITNESS,Spectral-abscissa error cannot rank Lie vs Strang inside this class; use e_lambda only as a release gate against the reference.
A5-POS-08,A5_positivity_preserving,16,32,AB_LIE_STRANG_SIMILAR_PROPAGATOR_CLASS,LIE_AB,STRANG_ABA,STRANG_ABA^n P_A == P_A LIE_AB^n,3.798170593739075e-15,1.4155343563970746e-15,1e-12,PASS_CONJUGACY_NUMERIC_WITNESS,Spectral-abscissa error cannot rank Lie vs Strang inside this class; use e_lambda only as a release gate against the reference.
A5-POS-08,A5_positivity_preserving,16,32,BA_LIE_STRANG_SIMILAR_PROPAGATOR_CLASS,LIE_BA,STRANG_BAB,STRANG_BAB^n P_B == P_B LIE_BA^n,3.6654903977989466e-15,1.3600232051658168e-15,1e-12,PASS_CONJUGACY_NUMERIC_WITNESS,Spectral-abscissa error cannot rank Lie vs Strang inside this class; use e_lambda only as a release gate against the reference.
A5-POS-08,A5_positivity_preserving,16,64,AB_LIE_STRANG_SIMILAR_PROPAGATOR_CLASS,LIE_AB,STRANG_ABA,STRANG_ABA^n P_A == P_A LIE_AB^n,1.0304780863750855e-14,6.13398221105399e-15,1e-12,PASS_CONJUGACY_NUMERIC_WITNESS,Spectral-abscissa error cannot rank Lie vs Strang inside this class; use e_lambda only as a release gate against the reference.
A5-POS-08,A5_positivity_preserving,16,64,BA_LIE_STRANG_SIMILAR_PROPAGATOR_CLASS,LIE_BA,STRANG_BAB,STRANG_BAB^n P_B == P_B LIE_BA^n,1.0401829578525761e-14,1.1213252548714081e-14,1e-12,PASS_CONJUGACY_NUMERIC_WITNESS,Spectral-abscissa error cannot rank Lie vs Strang inside this class; use e_lambda only as a release gate against the reference.
A5-POS-08,A5_positivity_preserving,16,128,AB_LIE_STRANG_SIMILAR_PROPAGATOR_CLASS,LIE_AB,STRANG_ABA,STRANG_ABA^n P_A == P_A LIE_AB^n,1.443157772092881e-14,6.328271240363392e-15,1e-12,PASS_CONJUGACY_NUMERIC_WITNESS,Spectral-abscissa error cannot rank Lie vs Strang inside this class; use e_lambda only as a release gate against the reference.
A5-POS-08,A5_positivity_preserving,16,128,BA_LIE_STRANG_SIMILAR_PROPAGATOR_CLASS,LIE_BA,STRANG_BAB,STRANG_BAB^n P_B == P_B LIE_BA^n,1.923703813425779e-14,6.071333474875331e-15,1e-12,PASS_CONJUGACY_NUMERIC_WITNESS,Spectral-abscissa error cannot rank Lie vs Strang inside this class; use e_lambda only as a release gate against the reference.
A5-POS-08,A5_positivity_preserving,16,256,AB_LIE_STRANG_SIMILAR_PROPAGATOR_CLASS,LIE_AB,STRANG_ABA,STRANG_ABA^n P_A == P_A LIE_AB^n,2.7724006153998263e-14,1.099120794378905e-14,1e-12,PASS_CONJUGACY_NUMERIC_WITNESS,Spectral-abscissa error cannot rank Lie vs Strang inside this class; use e_lambda only as a release gate against the reference.
A5-POS-08,A5_positivity_preserving,16,256,BA_LIE_STRANG_SIMILAR_PROPAGATOR_CLASS,LIE_BA,STRANG_BAB,STRANG_BAB^n P_B == P_B LIE_BA^n,3.979863966561167e-14,2.6978419498391304e-14,1e-12,PASS_CONJUGACY_NUMERIC_WITNESS,Spectral-abscissa error cannot rank Lie vs Strang inside this class; use e_lambda only as a release gate against the reference.
A5-POS-08,A5_positivity_preserving,16,512,AB_LIE_STRANG_SIMILAR_PROPAGATOR_CLASS,LIE_AB,STRANG_ABA,STRANG_ABA^n P_A == P_A LIE_AB^n,8.953378069922823e-14,3.714060002383677e-14,1e-12,PASS_CONJUGACY_NUMERIC_WITNESS,Spectral-abscissa error cannot rank Lie vs Strang inside this class; use e_lambda only as a release gate against the reference.
A5-POS-08,A5_positivity_preserving,16,512,BA_LIE_STRANG_SIMILAR_PROPAGATOR_CLASS,LIE_BA,STRANG_BAB,STRANG_BAB^n P_B == P_B LIE_BA^n,7.144717920003709e-14,2.759728338991335e-14,1e-12,PASS_CONJUGACY_NUMERIC_WITNESS,Spectral-abscissa error cannot rank Lie vs Strang inside this class; use e_lambda only as a release gate against the reference.
A6-CRIT-01,A6_near_critical,2,4,AB_LIE_STRANG_SIMILAR_PROPAGATOR_CLASS,LIE_AB,STRANG_ABA,STRANG_ABA^n P_A == P_A LIE_AB^n,4.714074321672696e-16,4.440892098500626e-16,1e-12,PASS_CONJUGACY_NUMERIC_WITNESS,Spectral-abscissa error cannot rank Lie vs Strang inside this class; use e_lambda only as a release gate against the reference.
A6-CRIT-01,A6_near_critical,2,4,BA_LIE_STRANG_SIMILAR_PROPAGATOR_CLASS,LIE_BA,STRANG_BAB,STRANG_BAB^n P_B == P_B LIE_BA^n,1.1731883176003467e-17,1.1102230246251565e-16,1e-12,PASS_CONJUGACY_NUMERIC_WITNESS,Spectral-abscissa error cannot rank Lie vs Strang inside this class; use e_lambda only as a release gate against the reference.
A6-CRIT-01,A6_near_critical,2,8,AB_LIE_STRANG_SIMILAR_PROPAGATOR_CLASS,LIE_AB,STRANG_ABA,STRANG_ABA^n P_A == P_A LIE_AB^n,3.3921266200271156e-16,2.220446049250313e-16,1e-12,PASS_CONJUGACY_NUMERIC_WITNESS,Spectral-abscissa error cannot rank Lie vs Strang inside this class; use e_lambda only as a release gate against the reference.
A6-CRIT-01,A6_near_critical,2,8,BA_LIE_STRANG_SIMILAR_PROPAGATOR_CLASS,LIE_BA,STRANG_BAB,STRANG_BAB^n P_B == P_B LIE_BA^n,8.614133626907919e-16,3.3306690738754696e-16,1e-12,PASS_CONJUGACY_NUMERIC_WITNESS,Spectral-abscissa error cannot rank Lie vs Strang inside this class; use e_lambda only as a release gate against the reference.
A6-CRIT-01,A6_near_critical,2,16,AB_LIE_STRANG_SIMILAR_PROPAGATOR_CLASS,LIE_AB,STRANG_ABA,STRANG_ABA^n P_A == P_A LIE_AB^n,8.623589686921629e-16,7.771561172376096e-16,1e-12,PASS_CONJUGACY_NUMERIC_WITNESS,Spectral-abscissa error cannot rank Lie vs Strang inside this class; use e_lambda only as a release gate against the reference.
A6-CRIT-01,A6_near_critical,2,16,BA_LIE_STRANG_SIMILAR_PROPAGATOR_CLASS,LIE_BA,STRANG_BAB,STRANG_BAB^n P_B == P_B LIE_BA^n,9.321194099104457e-16,3.3306690738754696e-16,1e-12,PASS_CONJUGACY_NUMERIC_WITNESS,Spectral-abscissa error cannot rank Lie vs Strang inside this class; use e_lambda only as a release gate against the reference.
A6-CRIT-01,A6_near_critical,2,32,AB_LIE_STRANG_SIMILAR_PROPAGATOR_CLASS,LIE_AB,STRANG_ABA,STRANG_ABA^n P_A == P_A LIE_AB^n,1.3969976285766065e-15,4.440892098500626e-16,1e-12,PASS_CONJUGACY_NUMERIC_WITNESS,Spectral-abscissa error cannot rank Lie vs Strang inside this class; use e_lambda only as a release gate against the reference.
A6-CRIT-01,A6_near_critical,2,32,BA_LIE_STRANG_SIMILAR_PROPAGATOR_CLASS,LIE_BA,STRANG_BAB,STRANG_BAB^n P_B == P_B LIE_BA^n,3.7559921578816546e-15,2.9976021664879227e-15,1e-12,PASS_CONJUGACY_NUMERIC_WITNESS,Spectral-abscissa error cannot rank Lie vs Strang inside this class; use e_lambda only as a release gate against the reference.
A6-CRIT-01,A6_near_critical,2,64,AB_LIE_STRANG_SIMILAR_PROPAGATOR_CLASS,LIE_AB,STRANG_ABA,STRANG_ABA^n P_A == P_A LIE_AB^n,1.2102514667506468e-14,1.0658141036401503e-14,1e-12,PASS_CONJUGACY_NUMERIC_WITNESS,Spectral-abscissa error cannot rank Lie vs Strang inside this class; use e_lambda only as a release gate against the reference.
A6-CRIT-01,A6_near_critical,2,64,BA_LIE_STRANG_SIMILAR_PROPAGATOR_CLASS,LIE_BA,STRANG_BAB,STRANG_BAB^n P_B == P_B LIE_BA^n,4.358730321838469e-15,2.220446049250313e-15,1e-12,PASS_CONJUGACY_NUMERIC_WITNESS,Spectral-abscissa error cannot rank Lie vs Strang inside this class; use e_lambda only as a release gate against the reference.
A6-CRIT-01,A6_near_critical,2,128,AB_LIE_STRANG_SIMILAR_PROPAGATOR_CLASS,LIE_AB,STRANG_ABA,STRANG_ABA^n P_A == P_A LIE_AB^n,7.388637376288203e-15,6.5503158452884236e-15,1e-12,PASS_CONJUGACY_NUMERIC_WITNESS,Spectral-abscissa error cannot rank Lie vs Strang inside this class; use e_lambda only as a release gate against the reference.
A6-CRIT-01,A6_near_critical,2,128,BA_LIE_STRANG_SIMILAR_PROPAGATOR_CLASS,LIE_BA,STRANG_BAB,STRANG_BAB^n P_B == P_B LIE_BA^n,3.50076841853113e-15,3.219646771412954e-15,1e-12,PASS_CONJUGACY_NUMERIC_WITNESS,Spectral-abscissa error cannot rank Lie vs Strang inside this class; use e_lambda only as a release gate against the reference.
A6-CRIT-01,A6_near_critical,2,256,AB_LIE_STRANG_SIMILAR_PROPAGATOR_CLASS,LIE_AB,STRANG_ABA,STRANG_ABA^n P_A == P_A LIE_AB^n,2.3232647189162098e-14,2.1094237467877974e-14,1e-12,PASS_CONJUGACY_NUMERIC_WITNESS,Spectral-abscissa error cannot rank Lie vs Strang inside this class; use e_lambda only as a release gate against the reference.
A6-CRIT-01,A6_near_critical,2,256,BA_LIE_STRANG_SIMILAR_PROPAGATOR_CLASS,LIE_BA,STRANG_BAB,STRANG_BAB^n P_B == P_B LIE_BA^n,1.8490291390404356e-14,1.1435297153639112e-14,1e-12,PASS_CONJUGACY_NUMERIC_WITNESS,Spectral-abscissa error cannot rank Lie vs Strang inside this class; use e_lambda only as a release gate against the reference.
A6-CRIT-01,A6_near_critical,2,512,AB_LIE_STRANG_SIMILAR_PROPAGATOR_CLASS,LIE_AB,STRANG_ABA,STRANG_ABA^n P_A == P_A LIE_AB^n,2.5758887114749866e-14,1.554312234475219e-14,1e-12,PASS_CONJUGACY_NUMERIC_WITNESS,Spectral-abscissa error cannot rank Lie vs Strang inside this class; use e_lambda only as a release gate against the reference.
A6-CRIT-01,A6_near_critical,2,512,BA_LIE_STRANG_SIMILAR_PROPAGATOR_CLASS,LIE_BA,STRANG_BAB,STRANG_BAB^n P_B == P_B LIE_BA^n,8.084866730203565e-14,6.705747068735946e-14,1e-12,PASS_CONJUGACY_NUMERIC_WITNESS,Spectral-abscissa error cannot rank Lie vs Strang inside this class; use e_lambda only as a release gate against the reference.
A6-CRIT-02,A6_near_critical,4,4,AB_LIE_STRANG_SIMILAR_PROPAGATOR_CLASS,LIE_AB,STRANG_ABA,STRANG_ABA^n P_A == P_A LIE_AB^n,2.7588902539376343e-16,8.881784197001252e-16,1e-12,PASS_CONJUGACY_NUMERIC_WITNESS,Spectral-abscissa error cannot rank Lie vs Strang inside this class; use e_lambda only as a release gate against the reference.
A6-CRIT-02,A6_near_critical,4,4,BA_LIE_STRANG_SIMILAR_PROPAGATOR_CLASS,LIE_BA,STRANG_BAB,STRANG_BAB^n P_B == P_B LIE_BA^n,3.270853147203438e-16,8.881784197001252e-16,1e-12,PASS_CONJUGACY_NUMERIC_WITNESS,Spectral-abscissa error cannot rank Lie vs Strang inside this class; use e_lambda only as a release gate against the reference.
A6-CRIT-02,A6_near_critical,4,8,AB_LIE_STRANG_SIMILAR_PROPAGATOR_CLASS,LIE_AB,STRANG_ABA,STRANG_ABA^n P_A == P_A LIE_AB^n,1.0717017020335151e-15,4.440892098500626e-16,1e-12,PASS_CONJUGACY_NUMERIC_WITNESS,Spectral-abscissa error cannot rank Lie vs Strang inside this class; use e_lambda only as a release gate against the reference.
A6-CRIT-02,A6_near_critical,4,8,BA_LIE_STRANG_SIMILAR_PROPAGATOR_CLASS,LIE_BA,STRANG_BAB,STRANG_BAB^n P_B == P_B LIE_BA^n,7.340885378890714e-16,6.661338147750939e-16,1e-12,PASS_CONJUGACY_NUMERIC_WITNESS,Spectral-abscissa error cannot rank Lie vs Strang inside this class; use e_lambda only as a release gate against the reference.
A6-CRIT-02,A6_near_critical,4,16,AB_LIE_STRANG_SIMILAR_PROPAGATOR_CLASS,LIE_AB,STRANG_ABA,STRANG_ABA^n P_A == P_A LIE_AB^n,2.2464162382278723e-15,1.3322676295501878e-15,1e-12,PASS_CONJUGACY_NUMERIC_WITNESS,Spectral-abscissa error cannot rank Lie vs Strang inside this class; use e_lambda only as a release gate against the reference.
A6-CRIT-02,A6_near_critical,4,16,BA_LIE_STRANG_SIMILAR_PROPAGATOR_CLASS,LIE_BA,STRANG_BAB,STRANG_BAB^n P_B == P_B LIE_BA^n,2.0709969908520203e-15,1.887379141862766e-15,1e-12,PASS_CONJUGACY_NUMERIC_WITNESS,Spectral-abscissa error cannot rank Lie vs Strang inside this class; use e_lambda only as a release gate against the reference.
A6-CRIT-02,A6_near_critical,4,32,AB_LIE_STRANG_SIMILAR_PROPAGATOR_CLASS,LIE_AB,STRANG_ABA,STRANG_ABA^n P_A == P_A LIE_AB^n,5.794902298322773e-15,4.551914400963142e-15,1e-12,PASS_CONJUGACY_NUMERIC_WITNESS,Spectral-abscissa error cannot rank Lie vs Strang inside this class; use e_lambda only as a release gate against the reference.
A6-CRIT-02,A6_near_critical,4,32,BA_LIE_STRANG_SIMILAR_PROPAGATOR_CLASS,LIE_BA,STRANG_BAB,STRANG_BAB^n P_B == P_B LIE_BA^n,3.4796406555768255e-15,2.4424906541753444e-15,1e-12,PASS_CONJUGACY_NUMERIC_WITNESS,Spectral-abscissa error cannot rank Lie vs Strang inside this class; use e_lambda only as a release gate against the reference.
A6-CRIT-02,A6_near_critical,4,64,AB_LIE_STRANG_SIMILAR_PROPAGATOR_CLASS,LIE_AB,STRANG_ABA,STRANG_ABA^n P_A == P_A LIE_AB^n,4.9153222203519755e-15,4.107825191113079e-15,1e-12,PASS_CONJUGACY_NUMERIC_WITNESS,Spectral-abscissa error cannot rank Lie vs Strang inside this class; use e_lambda only as a release gate against the reference.
A6-CRIT-02,A6_near_critical,4,64,BA_LIE_STRANG_SIMILAR_PROPAGATOR_CLASS,LIE_BA,STRANG_BAB,STRANG_BAB^n P_B == P_B LIE_BA^n,3.887520649124701e-15,2.55351295663786e-15,1e-12,PASS_CONJUGACY_NUMERIC_WITNESS,Spectral-abscissa error cannot rank Lie vs Strang inside this class; use e_lambda only as a release gate against the reference.
A6-CRIT-02,A6_near_critical,4,128,AB_LIE_STRANG_SIMILAR_PROPAGATOR_CLASS,LIE_AB,STRANG_ABA,STRANG_ABA^n P_A == P_A LIE_AB^n,1.5613330128653813e-14,4.107825191113079e-15,1e-12,PASS_CONJUGACY_NUMERIC_WITNESS,Spectral-abscissa error cannot rank Lie vs Strang inside this class; use e_lambda only as a release gate against the reference.
A6-CRIT-02,A6_near_critical,4,128,BA_LIE_STRANG_SIMILAR_PROPAGATOR_CLASS,LIE_BA,STRANG_BAB,STRANG_BAB^n P_B == P_B LIE_BA^n,2.1429699702503687e-14,1.2101430968414206e-14,1e-12,PASS_CONJUGACY_NUMERIC_WITNESS,Spectral-abscissa error cannot rank Lie vs Strang inside this class; use e_lambda only as a release gate against the reference.
A6-CRIT-02,A6_near_critical,4,256,AB_LIE_STRANG_SIMILAR_PROPAGATOR_CLASS,LIE_AB,STRANG_ABA,STRANG_ABA^n P_A == P_A LIE_AB^n,1.6550151519027723e-14,1.687538997430238e-14,1e-12,PASS_CONJUGACY_NUMERIC_WITNESS,Spectral-abscissa error cannot rank Lie vs Strang inside this class; use e_lambda only as a release gate against the reference.
A6-CRIT-02,A6_near_critical,4,256,BA_LIE_STRANG_SIMILAR_PROPAGATOR_CLASS,LIE_BA,STRANG_BAB,STRANG_BAB^n P_B == P_B LIE_BA^n,2.234437031532087e-14,2.1094237467877974e-14,1e-12,PASS_CONJUGACY_NUMERIC_WITNESS,Spectral-abscissa error cannot rank Lie vs Strang inside this class; use e_lambda only as a release gate against the reference.
A6-CRIT-02,A6_near_critical,4,512,AB_LIE_STRANG_SIMILAR_PROPAGATOR_CLASS,LIE_AB,STRANG_ABA,STRANG_ABA^n P_A == P_A LIE_AB^n,5.323995518437245e-14,4.7628567756419216e-14,1e-12,PASS_CONJUGACY_NUMERIC_WITNESS,Spectral-abscissa error cannot rank Lie vs Strang inside this class; use e_lambda only as a release gate against the reference.
A6-CRIT-02,A6_near_critical,4,512,BA_LIE_STRANG_SIMILAR_PROPAGATOR_CLASS,LIE_BA,STRANG_BAB,STRANG_BAB^n P_B == P_B LIE_BA^n,7.8774744801605e-14,3.4861002973229915e-14,1e-12,PASS_CONJUGACY_NUMERIC_WITNESS,Spectral-abscissa error cannot rank Lie vs Strang inside this class; use e_lambda only as a release gate against the reference.
A6-CRIT-03,A6_near_critical,4,4,AB_LIE_STRANG_SIMILAR_PROPAGATOR_CLASS,LIE_AB,STRANG_ABA,STRANG_ABA^n P_A == P_A LIE_AB^n,4.93122479297957e-16,5.551115123125783e-16,1e-12,PASS_CONJUGACY_NUMERIC_WITNESS,Spectral-abscissa error cannot rank Lie vs Strang inside this class; use e_lambda only as a release gate against the reference.
A6-CRIT-03,A6_near_critical,4,4,BA_LIE_STRANG_SIMILAR_PROPAGATOR_CLASS,LIE_BA,STRANG_BAB,STRANG_BAB^n P_B == P_B LIE_BA^n,5.785841347133406e-16,7.771561172376096e-16,1e-12,PASS_CONJUGACY_NUMERIC_WITNESS,Spectral-abscissa error cannot rank Lie vs Strang inside this class; use e_lambda only as a release gate against the reference.
A6-CRIT-03,A6_near_critical,4,8,AB_LIE_STRANG_SIMILAR_PROPAGATOR_CLASS,LIE_AB,STRANG_ABA,STRANG_ABA^n P_A == P_A LIE_AB^n,1.3488368126345042e-15,1.2212453270876722e-15,1e-12,PASS_CONJUGACY_NUMERIC_WITNESS,Spectral-abscissa error cannot rank Lie vs Strang inside this class; use e_lambda only as a release gate against the reference.
A6-CRIT-03,A6_near_critical,4,8,BA_LIE_STRANG_SIMILAR_PROPAGATOR_CLASS,LIE_BA,STRANG_BAB,STRANG_BAB^n P_B == P_B LIE_BA^n,1.5203330134276376e-15,1.1102230246251565e-15,1e-12,PASS_CONJUGACY_NUMERIC_WITNESS,Spectral-abscissa error cannot rank Lie vs Strang inside this class; use e_lambda only as a release gate against the reference.
A6-CRIT-03,A6_near_critical,4,16,AB_LIE_STRANG_SIMILAR_PROPAGATOR_CLASS,LIE_AB,STRANG_ABA,STRANG_ABA^n P_A == P_A LIE_AB^n,1.6761789731655303e-15,9.992007221626409e-16,1e-12,PASS_CONJUGACY_NUMERIC_WITNESS,Spectral-abscissa error cannot rank Lie vs Strang inside this class; use e_lambda only as a release gate against the reference.
A6-CRIT-03,A6_near_critical,4,16,BA_LIE_STRANG_SIMILAR_PROPAGATOR_CLASS,LIE_BA,STRANG_BAB,STRANG_BAB^n P_B == P_B LIE_BA^n,3.0424042487302995e-15,1.1102230246251565e-15,1e-12,PASS_CONJUGACY_NUMERIC_WITNESS,Spectral-abscissa error cannot rank Lie vs Strang inside this class; use e_lambda only as a release gate against the reference.
A6-CRIT-03,A6_near_critical,4,32,AB_LIE_STRANG_SIMILAR_PROPAGATOR_CLASS,LIE_AB,STRANG_ABA,STRANG_ABA^n P_A == P_A LIE_AB^n,3.396938986486489e-15,4.773959005888173e-15,1e-12,PASS_CONJUGACY_NUMERIC_WITNESS,Spectral-abscissa error cannot rank Lie vs Strang inside this class; use e_lambda only as a release gate against the reference.
A6-CRIT-03,A6_near_critical,4,32,BA_LIE_STRANG_SIMILAR_PROPAGATOR_CLASS,LIE_BA,STRANG_BAB,STRANG_BAB^n P_B == P_B LIE_BA^n,4.541814600659681e-15,4.440892098500626e-15,1e-12,PASS_CONJUGACY_NUMERIC_WITNESS,Spectral-abscissa error cannot rank Lie vs Strang inside this class; use e_lambda only as a release gate against the reference.
A6-CRIT-03,A6_near_critical,4,64,AB_LIE_STRANG_SIMILAR_PROPAGATOR_CLASS,LIE_AB,STRANG_ABA,STRANG_ABA^n P_A == P_A LIE_AB^n,5.9857188935665395e-15,3.9968028886505635e-15,1e-12,PASS_CONJUGACY_NUMERIC_WITNESS,Spectral-abscissa error cannot rank Lie vs Strang inside this class; use e_lambda only as a release gate against the reference.
A6-CRIT-03,A6_near_critical,4,64,BA_LIE_STRANG_SIMILAR_PROPAGATOR_CLASS,LIE_BA,STRANG_BAB,STRANG_BAB^n P_B == P_B LIE_BA^n,6.39738301394608e-15,3.9968028886505635e-15,1e-12,PASS_CONJUGACY_NUMERIC_WITNESS,Spectral-abscissa error cannot rank Lie vs Strang inside this class; use e_lambda only as a release gate against the reference.
A6-CRIT-03,A6_near_critical,4,128,AB_LIE_STRANG_SIMILAR_PROPAGATOR_CLASS,LIE_AB,STRANG_ABA,STRANG_ABA^n P_A == P_A LIE_AB^n,1.6739232115734805e-14,9.769962616701378e-15,1e-12,PASS_CONJUGACY_NUMERIC_WITNESS,Spectral-abscissa error cannot rank Lie vs Strang inside this class; use e_lambda only as a release gate against the reference.
A6-CRIT-03,A6_near_critical,4,128,BA_LIE_STRANG_SIMILAR_PROPAGATOR_CLASS,LIE_BA,STRANG_BAB,STRANG_BAB^n P_B == P_B LIE_BA^n,1.3462673804001588e-14,1.454392162258955e-14,1e-12,PASS_CONJUGACY_NUMERIC_WITNESS,Spectral-abscissa error cannot rank Lie vs Strang inside this class; use e_lambda only as a release gate against the reference.
A6-CRIT-03,A6_near_critical,4,256,AB_LIE_STRANG_SIMILAR_PROPAGATOR_CLASS,LIE_AB,STRANG_ABA,STRANG_ABA^n P_A == P_A LIE_AB^n,6.75421074674437e-14,5.129230373768223e-14,1e-12,PASS_CONJUGACY_NUMERIC_WITNESS,Spectral-abscissa error cannot rank Lie vs Strang inside this class; use e_lambda only as a release gate against the reference.
A6-CRIT-03,A6_near_critical,4,256,BA_LIE_STRANG_SIMILAR_PROPAGATOR_CLASS,LIE_BA,STRANG_BAB,STRANG_BAB^n P_B == P_B LIE_BA^n,9.802072797142745e-15,7.771561172376096e-15,1e-12,PASS_CONJUGACY_NUMERIC_WITNESS,Spectral-abscissa error cannot rank Lie vs Strang inside this class; use e_lambda only as a release gate against the reference.
A6-CRIT-03,A6_near_critical,4,512,AB_LIE_STRANG_SIMILAR_PROPAGATOR_CLASS,LIE_AB,STRANG_ABA,STRANG_ABA^n P_A == P_A LIE_AB^n,4.2025865072734015e-14,3.6637359812630166e-14,1e-12,PASS_CONJUGACY_NUMERIC_WITNESS,Spectral-abscissa error cannot rank Lie vs Strang inside this class; use e_lambda only as a release gate against the reference.
A6-CRIT-03,A6_near_critical,4,512,BA_LIE_STRANG_SIMILAR_PROPAGATOR_CLASS,LIE_BA,STRANG_BAB,STRANG_BAB^n P_B == P_B LIE_BA^n,4.797570650047711e-14,3.019806626980426e-14,1e-12,PASS_CONJUGACY_NUMERIC_WITNESS,Spectral-abscissa error cannot rank Lie vs Strang inside this class; use e_lambda only as a release gate against the reference.
A6-CRIT-04,A6_near_critical,8,4,AB_LIE_STRANG_SIMILAR_PROPAGATOR_CLASS,LIE_AB,STRANG_ABA,STRANG_ABA^n P_A == P_A LIE_AB^n,5.370805859160975e-16,2.3314683517128287e-15,1e-12,PASS_CONJUGACY_NUMERIC_WITNESS,Spectral-abscissa error cannot rank Lie vs Strang inside this class; use e_lambda only as a release gate against the reference.
A6-CRIT-04,A6_near_critical,8,4,BA_LIE_STRANG_SIMILAR_PROPAGATOR_CLASS,LIE_BA,STRANG_BAB,STRANG_BAB^n P_B == P_B LIE_BA^n,6.756369433287069e-16,1.1102230246251565e-15,1e-12,PASS_CONJUGACY_NUMERIC_WITNESS,Spectral-abscissa error cannot rank Lie vs Strang inside this class; use e_lambda only as a release gate against the reference.
A6-CRIT-04,A6_near_critical,8,8,AB_LIE_STRANG_SIMILAR_PROPAGATOR_CLASS,LIE_AB,STRANG_ABA,STRANG_ABA^n P_A == P_A LIE_AB^n,8.179553357160161e-16,7.771561172376096e-16,1e-12,PASS_CONJUGACY_NUMERIC_WITNESS,Spectral-abscissa error cannot rank Lie vs Strang inside this class; use e_lambda only as a release gate against the reference.
A6-CRIT-04,A6_near_critical,8,8,BA_LIE_STRANG_SIMILAR_PROPAGATOR_CLASS,LIE_BA,STRANG_BAB,STRANG_BAB^n P_B == P_B LIE_BA^n,1.6155966517984554e-15,2.3314683517128287e-15,1e-12,PASS_CONJUGACY_NUMERIC_WITNESS,Spectral-abscissa error cannot rank Lie vs Strang inside this class; use e_lambda only as a release gate against the reference.
A6-CRIT-04,A6_near_critical,8,16,AB_LIE_STRANG_SIMILAR_PROPAGATOR_CLASS,LIE_AB,STRANG_ABA,STRANG_ABA^n P_A == P_A LIE_AB^n,3.52125273591222e-15,3.219646771412954e-15,1e-12,PASS_CONJUGACY_NUMERIC_WITNESS,Spectral-abscissa error cannot rank Lie vs Strang inside this class; use e_lambda only as a release gate against the reference.
A6-CRIT-04,A6_near_critical,8,16,BA_LIE_STRANG_SIMILAR_PROPAGATOR_CLASS,LIE_BA,STRANG_BAB,STRANG_BAB^n P_B == P_B LIE_BA^n,3.859643132989689e-15,2.3314683517128287e-15,1e-12,PASS_CONJUGACY_NUMERIC_WITNESS,Spectral-abscissa error cannot rank Lie vs Strang inside this class; use e_lambda only as a release gate against the reference.
A6-CRIT-04,A6_near_critical,8,32,AB_LIE_STRANG_SIMILAR_PROPAGATOR_CLASS,LIE_AB,STRANG_ABA,STRANG_ABA^n P_A == P_A LIE_AB^n,6.707130166798147e-15,6.439293542825908e-15,1e-12,PASS_CONJUGACY_NUMERIC_WITNESS,Spectral-abscissa error cannot rank Lie vs Strang inside this class; use e_lambda only as a release gate against the reference.
A6-CRIT-04,A6_near_critical,8,32,BA_LIE_STRANG_SIMILAR_PROPAGATOR_CLASS,LIE_BA,STRANG_BAB,STRANG_BAB^n P_B == P_B LIE_BA^n,2.6421779039093074e-15,2.4424906541753444e-15,1e-12,PASS_CONJUGACY_NUMERIC_WITNESS,Spectral-abscissa error cannot rank Lie vs Strang inside this class; use e_lambda only as a release gate against the reference.
A6-CRIT-04,A6_near_critical,8,64,AB_LIE_STRANG_SIMILAR_PROPAGATOR_CLASS,LIE_AB,STRANG_ABA,STRANG_ABA^n P_A == P_A LIE_AB^n,1.4010218873002083e-14,9.880984919163893e-15,1e-12,PASS_CONJUGACY_NUMERIC_WITNESS,Spectral-abscissa error cannot rank Lie vs Strang inside this class; use e_lambda only as a release gate against the reference.
A6-CRIT-04,A6_near_critical,8,64,BA_LIE_STRANG_SIMILAR_PROPAGATOR_CLASS,LIE_BA,STRANG_BAB,STRANG_BAB^n P_B == P_B LIE_BA^n,1.2292742785110816e-14,8.659739592076221e-15,1e-12,PASS_CONJUGACY_NUMERIC_WITNESS,Spectral-abscissa error cannot rank Lie vs Strang inside this class; use e_lambda only as a release gate against the reference.
A6-CRIT-04,A6_near_critical,8,128,AB_LIE_STRANG_SIMILAR_PROPAGATOR_CLASS,LIE_AB,STRANG_ABA,STRANG_ABA^n P_A == P_A LIE_AB^n,1.8888514547093483e-14,1.9872992140790302e-14,1e-12,PASS_CONJUGACY_NUMERIC_WITNESS,Spectral-abscissa error cannot rank Lie vs Strang inside this class; use e_lambda only as a release gate against the reference.
A6-CRIT-04,A6_near_critical,8,128,BA_LIE_STRANG_SIMILAR_PROPAGATOR_CLASS,LIE_BA,STRANG_BAB,STRANG_BAB^n P_B == P_B LIE_BA^n,1.5068970803345532e-14,1.021405182655144e-14,1e-12,PASS_CONJUGACY_NUMERIC_WITNESS,Spectral-abscissa error cannot rank Lie vs Strang inside this class; use e_lambda only as a release gate against the reference.
A6-CRIT-04,A6_near_critical,8,256,AB_LIE_STRANG_SIMILAR_PROPAGATOR_CLASS,LIE_AB,STRANG_ABA,STRANG_ABA^n P_A == P_A LIE_AB^n,5.358870201513712e-14,8.981704269217516e-14,1e-12,PASS_CONJUGACY_NUMERIC_WITNESS,Spectral-abscissa error cannot rank Lie vs Strang inside this class; use e_lambda only as a release gate against the reference.
A6-CRIT-04,A6_near_critical,8,256,BA_LIE_STRANG_SIMILAR_PROPAGATOR_CLASS,LIE_BA,STRANG_BAB,STRANG_BAB^n P_B == P_B LIE_BA^n,5.6587962635082616e-14,4.5852210917018965e-14,1e-12,PASS_CONJUGACY_NUMERIC_WITNESS,Spectral-abscissa error cannot rank Lie vs Strang inside this class; use e_lambda only as a release gate against the reference.
A6-CRIT-04,A6_near_critical,8,512,AB_LIE_STRANG_SIMILAR_PROPAGATOR_CLASS,LIE_AB,STRANG_ABA,STRANG_ABA^n P_A == P_A LIE_AB^n,8.924717549119644e-14,8.826273045769994e-14,1e-12,PASS_CONJUGACY_NUMERIC_WITNESS,Spectral-abscissa error cannot rank Lie vs Strang inside this class; use e_lambda only as a release gate against the reference.
A6-CRIT-04,A6_near_critical,8,512,BA_LIE_STRANG_SIMILAR_PROPAGATOR_CLASS,LIE_BA,STRANG_BAB,STRANG_BAB^n P_B == P_B LIE_BA^n,7.513214092700494e-14,9.470202400052585e-14,1e-12,PASS_CONJUGACY_NUMERIC_WITNESS,Spectral-abscissa error cannot rank Lie vs Strang inside this class; use e_lambda only as a release gate against the reference.
A6-CRIT-05,A6_near_critical,8,4,AB_LIE_STRANG_SIMILAR_PROPAGATOR_CLASS,LIE_AB,STRANG_ABA,STRANG_ABA^n P_A == P_A LIE_AB^n,6.042872371603988e-16,2.4424906541753444e-15,1e-12,PASS_CONJUGACY_NUMERIC_WITNESS,Spectral-abscissa error cannot rank Lie vs Strang inside this class; use e_lambda only as a release gate against the reference.
A6-CRIT-05,A6_near_critical,8,4,BA_LIE_STRANG_SIMILAR_PROPAGATOR_CLASS,LIE_BA,STRANG_BAB,STRANG_BAB^n P_B == P_B LIE_BA^n,9.04931619852187e-16,1.6653345369377348e-15,1e-12,PASS_CONJUGACY_NUMERIC_WITNESS,Spectral-abscissa error cannot rank Lie vs Strang inside this class; use e_lambda only as a release gate against the reference.
A6-CRIT-05,A6_near_critical,8,8,AB_LIE_STRANG_SIMILAR_PROPAGATOR_CLASS,LIE_AB,STRANG_ABA,STRANG_ABA^n P_A == P_A LIE_AB^n,8.46666859488824e-16,1.7763568394002505e-15,1e-12,PASS_CONJUGACY_NUMERIC_WITNESS,Spectral-abscissa error cannot rank Lie vs Strang inside this class; use e_lambda only as a release gate against the reference.
A6-CRIT-05,A6_near_critical,8,8,BA_LIE_STRANG_SIMILAR_PROPAGATOR_CLASS,LIE_BA,STRANG_BAB,STRANG_BAB^n P_B == P_B LIE_BA^n,1.4456849372619476e-15,1.6653345369377348e-15,1e-12,PASS_CONJUGACY_NUMERIC_WITNESS,Spectral-abscissa error cannot rank Lie vs Strang inside this class; use e_lambda only as a release gate against the reference.
A6-CRIT-05,A6_near_critical,8,16,AB_LIE_STRANG_SIMILAR_PROPAGATOR_CLASS,LIE_AB,STRANG_ABA,STRANG_ABA^n P_A == P_A LIE_AB^n,2.1010760443978508e-15,1.7763568394002505e-15,1e-12,PASS_CONJUGACY_NUMERIC_WITNESS,Spectral-abscissa error cannot rank Lie vs Strang inside this class; use e_lambda only as a release gate against the reference.
A6-CRIT-05,A6_near_critical,8,16,BA_LIE_STRANG_SIMILAR_PROPAGATOR_CLASS,LIE_BA,STRANG_BAB,STRANG_BAB^n P_B == P_B LIE_BA^n,1.655502285717066e-15,2.220446049250313e-15,1e-12,PASS_CONJUGACY_NUMERIC_WITNESS,Spectral-abscissa error cannot rank Lie vs Strang inside this class; use e_lambda only as a release gate against the reference.
A6-CRIT-05,A6_near_critical,8,32,AB_LIE_STRANG_SIMILAR_PROPAGATOR_CLASS,LIE_AB,STRANG_ABA,STRANG_ABA^n P_A == P_A LIE_AB^n,4.969499483474214e-15,2.220446049250313e-15,1e-12,PASS_CONJUGACY_NUMERIC_WITNESS,Spectral-abscissa error cannot rank Lie vs Strang inside this class; use e_lambda only as a release gate against the reference.
A6-CRIT-05,A6_near_critical,8,32,BA_LIE_STRANG_SIMILAR_PROPAGATOR_CLASS,LIE_BA,STRANG_BAB,STRANG_BAB^n P_B == P_B LIE_BA^n,4.497214071331833e-15,2.1094237467877974e-15,1e-12,PASS_CONJUGACY_NUMERIC_WITNESS,Spectral-abscissa error cannot rank Lie vs Strang inside this class; use e_lambda only as a release gate against the reference.
A6-CRIT-05,A6_near_critical,8,64,AB_LIE_STRANG_SIMILAR_PROPAGATOR_CLASS,LIE_AB,STRANG_ABA,STRANG_ABA^n P_A == P_A LIE_AB^n,7.201232630452162e-15,6.217248937900877e-15,1e-12,PASS_CONJUGACY_NUMERIC_WITNESS,Spectral-abscissa error cannot rank Lie vs Strang inside this class; use e_lambda only as a release gate against the reference.
A6-CRIT-05,A6_near_critical,8,64,BA_LIE_STRANG_SIMILAR_PROPAGATOR_CLASS,LIE_BA,STRANG_BAB,STRANG_BAB^n P_B == P_B LIE_BA^n,1.2119402411986e-14,8.770761894538737e-15,1e-12,PASS_CONJUGACY_NUMERIC_WITNESS,Spectral-abscissa error cannot rank Lie vs Strang inside this class; use e_lambda only as a release gate against the reference.
A6-CRIT-05,A6_near_critical,8,128,AB_LIE_STRANG_SIMILAR_PROPAGATOR_CLASS,LIE_AB,STRANG_ABA,STRANG_ABA^n P_A == P_A LIE_AB^n,1.8198484002065707e-14,7.438494264988549e-15,1e-12,PASS_CONJUGACY_NUMERIC_WITNESS,Spectral-abscissa error cannot rank Lie vs Strang inside this class; use e_lambda only as a release gate against the reference.
A6-CRIT-05,A6_near_critical,8,128,BA_LIE_STRANG_SIMILAR_PROPAGATOR_CLASS,LIE_BA,STRANG_BAB,STRANG_BAB^n P_B == P_B LIE_BA^n,2.2430254212741265e-14,9.769962616701378e-15,1e-12,PASS_CONJUGACY_NUMERIC_WITNESS,Spectral-abscissa error cannot rank Lie vs Strang inside this class; use e_lambda only as a release gate against the reference.
A6-CRIT-05,A6_near_critical,8,256,AB_LIE_STRANG_SIMILAR_PROPAGATOR_CLASS,LIE_AB,STRANG_ABA,STRANG_ABA^n P_A == P_A LIE_AB^n,3.549692457884672e-14,1.6431300764452317e-14,1e-12,PASS_CONJUGACY_NUMERIC_WITNESS,Spectral-abscissa error cannot rank Lie vs Strang inside this class; use e_lambda only as a release gate against the reference.
A6-CRIT-05,A6_near_critical,8,256,BA_LIE_STRANG_SIMILAR_PROPAGATOR_CLASS,LIE_BA,STRANG_BAB,STRANG_BAB^n P_B == P_B LIE_BA^n,3.0807903221627697e-14,1.5432100042289676e-14,1e-12,PASS_CONJUGACY_NUMERIC_WITNESS,Spectral-abscissa error cannot rank Lie vs Strang inside this class; use e_lambda only as a release gate against the reference.
A6-CRIT-05,A6_near_critical,8,512,AB_LIE_STRANG_SIMILAR_PROPAGATOR_CLASS,LIE_AB,STRANG_ABA,STRANG_ABA^n P_A == P_A LIE_AB^n,9.582853047187359e-14,7.482903185973555e-14,1e-12,PASS_CONJUGACY_NUMERIC_WITNESS,Spectral-abscissa error cannot rank Lie vs Strang inside this class; use e_lambda only as a release gate against the reference.
A6-CRIT-05,A6_near_critical,8,512,BA_LIE_STRANG_SIMILAR_PROPAGATOR_CLASS,LIE_BA,STRANG_BAB,STRANG_BAB^n P_B == P_B LIE_BA^n,2.408455300084767e-14,1.3766765505351941e-14,1e-12,PASS_CONJUGACY_NUMERIC_WITNESS,Spectral-abscissa error cannot rank Lie vs Strang inside this class; use e_lambda only as a release gate against the reference.
A6-CRIT-06,A6_near_critical,16,4,AB_LIE_STRANG_SIMILAR_PROPAGATOR_CLASS,LIE_AB,STRANG_ABA,STRANG_ABA^n P_A == P_A LIE_AB^n,1.128599579557329e-15,3.4416913763379853e-15,1e-12,PASS_CONJUGACY_NUMERIC_WITNESS,Spectral-abscissa error cannot rank Lie vs Strang inside this class; use e_lambda only as a release gate against the reference.
A6-CRIT-06,A6_near_critical,16,4,BA_LIE_STRANG_SIMILAR_PROPAGATOR_CLASS,LIE_BA,STRANG_BAB,STRANG_BAB^n P_B == P_B LIE_BA^n,7.491354980647319e-16,2.220446049250313e-15,1e-12,PASS_CONJUGACY_NUMERIC_WITNESS,Spectral-abscissa error cannot rank Lie vs Strang inside this class; use e_lambda only as a release gate against the reference.
A6-CRIT-06,A6_near_critical,16,8,AB_LIE_STRANG_SIMILAR_PROPAGATOR_CLASS,LIE_AB,STRANG_ABA,STRANG_ABA^n P_A == P_A LIE_AB^n,1.498119807485491e-15,1.4432899320127035e-15,1e-12,PASS_CONJUGACY_NUMERIC_WITNESS,Spectral-abscissa error cannot rank Lie vs Strang inside this class; use e_lambda only as a release gate against the reference.
A6-CRIT-06,A6_near_critical,16,8,BA_LIE_STRANG_SIMILAR_PROPAGATOR_CLASS,LIE_BA,STRANG_BAB,STRANG_BAB^n P_B == P_B LIE_BA^n,1.0493843793189942e-15,2.6645352591003757e-15,1e-12,PASS_CONJUGACY_NUMERIC_WITNESS,Spectral-abscissa error cannot rank Lie vs Strang inside this class; use e_lambda only as a release gate against the reference.
A6-CRIT-06,A6_near_critical,16,16,AB_LIE_STRANG_SIMILAR_PROPAGATOR_CLASS,LIE_AB,STRANG_ABA,STRANG_ABA^n P_A == P_A LIE_AB^n,2.381183253506678e-15,3.6637359812630166e-15,1e-12,PASS_CONJUGACY_NUMERIC_WITNESS,Spectral-abscissa error cannot rank Lie vs Strang inside this class; use e_lambda only as a release gate against the reference.
A6-CRIT-06,A6_near_critical,16,16,BA_LIE_STRANG_SIMILAR_PROPAGATOR_CLASS,LIE_BA,STRANG_BAB,STRANG_BAB^n P_B == P_B LIE_BA^n,2.8732153229235034e-15,4.218847493575595e-15,1e-12,PASS_CONJUGACY_NUMERIC_WITNESS,Spectral-abscissa error cannot rank Lie vs Strang inside this class; use e_lambda only as a release gate against the reference.
A6-CRIT-06,A6_near_critical,16,32,AB_LIE_STRANG_SIMILAR_PROPAGATOR_CLASS,LIE_AB,STRANG_ABA,STRANG_ABA^n P_A == P_A LIE_AB^n,4.69404068297185e-15,3.1086244689504383e-15,1e-12,PASS_CONJUGACY_NUMERIC_WITNESS,Spectral-abscissa error cannot rank Lie vs Strang inside this class; use e_lambda only as a release gate against the reference.
A6-CRIT-06,A6_near_critical,16,32,BA_LIE_STRANG_SIMILAR_PROPAGATOR_CLASS,LIE_BA,STRANG_BAB,STRANG_BAB^n P_B == P_B LIE_BA^n,5.341490431942277e-15,3.219646771412954e-15,1e-12,PASS_CONJUGACY_NUMERIC_WITNESS,Spectral-abscissa error cannot rank Lie vs Strang inside this class; use e_lambda only as a release gate against the reference.
A6-CRIT-06,A6_near_critical,16,64,AB_LIE_STRANG_SIMILAR_PROPAGATOR_CLASS,LIE_AB,STRANG_ABA,STRANG_ABA^n P_A == P_A LIE_AB^n,1.716932267033107e-14,1.199040866595169e-14,1e-12,PASS_CONJUGACY_NUMERIC_WITNESS,Spectral-abscissa error cannot rank Lie vs Strang inside this class; use e_lambda only as a release gate against the reference.
A6-CRIT-06,A6_near_critical,16,64,BA_LIE_STRANG_SIMILAR_PROPAGATOR_CLASS,LIE_BA,STRANG_BAB,STRANG_BAB^n P_B == P_B LIE_BA^n,1.3404995072597686e-14,1.099120794378905e-14,1e-12,PASS_CONJUGACY_NUMERIC_WITNESS,Spectral-abscissa error cannot rank Lie vs Strang inside this class; use e_lambda only as a release gate against the reference.
A6-CRIT-06,A6_near_critical,16,128,AB_LIE_STRANG_SIMILAR_PROPAGATOR_CLASS,LIE_AB,STRANG_ABA,STRANG_ABA^n P_A == P_A LIE_AB^n,2.460532529233884e-14,1.27675647831893e-14,1e-12,PASS_CONJUGACY_NUMERIC_WITNESS,Spectral-abscissa error cannot rank Lie vs Strang inside this class; use e_lambda only as a release gate against the reference.
A6-CRIT-06,A6_near_critical,16,128,BA_LIE_STRANG_SIMILAR_PROPAGATOR_CLASS,LIE_BA,STRANG_BAB,STRANG_BAB^n P_B == P_B LIE_BA^n,3.5368822048695875e-14,2.298161660974074e-14,1e-12,PASS_CONJUGACY_NUMERIC_WITNESS,Spectral-abscissa error cannot rank Lie vs Strang inside this class; use e_lambda only as a release gate against the reference.
A6-CRIT-06,A6_near_critical,16,256,AB_LIE_STRANG_SIMILAR_PROPAGATOR_CLASS,LIE_AB,STRANG_ABA,STRANG_ABA^n P_A == P_A LIE_AB^n,5.109637764678738e-14,2.398081733190338e-14,1e-12,PASS_CONJUGACY_NUMERIC_WITNESS,Spectral-abscissa error cannot rank Lie vs Strang inside this class; use e_lambda only as a release gate against the reference.
A6-CRIT-06,A6_near_critical,16,256,BA_LIE_STRANG_SIMILAR_PROPAGATOR_CLASS,LIE_BA,STRANG_BAB,STRANG_BAB^n P_B == P_B LIE_BA^n,4.905252243855711e-14,2.3869795029440866e-14,1e-12,PASS_CONJUGACY_NUMERIC_WITNESS,Spectral-abscissa error cannot rank Lie vs Strang inside this class; use e_lambda only as a release gate against the reference.
A6-CRIT-06,A6_near_critical,16,512,AB_LIE_STRANG_SIMILAR_PROPAGATOR_CLASS,LIE_AB,STRANG_ABA,STRANG_ABA^n P_A == P_A LIE_AB^n,7.759810423398218e-14,4.629630012686903e-14,1e-12,PASS_CONJUGACY_NUMERIC_WITNESS,Spectral-abscissa error cannot rank Lie vs Strang inside this class; use e_lambda only as a release gate against the reference.
A6-CRIT-06,A6_near_critical,16,512,BA_LIE_STRANG_SIMILAR_PROPAGATOR_CLASS,LIE_BA,STRANG_BAB,STRANG_BAB^n P_B == P_B LIE_BA^n,9.281773037411334e-14,4.0190073491430667e-14,1e-12,PASS_CONJUGACY_NUMERIC_WITNESS,Spectral-abscissa error cannot rank Lie vs Strang inside this class; use e_lambda only as a release gate against the reference.
A6-CRIT-07,A6_near_critical,16,4,AB_LIE_STRANG_SIMILAR_PROPAGATOR_CLASS,LIE_AB,STRANG_ABA,STRANG_ABA^n P_A == P_A LIE_AB^n,9.850874637938102e-16,4.3298697960381105e-15,1e-12,PASS_CONJUGACY_NUMERIC_WITNESS,Spectral-abscissa error cannot rank Lie vs Strang inside this class; use e_lambda only as a release gate against the reference.
A6-CRIT-07,A6_near_critical,16,4,BA_LIE_STRANG_SIMILAR_PROPAGATOR_CLASS,LIE_BA,STRANG_BAB,STRANG_BAB^n P_B == P_B LIE_BA^n,7.799870388109572e-16,2.9976021664879227e-15,1e-12,PASS_CONJUGACY_NUMERIC_WITNESS,Spectral-abscissa error cannot rank Lie vs Strang inside this class; use e_lambda only as a release gate against the reference.
A6-CRIT-07,A6_near_critical,16,8,AB_LIE_STRANG_SIMILAR_PROPAGATOR_CLASS,LIE_AB,STRANG_ABA,STRANG_ABA^n P_A == P_A LIE_AB^n,1.4698452567665896e-15,1.5543122344752192e-15,1e-12,PASS_CONJUGACY_NUMERIC_WITNESS,Spectral-abscissa error cannot rank Lie vs Strang inside this class; use e_lambda only as a release gate against the reference.
A6-CRIT-07,A6_near_critical,16,8,BA_LIE_STRANG_SIMILAR_PROPAGATOR_CLASS,LIE_BA,STRANG_BAB,STRANG_BAB^n P_B == P_B LIE_BA^n,1.1746507257772149e-15,2.1094237467877974e-15,1e-12,PASS_CONJUGACY_NUMERIC_WITNESS,Spectral-abscissa error cannot rank Lie vs Strang inside this class; use e_lambda only as a release gate against the reference.
A6-CRIT-07,A6_near_critical,16,16,AB_LIE_STRANG_SIMILAR_PROPAGATOR_CLASS,LIE_AB,STRANG_ABA,STRANG_ABA^n P_A == P_A LIE_AB^n,2.8810747211320312e-15,2.7755575615628914e-15,1e-12,PASS_CONJUGACY_NUMERIC_WITNESS,Spectral-abscissa error cannot rank Lie vs Strang inside this class; use e_lambda only as a release gate against the reference.
A6-CRIT-07,A6_near_critical,16,16,BA_LIE_STRANG_SIMILAR_PROPAGATOR_CLASS,LIE_BA,STRANG_BAB,STRANG_BAB^n P_B == P_B LIE_BA^n,3.478188412042107e-15,4.218847493575595e-15,1e-12,PASS_CONJUGACY_NUMERIC_WITNESS,Spectral-abscissa error cannot rank Lie vs Strang inside this class; use e_lambda only as a release gate against the reference.
A6-CRIT-07,A6_near_critical,16,32,AB_LIE_STRANG_SIMILAR_PROPAGATOR_CLASS,LIE_AB,STRANG_ABA,STRANG_ABA^n P_A == P_A LIE_AB^n,5.750009825785971e-15,2.4424906541753444e-15,1e-12,PASS_CONJUGACY_NUMERIC_WITNESS,Spectral-abscissa error cannot rank Lie vs Strang inside this class; use e_lambda only as a release gate against the reference.
A6-CRIT-07,A6_near_critical,16,32,BA_LIE_STRANG_SIMILAR_PROPAGATOR_CLASS,LIE_BA,STRANG_BAB,STRANG_BAB^n P_B == P_B LIE_BA^n,5.3345003308629674e-15,3.1086244689504383e-15,1e-12,PASS_CONJUGACY_NUMERIC_WITNESS,Spectral-abscissa error cannot rank Lie vs Strang inside this class; use e_lambda only as a release gate against the reference.
A6-CRIT-07,A6_near_critical,16,64,AB_LIE_STRANG_SIMILAR_PROPAGATOR_CLASS,LIE_AB,STRANG_ABA,STRANG_ABA^n P_A == P_A LIE_AB^n,9.008149109887727e-15,2.7755575615628914e-15,1e-12,PASS_CONJUGACY_NUMERIC_WITNESS,Spectral-abscissa error cannot rank Lie vs Strang inside this class; use e_lambda only as a release gate against the reference.
A6-CRIT-07,A6_near_critical,16,64,BA_LIE_STRANG_SIMILAR_PROPAGATOR_CLASS,LIE_BA,STRANG_BAB,STRANG_BAB^n P_B == P_B LIE_BA^n,1.3718074234134969e-14,5.773159728050814e-15,1e-12,PASS_CONJUGACY_NUMERIC_WITNESS,Spectral-abscissa error cannot rank Lie vs Strang inside this class; use e_lambda only as a release gate against the reference.
A6-CRIT-07,A6_near_critical,16,128,AB_LIE_STRANG_SIMILAR_PROPAGATOR_CLASS,LIE_AB,STRANG_ABA,STRANG_ABA^n P_A == P_A LIE_AB^n,2.519966350827428e-14,1.6986412276764895e-14,1e-12,PASS_CONJUGACY_NUMERIC_WITNESS,Spectral-abscissa error cannot rank Lie vs Strang inside this class; use e_lambda only as a release gate against the reference.
A6-CRIT-07,A6_near_critical,16,128,BA_LIE_STRANG_SIMILAR_PROPAGATOR_CLASS,LIE_BA,STRANG_BAB,STRANG_BAB^n P_B == P_B LIE_BA^n,2.447122948233163e-14,1.3100631690576847e-14,1e-12,PASS_CONJUGACY_NUMERIC_WITNESS,Spectral-abscissa error cannot rank Lie vs Strang inside this class; use e_lambda only as a release gate against the reference.
A6-CRIT-07,A6_near_critical,16,256,AB_LIE_STRANG_SIMILAR_PROPAGATOR_CLASS,LIE_AB,STRANG_ABA,STRANG_ABA^n P_A == P_A LIE_AB^n,4.3085292347218514e-14,1.0658141036401503e-14,1e-12,PASS_CONJUGACY_NUMERIC_WITNESS,Spectral-abscissa error cannot rank Lie vs Strang inside this class; use e_lambda only as a release gate against the reference.
A6-CRIT-07,A6_near_critical,16,256,BA_LIE_STRANG_SIMILAR_PROPAGATOR_CLASS,LIE_BA,STRANG_BAB,STRANG_BAB^n P_B == P_B LIE_BA^n,4.9927715225383925e-14,1.9095836023552692e-14,1e-12,PASS_CONJUGACY_NUMERIC_WITNESS,Spectral-abscissa error cannot rank Lie vs Strang inside this class; use e_lambda only as a release gate against the reference.
A6-CRIT-07,A6_near_critical,16,512,AB_LIE_STRANG_SIMILAR_PROPAGATOR_CLASS,LIE_AB,STRANG_ABA,STRANG_ABA^n P_A == P_A LIE_AB^n,9.497182866178061e-14,2.90878432451791e-14,1e-12,PASS_CONJUGACY_NUMERIC_WITNESS,Spectral-abscissa error cannot rank Lie vs Strang inside this class; use e_lambda only as a release gate against the reference.
A6-CRIT-07,A6_near_critical,16,512,BA_LIE_STRANG_SIMILAR_PROPAGATOR_CLASS,LIE_BA,STRANG_BAB,STRANG_BAB^n P_B == P_B LIE_BA^n,7.135263074490014e-14,3.5416114485542494e-14,1e-12,PASS_CONJUGACY_NUMERIC_WITNESS,Spectral-abscissa error cannot rank Lie vs Strang inside this class; use e_lambda only as a release gate against the reference.
A6-CRIT-08,A6_near_critical,16,4,AB_LIE_STRANG_SIMILAR_PROPAGATOR_CLASS,LIE_AB,STRANG_ABA,STRANG_ABA^n P_A == P_A LIE_AB^n,7.277657923493977e-16,2.55351295663786e-15,1e-12,PASS_CONJUGACY_NUMERIC_WITNESS,Spectral-abscissa error cannot rank Lie vs Strang inside this class; use e_lambda only as a release gate against the reference.
A6-CRIT-08,A6_near_critical,16,4,BA_LIE_STRANG_SIMILAR_PROPAGATOR_CLASS,LIE_BA,STRANG_BAB,STRANG_BAB^n P_B == P_B LIE_BA^n,8.234708228797603e-16,2.220446049250313e-15,1e-12,PASS_CONJUGACY_NUMERIC_WITNESS,Spectral-abscissa error cannot rank Lie vs Strang inside this class; use e_lambda only as a release gate against the reference.
A6-CRIT-08,A6_near_critical,16,8,AB_LIE_STRANG_SIMILAR_PROPAGATOR_CLASS,LIE_AB,STRANG_ABA,STRANG_ABA^n P_A == P_A LIE_AB^n,1.5788554821957908e-15,1.5543122344752192e-15,1e-12,PASS_CONJUGACY_NUMERIC_WITNESS,Spectral-abscissa error cannot rank Lie vs Strang inside this class; use e_lambda only as a release gate against the reference.
A6-CRIT-08,A6_near_critical,16,8,BA_LIE_STRANG_SIMILAR_PROPAGATOR_CLASS,LIE_BA,STRANG_BAB,STRANG_BAB^n P_B == P_B LIE_BA^n,1.0341806534015888e-15,3.774758283725532e-15,1e-12,PASS_CONJUGACY_NUMERIC_WITNESS,Spectral-abscissa error cannot rank Lie vs Strang inside this class; use e_lambda only as a release gate against the reference.
A6-CRIT-08,A6_near_critical,16,16,AB_LIE_STRANG_SIMILAR_PROPAGATOR_CLASS,LIE_AB,STRANG_ABA,STRANG_ABA^n P_A == P_A LIE_AB^n,3.0031776581946895e-15,1.6653345369377348e-15,1e-12,PASS_CONJUGACY_NUMERIC_WITNESS,Spectral-abscissa error cannot rank Lie vs Strang inside this class; use e_lambda only as a release gate against the reference.
A6-CRIT-08,A6_near_critical,16,16,BA_LIE_STRANG_SIMILAR_PROPAGATOR_CLASS,LIE_BA,STRANG_BAB,STRANG_BAB^n P_B == P_B LIE_BA^n,2.6389041203866905e-15,2.1094237467877974e-15,1e-12,PASS_CONJUGACY_NUMERIC_WITNESS,Spectral-abscissa error cannot rank Lie vs Strang inside this class; use e_lambda only as a release gate against the reference.
A6-CRIT-08,A6_near_critical,16,32,AB_LIE_STRANG_SIMILAR_PROPAGATOR_CLASS,LIE_AB,STRANG_ABA,STRANG_ABA^n P_A == P_A LIE_AB^n,6.938061591613425e-15,4.551914400963142e-15,1e-12,PASS_CONJUGACY_NUMERIC_WITNESS,Spectral-abscissa error cannot rank Lie vs Strang inside this class; use e_lambda only as a release gate against the reference.
A6-CRIT-08,A6_near_critical,16,32,BA_LIE_STRANG_SIMILAR_PROPAGATOR_CLASS,LIE_BA,STRANG_BAB,STRANG_BAB^n P_B == P_B LIE_BA^n,6.6557393573860854e-15,3.552713678800501e-15,1e-12,PASS_CONJUGACY_NUMERIC_WITNESS,Spectral-abscissa error cannot rank Lie vs Strang inside this class; use e_lambda only as a release gate against the reference.
A6-CRIT-08,A6_near_critical,16,64,AB_LIE_STRANG_SIMILAR_PROPAGATOR_CLASS,LIE_AB,STRANG_ABA,STRANG_ABA^n P_A == P_A LIE_AB^n,8.714194927675388e-15,5.218048215738236e-15,1e-12,PASS_CONJUGACY_NUMERIC_WITNESS,Spectral-abscissa error cannot rank Lie vs Strang inside this class; use e_lambda only as a release gate against the reference.
A6-CRIT-08,A6_near_critical,16,64,BA_LIE_STRANG_SIMILAR_PROPAGATOR_CLASS,LIE_BA,STRANG_BAB,STRANG_BAB^n P_B == P_B LIE_BA^n,1.1759634540036092e-14,6.439293542825908e-15,1e-12,PASS_CONJUGACY_NUMERIC_WITNESS,Spectral-abscissa error cannot rank Lie vs Strang inside this class; use e_lambda only as a release gate against the reference.
A6-CRIT-08,A6_near_critical,16,128,AB_LIE_STRANG_SIMILAR_PROPAGATOR_CLASS,LIE_AB,STRANG_ABA,STRANG_ABA^n P_A == P_A LIE_AB^n,2.5210852164823975e-14,2.0317081350640365e-14,1e-12,PASS_CONJUGACY_NUMERIC_WITNESS,Spectral-abscissa error cannot rank Lie vs Strang inside this class; use e_lambda only as a release gate against the reference.
A6-CRIT-08,A6_near_critical,16,128,BA_LIE_STRANG_SIMILAR_PROPAGATOR_CLASS,LIE_BA,STRANG_BAB,STRANG_BAB^n P_B == P_B LIE_BA^n,2.9690171260813576e-14,1.9539925233402755e-14,1e-12,PASS_CONJUGACY_NUMERIC_WITNESS,Spectral-abscissa error cannot rank Lie vs Strang inside this class; use e_lambda only as a release gate against the reference.
A6-CRIT-08,A6_near_critical,16,256,AB_LIE_STRANG_SIMILAR_PROPAGATOR_CLASS,LIE_AB,STRANG_ABA,STRANG_ABA^n P_A == P_A LIE_AB^n,3.819734888185992e-14,1.7430501486614958e-14,1e-12,PASS_CONJUGACY_NUMERIC_WITNESS,Spectral-abscissa error cannot rank Lie vs Strang inside this class; use e_lambda only as a release gate against the reference.
A6-CRIT-08,A6_near_critical,16,256,BA_LIE_STRANG_SIMILAR_PROPAGATOR_CLASS,LIE_BA,STRANG_BAB,STRANG_BAB^n P_B == P_B LIE_BA^n,3.621586594961879e-14,1.8318679906315083e-14,1e-12,PASS_CONJUGACY_NUMERIC_WITNESS,Spectral-abscissa error cannot rank Lie vs Strang inside this class; use e_lambda only as a release gate against the reference.
A6-CRIT-08,A6_near_critical,16,512,AB_LIE_STRANG_SIMILAR_PROPAGATOR_CLASS,LIE_AB,STRANG_ABA,STRANG_ABA^n P_A == P_A LIE_AB^n,8.729894837842485e-14,3.674838211509268e-14,1e-12,PASS_CONJUGACY_NUMERIC_WITNESS,Spectral-abscissa error cannot rank Lie vs Strang inside this class; use e_lambda only as a release gate against the reference.
A6-CRIT-08,A6_near_critical,16,512,BA_LIE_STRANG_SIMILAR_PROPAGATOR_CLASS,LIE_BA,STRANG_BAB,STRANG_BAB^n P_B == P_B LIE_BA^n,8.673033618052714e-14,7.827072323607354e-14,1e-12,PASS_CONJUGACY_NUMERIC_WITNESS,Spectral-abscissa error cannot rank Lie vs Strang inside this class; use e_lambda only as a release gate against the reference.
