schema_id,workload_key,regime,dimension,method_id,device_class,path_budget,repeat_id,fixed_iter_metric_rows_represented,energy_measurement_mode,min_window_seconds,max_window_seconds,min_nvml_samples_required,nvml_interval_seconds_requested,warmup_iterations_excluded,iterations_completed,wall_seconds_total_window,wall_ms_per_iter_energy_window,process_cpu_seconds_total_window,nvml_sample_count,nvml_sample_span_seconds,gpu_energy_joules_total_window,gpu_energy_joules_per_iter,gpu_power_draw_w_mean,gpu_power_draw_w_max,gpu_peak_memory_mib,gpu_peak_utilization_pct,energy_status,idle_baseline_policy,measurement_boundary
saa.drcet.accuracy_cost_energy_pareto_gpu_h100_energy_long_window.v2.energy_workload_row,default_mixture_common_factor|d=100|method=gpu_antithetic_mc|paths=512|repeat=0,default_mixture_common_factor,100,gpu_antithetic_mc,NVIDIA_GPU_H100_PCIE_LONG_WINDOW_ENERGY,512,0,10,LONG_WINDOW_NVML_POWER_INTEGRATION,2.0,8.0,40,0.02,2,3663,2.020182003001537,0.551510238329658,2.0358476769999996,49,1.9970113819999824,173.90668535085476,0.04747657257735593,86.89408163265306,94.04,462.0,55.0,PASS_NVML_LONG_WINDOW_SAMPLE_COUNT_RELEASE_QUALITY,TOTAL_DEVICE_ENERGY_NO_IDLE_SUBTRACTION,LONG_WINDOW_REPEATED_GENERATION_TO_LOSS_MATERIALIZATION_NOT_SPEEDUP_TIMING
saa.drcet.accuracy_cost_energy_pareto_gpu_h100_energy_long_window.v2.energy_workload_row,default_mixture_common_factor|d=100|method=gpu_antithetic_mc|paths=512|repeat=1,default_mixture_common_factor,100,gpu_antithetic_mc,NVIDIA_GPU_H100_PCIE_LONG_WINDOW_ENERGY,512,1,10,LONG_WINDOW_NVML_POWER_INTEGRATION,2.0,8.0,40,0.02,2,3659,2.0410182110008463,0.5578076553705511,2.0370676859999994,50,2.0201420560006227,189.99193747567844,0.051924552466706325,94.04860000000001,94.19,462.0,55.0,PASS_NVML_LONG_WINDOW_SAMPLE_COUNT_RELEASE_QUALITY,TOTAL_DEVICE_ENERGY_NO_IDLE_SUBTRACTION,LONG_WINDOW_REPEATED_GENERATION_TO_LOSS_MATERIALIZATION_NOT_SPEEDUP_TIMING
saa.drcet.accuracy_cost_energy_pareto_gpu_h100_energy_long_window.v2.energy_workload_row,default_mixture_common_factor|d=100|method=gpu_antithetic_mc|paths=512|repeat=2,default_mixture_common_factor,100,gpu_antithetic_mc,NVIDIA_GPU_H100_PCIE_LONG_WINDOW_ENERGY,512,2,10,LONG_WINDOW_NVML_POWER_INTEGRATION,2.0,8.0,40,0.02,2,3644,2.02080765699975,0.5545575348517426,2.038646200999999,49,1.9978909059991565,188.0599499583955,0.0516081092092194,94.13061224489797,94.32,462.0,55.0,PASS_NVML_LONG_WINDOW_SAMPLE_COUNT_RELEASE_QUALITY,TOTAL_DEVICE_ENERGY_NO_IDLE_SUBTRACTION,LONG_WINDOW_REPEATED_GENERATION_TO_LOSS_MATERIALIZATION_NOT_SPEEDUP_TIMING
saa.drcet.accuracy_cost_energy_pareto_gpu_h100_energy_long_window.v2.energy_workload_row,default_mixture_common_factor|d=100|method=gpu_antithetic_mc|paths=2048|repeat=0,default_mixture_common_factor,100,gpu_antithetic_mc,NVIDIA_GPU_H100_PCIE_LONG_WINDOW_ENERGY,2048,0,10,LONG_WINDOW_NVML_POWER_INTEGRATION,2.0,8.0,40,0.02,2,3679,2.0198555609986215,0.5490229847780977,2.0363201869999994,49,1.9982032679999975,193.38872008192962,0.05256556675235923,96.76918367346939,97.77,468.0,56.0,PASS_NVML_LONG_WINDOW_SAMPLE_COUNT_RELEASE_QUALITY,TOTAL_DEVICE_ENERGY_NO_IDLE_SUBTRACTION,LONG_WINDOW_REPEATED_GENERATION_TO_LOSS_MATERIALIZATION_NOT_SPEEDUP_TIMING
saa.drcet.accuracy_cost_energy_pareto_gpu_h100_energy_long_window.v2.energy_workload_row,default_mixture_common_factor|d=100|method=gpu_antithetic_mc|paths=2048|repeat=1,default_mixture_common_factor,100,gpu_antithetic_mc,NVIDIA_GPU_H100_PCIE_LONG_WINDOW_ENERGY,2048,1,10,LONG_WINDOW_NVML_POWER_INTEGRATION,2.0,8.0,40,0.02,2,3652,2.0198288520005008,0.5530747130340912,2.036061265999999,47,1.9987378289988555,195.26862938816825,0.05346895656850171,97.69531914893614,97.86,468.0,56.0,PASS_NVML_LONG_WINDOW_SAMPLE_COUNT_RELEASE_QUALITY,TOTAL_DEVICE_ENERGY_NO_IDLE_SUBTRACTION,LONG_WINDOW_REPEATED_GENERATION_TO_LOSS_MATERIALIZATION_NOT_SPEEDUP_TIMING
saa.drcet.accuracy_cost_energy_pareto_gpu_h100_energy_long_window.v2.energy_workload_row,default_mixture_common_factor|d=100|method=gpu_antithetic_mc|paths=2048|repeat=2,default_mixture_common_factor,100,gpu_antithetic_mc,NVIDIA_GPU_H100_PCIE_LONG_WINDOW_ENERGY,2048,2,10,LONG_WINDOW_NVML_POWER_INTEGRATION,2.0,8.0,40,0.02,2,3643,2.0208668329996726,0.5547260041173957,2.038719679999998,49,1.998662031999629,195.57049624512362,0.0536839133255898,97.84755102040818,98.01,468.0,56.0,PASS_NVML_LONG_WINDOW_SAMPLE_COUNT_RELEASE_QUALITY,TOTAL_DEVICE_ENERGY_NO_IDLE_SUBTRACTION,LONG_WINDOW_REPEATED_GENERATION_TO_LOSS_MATERIALIZATION_NOT_SPEEDUP_TIMING
saa.drcet.accuracy_cost_energy_pareto_gpu_h100_energy_long_window.v2.energy_workload_row,default_mixture_common_factor|d=100|method=gpu_importance_sampling|paths=512|repeat=0,default_mixture_common_factor,100,gpu_importance_sampling,NVIDIA_GPU_H100_PCIE_LONG_WINDOW_ENERGY,512,0,10,LONG_WINDOW_NVML_POWER_INTEGRATION,2.0,8.0,40,0.02,2,4294,2.0212228250002227,0.4707086224965586,2.0286996409999993,50,2.0007425900003,191.92573774056905,0.04469625937134817,95.93639999999999,97.77,462.0,59.0,PASS_NVML_LONG_WINDOW_SAMPLE_COUNT_RELEASE_QUALITY,TOTAL_DEVICE_ENERGY_NO_IDLE_SUBTRACTION,LONG_WINDOW_REPEATED_GENERATION_TO_LOSS_MATERIALIZATION_NOT_SPEEDUP_TIMING
saa.drcet.accuracy_cost_energy_pareto_gpu_h100_energy_long_window.v2.energy_workload_row,default_mixture_common_factor|d=100|method=gpu_importance_sampling|paths=512|repeat=1,default_mixture_common_factor,100,gpu_importance_sampling,NVIDIA_GPU_H100_PCIE_LONG_WINDOW_ENERGY,512,1,10,LONG_WINDOW_NVML_POWER_INTEGRATION,2.0,8.0,40,0.02,2,4075,2.020299198999055,0.49577894453964544,2.0411799769999988,46,1.997361527999601,190.22533441827207,0.04668106366092566,95.23826086956522,95.31,462.0,59.0,PASS_NVML_LONG_WINDOW_SAMPLE_COUNT_RELEASE_QUALITY,TOTAL_DEVICE_ENERGY_NO_IDLE_SUBTRACTION,LONG_WINDOW_REPEATED_GENERATION_TO_LOSS_MATERIALIZATION_NOT_SPEEDUP_TIMING
saa.drcet.accuracy_cost_energy_pareto_gpu_h100_energy_long_window.v2.energy_workload_row,default_mixture_common_factor|d=100|method=gpu_importance_sampling|paths=512|repeat=2,default_mixture_common_factor,100,gpu_importance_sampling,NVIDIA_GPU_H100_PCIE_LONG_WINDOW_ENERGY,512,2,10,LONG_WINDOW_NVML_POWER_INTEGRATION,2.0,8.0,40,0.02,2,4298,2.021262438998747,0.47027976710068564,2.045631115999999,48,1.997960348999186,190.8776863057225,0.044410815799377036,95.53333333333335,95.75,462.0,59.0,PASS_NVML_LONG_WINDOW_SAMPLE_COUNT_RELEASE_QUALITY,TOTAL_DEVICE_ENERGY_NO_IDLE_SUBTRACTION,LONG_WINDOW_REPEATED_GENERATION_TO_LOSS_MATERIALIZATION_NOT_SPEEDUP_TIMING
saa.drcet.accuracy_cost_energy_pareto_gpu_h100_energy_long_window.v2.energy_workload_row,default_mixture_common_factor|d=100|method=gpu_importance_sampling|paths=2048|repeat=0,default_mixture_common_factor,100,gpu_importance_sampling,NVIDIA_GPU_H100_PCIE_LONG_WINDOW_ENERGY,2048,0,10,LONG_WINDOW_NVML_POWER_INTEGRATION,2.0,8.0,40,0.02,2,4265,2.021006661998399,0.4738585373970455,2.0355458659999996,49,1.9987624300010793,196.35648235341046,0.046039034549451456,98.23959183673469,99.18,466.0,61.0,PASS_NVML_LONG_WINDOW_SAMPLE_COUNT_RELEASE_QUALITY,TOTAL_DEVICE_ENERGY_NO_IDLE_SUBTRACTION,LONG_WINDOW_REPEATED_GENERATION_TO_LOSS_MATERIALIZATION_NOT_SPEEDUP_TIMING
saa.drcet.accuracy_cost_energy_pareto_gpu_h100_energy_long_window.v2.energy_workload_row,default_mixture_common_factor|d=100|method=gpu_importance_sampling|paths=2048|repeat=1,default_mixture_common_factor,100,gpu_importance_sampling,NVIDIA_GPU_H100_PCIE_LONG_WINDOW_ENERGY,2048,1,10,LONG_WINDOW_NVML_POWER_INTEGRATION,2.0,8.0,40,0.02,2,4272,2.021033612998508,0.4730883925558305,2.033889816000002,48,1.9992266319986811,198.16989505317432,0.046388084048027696,99.12104166666666,99.35,466.0,61.0,PASS_NVML_LONG_WINDOW_SAMPLE_COUNT_RELEASE_QUALITY,TOTAL_DEVICE_ENERGY_NO_IDLE_SUBTRACTION,LONG_WINDOW_REPEATED_GENERATION_TO_LOSS_MATERIALIZATION_NOT_SPEEDUP_TIMING
saa.drcet.accuracy_cost_energy_pareto_gpu_h100_energy_long_window.v2.energy_workload_row,default_mixture_common_factor|d=100|method=gpu_importance_sampling|paths=2048|repeat=2,default_mixture_common_factor,100,gpu_importance_sampling,NVIDIA_GPU_H100_PCIE_LONG_WINDOW_ENERGY,2048,2,10,LONG_WINDOW_NVML_POWER_INTEGRATION,2.0,8.0,40,0.02,2,4280,2.0207252570016863,0.47213206939291735,2.032606402999999,49,1.9978191160007555,198.36928398475982,0.04634796354784108,99.29489795918369,99.52,466.0,61.0,PASS_NVML_LONG_WINDOW_SAMPLE_COUNT_RELEASE_QUALITY,TOTAL_DEVICE_ENERGY_NO_IDLE_SUBTRACTION,LONG_WINDOW_REPEATED_GENERATION_TO_LOSS_MATERIALIZATION_NOT_SPEEDUP_TIMING
saa.drcet.accuracy_cost_energy_pareto_gpu_h100_energy_long_window.v2.energy_workload_row,default_mixture_common_factor|d=100|method=gpu_randomized_qmc_cpu_sobol|paths=512|repeat=0,default_mixture_common_factor,100,gpu_randomized_qmc_cpu_sobol,NVIDIA_GPU_H100_PCIE_LONG_WINDOW_ENERGY,512,0,10,LONG_WINDOW_NVML_POWER_INTEGRATION,2.0,8.0,40,0.02,2,461,2.031230716000209,4.4061403817791955,2.014687784000003,48,2.01020716200037,186.07228381433055,0.40362751369702937,92.60020833333333,99.2,462.0,40.0,PASS_NVML_LONG_WINDOW_SAMPLE_COUNT_RELEASE_QUALITY,TOTAL_DEVICE_ENERGY_NO_IDLE_SUBTRACTION,LONG_WINDOW_REPEATED_GENERATION_TO_LOSS_MATERIALIZATION_NOT_SPEEDUP_TIMING
saa.drcet.accuracy_cost_energy_pareto_gpu_h100_energy_long_window.v2.energy_workload_row,default_mixture_common_factor|d=100|method=gpu_randomized_qmc_cpu_sobol|paths=512|repeat=1,default_mixture_common_factor,100,gpu_randomized_qmc_cpu_sobol,NVIDIA_GPU_H100_PCIE_LONG_WINDOW_ENERGY,512,1,10,LONG_WINDOW_NVML_POWER_INTEGRATION,2.0,8.0,40,0.02,2,463,2.028346982000585,4.380879010800399,2.0152943789999966,48,2.007626197000718,181.60608916798998,0.3922377735809719,90.45916666666666,90.5,462.0,2.0,PASS_NVML_LONG_WINDOW_SAMPLE_COUNT_RELEASE_QUALITY,TOTAL_DEVICE_ENERGY_NO_IDLE_SUBTRACTION,LONG_WINDOW_REPEATED_GENERATION_TO_LOSS_MATERIALIZATION_NOT_SPEEDUP_TIMING
saa.drcet.accuracy_cost_energy_pareto_gpu_h100_energy_long_window.v2.energy_workload_row,default_mixture_common_factor|d=100|method=gpu_randomized_qmc_cpu_sobol|paths=512|repeat=2,default_mixture_common_factor,100,gpu_randomized_qmc_cpu_sobol,NVIDIA_GPU_H100_PCIE_LONG_WINDOW_ENERGY,512,2,10,LONG_WINDOW_NVML_POWER_INTEGRATION,2.0,8.0,40,0.02,2,462,2.0341985869999917,4.403027244588727,2.0171175490000053,48,2.0135528219998378,182.52517834295034,0.3950761435994596,90.64916666666666,90.77,462.0,2.0,PASS_NVML_LONG_WINDOW_SAMPLE_COUNT_RELEASE_QUALITY,TOTAL_DEVICE_ENERGY_NO_IDLE_SUBTRACTION,LONG_WINDOW_REPEATED_GENERATION_TO_LOSS_MATERIALIZATION_NOT_SPEEDUP_TIMING
saa.drcet.accuracy_cost_energy_pareto_gpu_h100_energy_long_window.v2.energy_workload_row,default_mixture_common_factor|d=100|method=gpu_randomized_qmc_cpu_sobol|paths=2048|repeat=0,default_mixture_common_factor,100,gpu_randomized_qmc_cpu_sobol,NVIDIA_GPU_H100_PCIE_LONG_WINDOW_ENERGY,2048,0,10,LONG_WINDOW_NVML_POWER_INTEGRATION,2.0,8.0,40,0.02,2,148,2.028608363998501,13.706813270260142,2.0268440039999973,50,2.007472430999769,182.20728189189398,1.2311302830533377,90.765,90.85,466.0,2.0,PASS_NVML_LONG_WINDOW_SAMPLE_COUNT_RELEASE_QUALITY,TOTAL_DEVICE_ENERGY_NO_IDLE_SUBTRACTION,LONG_WINDOW_REPEATED_GENERATION_TO_LOSS_MATERIALIZATION_NOT_SPEEDUP_TIMING
saa.drcet.accuracy_cost_energy_pareto_gpu_h100_energy_long_window.v2.energy_workload_row,default_mixture_common_factor|d=100|method=gpu_randomized_qmc_cpu_sobol|paths=2048|repeat=1,default_mixture_common_factor,100,gpu_randomized_qmc_cpu_sobol,NVIDIA_GPU_H100_PCIE_LONG_WINDOW_ENERGY,2048,1,10,LONG_WINDOW_NVML_POWER_INTEGRATION,2.0,8.0,40,0.02,2,147,2.03029218499978,13.811511462583539,2.0275178179999997,49,2.008966490999228,182.5580419367349,1.241891441746496,90.8712244897959,90.91,466.0,1.0,PASS_NVML_LONG_WINDOW_SAMPLE_COUNT_RELEASE_QUALITY,TOTAL_DEVICE_ENERGY_NO_IDLE_SUBTRACTION,LONG_WINDOW_REPEATED_GENERATION_TO_LOSS_MATERIALIZATION_NOT_SPEEDUP_TIMING
saa.drcet.accuracy_cost_energy_pareto_gpu_h100_energy_long_window.v2.energy_workload_row,default_mixture_common_factor|d=100|method=gpu_randomized_qmc_cpu_sobol|paths=2048|repeat=2,default_mixture_common_factor,100,gpu_randomized_qmc_cpu_sobol,NVIDIA_GPU_H100_PCIE_LONG_WINDOW_ENERGY,2048,2,10,LONG_WINDOW_NVML_POWER_INTEGRATION,2.0,8.0,40,0.02,2,147,2.049154204001752,13.939824517018721,2.0304113429999973,51,2.0281014909996884,184.4044119911966,1.254451782253038,90.92470588235297,90.93,466.0,1.0,PASS_NVML_LONG_WINDOW_SAMPLE_COUNT_RELEASE_QUALITY,TOTAL_DEVICE_ENERGY_NO_IDLE_SUBTRACTION,LONG_WINDOW_REPEATED_GENERATION_TO_LOSS_MATERIALIZATION_NOT_SPEEDUP_TIMING
saa.drcet.accuracy_cost_energy_pareto_gpu_h100_energy_long_window.v2.energy_workload_row,default_mixture_common_factor|d=100|method=gpu_raw_mc|paths=512|repeat=0,default_mixture_common_factor,100,gpu_raw_mc,NVIDIA_GPU_H100_PCIE_LONG_WINDOW_ENERGY,512,0,10,LONG_WINDOW_NVML_POWER_INTEGRATION,2.0,8.0,40,0.02,2,4695,2.020664731000579,0.43038652417477724,2.0300421979999967,49,1.9980180579987064,190.76372034386685,0.040631250339481756,95.44448979591839,97.02,462.0,61.0,PASS_NVML_LONG_WINDOW_SAMPLE_COUNT_RELEASE_QUALITY,TOTAL_DEVICE_ENERGY_NO_IDLE_SUBTRACTION,LONG_WINDOW_REPEATED_GENERATION_TO_LOSS_MATERIALIZATION_NOT_SPEEDUP_TIMING
saa.drcet.accuracy_cost_energy_pareto_gpu_h100_energy_long_window.v2.energy_workload_row,default_mixture_common_factor|d=100|method=gpu_raw_mc|paths=512|repeat=1,default_mixture_common_factor,100,gpu_raw_mc,NVIDIA_GPU_H100_PCIE_LONG_WINDOW_ENERGY,512,1,10,LONG_WINDOW_NVML_POWER_INTEGRATION,2.0,8.0,40,0.02,2,4697,2.020740093999848,0.4302193089205552,2.0301752280000045,49,1.997994221999761,193.84920769082692,0.041270855373818804,97.02224489795917,97.16,462.0,61.0,PASS_NVML_LONG_WINDOW_SAMPLE_COUNT_RELEASE_QUALITY,TOTAL_DEVICE_ENERGY_NO_IDLE_SUBTRACTION,LONG_WINDOW_REPEATED_GENERATION_TO_LOSS_MATERIALIZATION_NOT_SPEEDUP_TIMING
saa.drcet.accuracy_cost_energy_pareto_gpu_h100_energy_long_window.v2.energy_workload_row,default_mixture_common_factor|d=100|method=gpu_raw_mc|paths=512|repeat=2,default_mixture_common_factor,100,gpu_raw_mc,NVIDIA_GPU_H100_PCIE_LONG_WINDOW_ENERGY,512,2,10,LONG_WINDOW_NVML_POWER_INTEGRATION,2.0,8.0,40,0.02,2,4711,2.021076044999063,0.4290121088938788,2.031385671999999,49,1.9966023750002933,193.99438952845875,0.04117902558447437,97.16285714285713,97.29,462.0,61.0,PASS_NVML_LONG_WINDOW_SAMPLE_COUNT_RELEASE_QUALITY,TOTAL_DEVICE_ENERGY_NO_IDLE_SUBTRACTION,LONG_WINDOW_REPEATED_GENERATION_TO_LOSS_MATERIALIZATION_NOT_SPEEDUP_TIMING
saa.drcet.accuracy_cost_energy_pareto_gpu_h100_energy_long_window.v2.energy_workload_row,default_mixture_common_factor|d=100|method=gpu_raw_mc|paths=2048|repeat=0,default_mixture_common_factor,100,gpu_raw_mc,NVIDIA_GPU_H100_PCIE_LONG_WINDOW_ENERGY,2048,0,10,LONG_WINDOW_NVML_POWER_INTEGRATION,2.0,8.0,40,0.02,2,4705,2.026159610000832,0.43063966206181337,2.0332441529999983,49,2.00458204700044,200.53213603796726,0.04262107035876031,100.01734693877552,101.08,466.0,64.0,PASS_NVML_LONG_WINDOW_SAMPLE_COUNT_RELEASE_QUALITY,TOTAL_DEVICE_ENERGY_NO_IDLE_SUBTRACTION,LONG_WINDOW_REPEATED_GENERATION_TO_LOSS_MATERIALIZATION_NOT_SPEEDUP_TIMING
saa.drcet.accuracy_cost_energy_pareto_gpu_h100_energy_long_window.v2.energy_workload_row,default_mixture_common_factor|d=100|method=gpu_raw_mc|paths=2048|repeat=1,default_mixture_common_factor,100,gpu_raw_mc,NVIDIA_GPU_H100_PCIE_LONG_WINDOW_ENERGY,2048,1,10,LONG_WINDOW_NVML_POWER_INTEGRATION,2.0,8.0,40,0.02,2,4717,2.037153129998842,0.4318747360608102,2.0308246099999963,48,2.014542717999575,203.6244884196122,0.043168218872082297,101.07291666666667,101.33,466.0,64.0,PASS_NVML_LONG_WINDOW_SAMPLE_COUNT_RELEASE_QUALITY,TOTAL_DEVICE_ENERGY_NO_IDLE_SUBTRACTION,LONG_WINDOW_REPEATED_GENERATION_TO_LOSS_MATERIALIZATION_NOT_SPEEDUP_TIMING
saa.drcet.accuracy_cost_energy_pareto_gpu_h100_energy_long_window.v2.energy_workload_row,default_mixture_common_factor|d=100|method=gpu_raw_mc|paths=2048|repeat=2,default_mixture_common_factor,100,gpu_raw_mc,NVIDIA_GPU_H100_PCIE_LONG_WINDOW_ENERGY,2048,2,10,LONG_WINDOW_NVML_POWER_INTEGRATION,2.0,8.0,40,0.02,2,4701,2.0364809420007077,0.4332016468837923,2.032694616999997,50,2.01417944899913,203.77808071859693,0.04334781551129482,101.17219999999999,101.42,466.0,64.0,PASS_NVML_LONG_WINDOW_SAMPLE_COUNT_RELEASE_QUALITY,TOTAL_DEVICE_ENERGY_NO_IDLE_SUBTRACTION,LONG_WINDOW_REPEATED_GENERATION_TO_LOSS_MATERIALIZATION_NOT_SPEEDUP_TIMING
saa.drcet.accuracy_cost_energy_pareto_gpu_h100_energy_long_window.v2.energy_workload_row,default_mixture_common_factor|d=250|method=gpu_antithetic_mc|paths=512|repeat=0,default_mixture_common_factor,250,gpu_antithetic_mc,NVIDIA_GPU_H100_PCIE_LONG_WINDOW_ENERGY,512,0,10,LONG_WINDOW_NVML_POWER_INTEGRATION,2.0,8.0,40,0.02,2,3663,2.02066655300041,0.5516425206116325,2.0363251750000018,49,1.996843663000618,197.0928369820727,0.05380639830250415,98.70938775510204,100.98,466.0,55.0,PASS_NVML_LONG_WINDOW_SAMPLE_COUNT_RELEASE_QUALITY,TOTAL_DEVICE_ENERGY_NO_IDLE_SUBTRACTION,LONG_WINDOW_REPEATED_GENERATION_TO_LOSS_MATERIALIZATION_NOT_SPEEDUP_TIMING
saa.drcet.accuracy_cost_energy_pareto_gpu_h100_energy_long_window.v2.energy_workload_row,default_mixture_common_factor|d=250|method=gpu_antithetic_mc|paths=512|repeat=1,default_mixture_common_factor,250,gpu_antithetic_mc,NVIDIA_GPU_H100_PCIE_LONG_WINDOW_ENERGY,512,1,10,LONG_WINDOW_NVML_POWER_INTEGRATION,2.0,8.0,40,0.02,2,3675,2.0266355379990273,0.5514654525167422,2.040214963000004,49,2.004033225999592,196.50265386856003,0.05347010989620681,98.05387755102042,98.19,466.0,55.0,PASS_NVML_LONG_WINDOW_SAMPLE_COUNT_RELEASE_QUALITY,TOTAL_DEVICE_ENERGY_NO_IDLE_SUBTRACTION,LONG_WINDOW_REPEATED_GENERATION_TO_LOSS_MATERIALIZATION_NOT_SPEEDUP_TIMING
saa.drcet.accuracy_cost_energy_pareto_gpu_h100_energy_long_window.v2.energy_workload_row,default_mixture_common_factor|d=250|method=gpu_antithetic_mc|paths=512|repeat=2,default_mixture_common_factor,250,gpu_antithetic_mc,NVIDIA_GPU_H100_PCIE_LONG_WINDOW_ENERGY,512,2,10,LONG_WINDOW_NVML_POWER_INTEGRATION,2.0,8.0,40,0.02,2,3663,2.0229277060007007,0.5522598159980073,2.035926239999995,49,2.0019965510000475,196.42138698435483,0.053623092269821135,98.1130612244898,98.28,466.0,55.0,PASS_NVML_LONG_WINDOW_SAMPLE_COUNT_RELEASE_QUALITY,TOTAL_DEVICE_ENERGY_NO_IDLE_SUBTRACTION,LONG_WINDOW_REPEATED_GENERATION_TO_LOSS_MATERIALIZATION_NOT_SPEEDUP_TIMING
saa.drcet.accuracy_cost_energy_pareto_gpu_h100_energy_long_window.v2.energy_workload_row,default_mixture_common_factor|d=250|method=gpu_antithetic_mc|paths=2048|repeat=0,default_mixture_common_factor,250,gpu_antithetic_mc,NVIDIA_GPU_H100_PCIE_LONG_WINDOW_ENERGY,2048,0,10,LONG_WINDOW_NVML_POWER_INTEGRATION,2.0,8.0,40,0.02,2,3686,2.020640020000428,0.548193168746725,2.033681401999999,49,1.9979244980004296,206.20603904752167,0.055943038265741096,103.1938775510204,105.04,478.0,59.0,PASS_NVML_LONG_WINDOW_SAMPLE_COUNT_RELEASE_QUALITY,TOTAL_DEVICE_ENERGY_NO_IDLE_SUBTRACTION,LONG_WINDOW_REPEATED_GENERATION_TO_LOSS_MATERIALIZATION_NOT_SPEEDUP_TIMING
saa.drcet.accuracy_cost_energy_pareto_gpu_h100_energy_long_window.v2.energy_workload_row,default_mixture_common_factor|d=250|method=gpu_antithetic_mc|paths=2048|repeat=1,default_mixture_common_factor,250,gpu_antithetic_mc,NVIDIA_GPU_H100_PCIE_LONG_WINDOW_ENERGY,2048,1,10,LONG_WINDOW_NVML_POWER_INTEGRATION,2.0,8.0,40,0.02,2,3675,2.021119382001416,0.5499644576874602,2.038643053999998,47,1.9994196470015595,209.77257397054368,0.057080972508991475,104.91957446808509,105.14,478.0,59.0,PASS_NVML_LONG_WINDOW_SAMPLE_COUNT_RELEASE_QUALITY,TOTAL_DEVICE_ENERGY_NO_IDLE_SUBTRACTION,LONG_WINDOW_REPEATED_GENERATION_TO_LOSS_MATERIALIZATION_NOT_SPEEDUP_TIMING
saa.drcet.accuracy_cost_energy_pareto_gpu_h100_energy_long_window.v2.energy_workload_row,default_mixture_common_factor|d=250|method=gpu_antithetic_mc|paths=2048|repeat=2,default_mixture_common_factor,250,gpu_antithetic_mc,NVIDIA_GPU_H100_PCIE_LONG_WINDOW_ENERGY,2048,2,10,LONG_WINDOW_NVML_POWER_INTEGRATION,2.0,8.0,40,0.02,2,3682,2.0262362169996777,0.5503085869092009,2.03946852,49,2.0029687250007555,210.3099802426293,0.057118408539551684,105.0,105.2,478.0,59.0,PASS_NVML_LONG_WINDOW_SAMPLE_COUNT_RELEASE_QUALITY,TOTAL_DEVICE_ENERGY_NO_IDLE_SUBTRACTION,LONG_WINDOW_REPEATED_GENERATION_TO_LOSS_MATERIALIZATION_NOT_SPEEDUP_TIMING
saa.drcet.accuracy_cost_energy_pareto_gpu_h100_energy_long_window.v2.energy_workload_row,default_mixture_common_factor|d=250|method=gpu_importance_sampling|paths=512|repeat=0,default_mixture_common_factor,250,gpu_importance_sampling,NVIDIA_GPU_H100_PCIE_LONG_WINDOW_ENERGY,512,0,10,LONG_WINDOW_NVML_POWER_INTEGRATION,2.0,8.0,40,0.02,2,4290,2.02109588500025,0.47111792191148016,2.032622033999999,49,1.9991852010007278,201.12821980596684,0.04688303491980579,100.63000000000001,104.86,464.0,60.0,PASS_NVML_LONG_WINDOW_SAMPLE_COUNT_RELEASE_QUALITY,TOTAL_DEVICE_ENERGY_NO_IDLE_SUBTRACTION,LONG_WINDOW_REPEATED_GENERATION_TO_LOSS_MATERIALIZATION_NOT_SPEEDUP_TIMING
saa.drcet.accuracy_cost_energy_pareto_gpu_h100_energy_long_window.v2.energy_workload_row,default_mixture_common_factor|d=250|method=gpu_importance_sampling|paths=512|repeat=1,default_mixture_common_factor,250,gpu_importance_sampling,NVIDIA_GPU_H100_PCIE_LONG_WINDOW_ENERGY,512,1,10,LONG_WINDOW_NVML_POWER_INTEGRATION,2.0,8.0,40,0.02,2,4297,2.02039553800023,0.4701874652083383,2.047340984999991,48,1.9994532729997445,198.45157230526462,0.04618374966378046,99.25375000000001,99.36,464.0,60.0,PASS_NVML_LONG_WINDOW_SAMPLE_COUNT_RELEASE_QUALITY,TOTAL_DEVICE_ENERGY_NO_IDLE_SUBTRACTION,LONG_WINDOW_REPEATED_GENERATION_TO_LOSS_MATERIALIZATION_NOT_SPEEDUP_TIMING
saa.drcet.accuracy_cost_energy_pareto_gpu_h100_energy_long_window.v2.energy_workload_row,default_mixture_common_factor|d=250|method=gpu_importance_sampling|paths=512|repeat=2,default_mixture_common_factor,250,gpu_importance_sampling,NVIDIA_GPU_H100_PCIE_LONG_WINDOW_ENERGY,512,2,10,LONG_WINDOW_NVML_POWER_INTEGRATION,2.0,8.0,40,0.02,2,4297,2.0207388890012226,0.47026737002588376,2.031263428999992,49,1.9988691660000768,198.62975070395785,0.0462252154302904,99.37020408163266,99.54,464.0,60.0,PASS_NVML_LONG_WINDOW_SAMPLE_COUNT_RELEASE_QUALITY,TOTAL_DEVICE_ENERGY_NO_IDLE_SUBTRACTION,LONG_WINDOW_REPEATED_GENERATION_TO_LOSS_MATERIALIZATION_NOT_SPEEDUP_TIMING
saa.drcet.accuracy_cost_energy_pareto_gpu_h100_energy_long_window.v2.energy_workload_row,default_mixture_common_factor|d=250|method=gpu_importance_sampling|paths=2048|repeat=0,default_mixture_common_factor,250,gpu_importance_sampling,NVIDIA_GPU_H100_PCIE_LONG_WINDOW_ENERGY,2048,0,10,LONG_WINDOW_NVML_POWER_INTEGRATION,2.0,8.0,40,0.02,2,4277,2.0209121820007567,0.4725069399113296,2.031770467000001,49,1.998725318000652,208.16512919853972,0.04867082749556692,104.12428571428573,105.84,474.0,65.0,PASS_NVML_LONG_WINDOW_SAMPLE_COUNT_RELEASE_QUALITY,TOTAL_DEVICE_ENERGY_NO_IDLE_SUBTRACTION,LONG_WINDOW_REPEATED_GENERATION_TO_LOSS_MATERIALIZATION_NOT_SPEEDUP_TIMING
saa.drcet.accuracy_cost_energy_pareto_gpu_h100_energy_long_window.v2.energy_workload_row,default_mixture_common_factor|d=250|method=gpu_importance_sampling|paths=2048|repeat=1,default_mixture_common_factor,250,gpu_importance_sampling,NVIDIA_GPU_H100_PCIE_LONG_WINDOW_ENERGY,2048,1,10,LONG_WINDOW_NVML_POWER_INTEGRATION,2.0,8.0,40,0.02,2,4265,2.0209325430005265,0.47384115896847046,2.0331646089999964,47,1.99825268099994,211.34377609890385,0.04955305418497159,105.76723404255321,105.96,474.0,65.0,PASS_NVML_LONG_WINDOW_SAMPLE_COUNT_RELEASE_QUALITY,TOTAL_DEVICE_ENERGY_NO_IDLE_SUBTRACTION,LONG_WINDOW_REPEATED_GENERATION_TO_LOSS_MATERIALIZATION_NOT_SPEEDUP_TIMING
saa.drcet.accuracy_cost_energy_pareto_gpu_h100_energy_long_window.v2.energy_workload_row,default_mixture_common_factor|d=250|method=gpu_importance_sampling|paths=2048|repeat=2,default_mixture_common_factor,250,gpu_importance_sampling,NVIDIA_GPU_H100_PCIE_LONG_WINDOW_ENERGY,2048,2,10,LONG_WINDOW_NVML_POWER_INTEGRATION,2.0,8.0,40,0.02,2,4272,2.020397055999638,0.4729393857677055,2.031883254999997,49,1.9976934930000425,211.4585048218296,0.04949871367552191,105.85102040816324,106.04,474.0,65.0,PASS_NVML_LONG_WINDOW_SAMPLE_COUNT_RELEASE_QUALITY,TOTAL_DEVICE_ENERGY_NO_IDLE_SUBTRACTION,LONG_WINDOW_REPEATED_GENERATION_TO_LOSS_MATERIALIZATION_NOT_SPEEDUP_TIMING
saa.drcet.accuracy_cost_energy_pareto_gpu_h100_energy_long_window.v2.energy_workload_row,default_mixture_common_factor|d=250|method=gpu_randomized_qmc_cpu_sobol|paths=512|repeat=0,default_mixture_common_factor,250,gpu_randomized_qmc_cpu_sobol,NVIDIA_GPU_H100_PCIE_LONG_WINDOW_ENERGY,512,0,10,LONG_WINDOW_NVML_POWER_INTEGRATION,2.0,8.0,40,0.02,2,151,2.037984515000062,13.49658619205339,2.0216818380000063,48,2.016534591999516,193.35029455389355,1.2804655268469771,95.90062499999999,105.44,464.0,37.0,PASS_NVML_LONG_WINDOW_SAMPLE_COUNT_RELEASE_QUALITY,TOTAL_DEVICE_ENERGY_NO_IDLE_SUBTRACTION,LONG_WINDOW_REPEATED_GENERATION_TO_LOSS_MATERIALIZATION_NOT_SPEEDUP_TIMING
saa.drcet.accuracy_cost_energy_pareto_gpu_h100_energy_long_window.v2.energy_workload_row,default_mixture_common_factor|d=250|method=gpu_randomized_qmc_cpu_sobol|paths=512|repeat=1,default_mixture_common_factor,250,gpu_randomized_qmc_cpu_sobol,NVIDIA_GPU_H100_PCIE_LONG_WINDOW_ENERGY,512,1,10,LONG_WINDOW_NVML_POWER_INTEGRATION,2.0,8.0,40,0.02,2,152,2.0223882859991136,13.305186092099431,2.016580912000009,47,2.001266070999918,186.0176812994424,1.2238005348647525,92.94999999999997,92.95,464.0,1.0,PASS_NVML_LONG_WINDOW_SAMPLE_COUNT_RELEASE_QUALITY,TOTAL_DEVICE_ENERGY_NO_IDLE_SUBTRACTION,LONG_WINDOW_REPEATED_GENERATION_TO_LOSS_MATERIALIZATION_NOT_SPEEDUP_TIMING
saa.drcet.accuracy_cost_energy_pareto_gpu_h100_energy_long_window.v2.energy_workload_row,default_mixture_common_factor|d=250|method=gpu_randomized_qmc_cpu_sobol|paths=512|repeat=2,default_mixture_common_factor,250,gpu_randomized_qmc_cpu_sobol,NVIDIA_GPU_H100_PCIE_LONG_WINDOW_ENERGY,512,2,10,LONG_WINDOW_NVML_POWER_INTEGRATION,2.0,8.0,40,0.02,2,151,2.0381658189999143,13.497786880794134,2.028926765999998,48,2.0172533040004055,187.5041011339877,1.2417490141323688,92.95041666666668,92.96,464.0,1.0,PASS_NVML_LONG_WINDOW_SAMPLE_COUNT_RELEASE_QUALITY,TOTAL_DEVICE_ENERGY_NO_IDLE_SUBTRACTION,LONG_WINDOW_REPEATED_GENERATION_TO_LOSS_MATERIALIZATION_NOT_SPEEDUP_TIMING
saa.drcet.accuracy_cost_energy_pareto_gpu_h100_energy_long_window.v2.energy_workload_row,default_mixture_common_factor|d=250|method=gpu_randomized_qmc_cpu_sobol|paths=2048|repeat=0,default_mixture_common_factor,250,gpu_randomized_qmc_cpu_sobol,NVIDIA_GPU_H100_PCIE_LONG_WINDOW_ENERGY,2048,0,10,LONG_WINDOW_NVML_POWER_INTEGRATION,2.0,8.0,40,0.02,2,60,2.0432615650006483,34.05435941667747,2.040589492999999,49,2.0216881920005108,188.00558738513246,3.1334264564188743,92.99408163265306,93.03,474.0,1.0,PASS_NVML_LONG_WINDOW_SAMPLE_COUNT_RELEASE_QUALITY,TOTAL_DEVICE_ENERGY_NO_IDLE_SUBTRACTION,LONG_WINDOW_REPEATED_GENERATION_TO_LOSS_MATERIALIZATION_NOT_SPEEDUP_TIMING
saa.drcet.accuracy_cost_energy_pareto_gpu_h100_energy_long_window.v2.energy_workload_row,default_mixture_common_factor|d=250|method=gpu_randomized_qmc_cpu_sobol|paths=2048|repeat=1,default_mixture_common_factor,250,gpu_randomized_qmc_cpu_sobol,NVIDIA_GPU_H100_PCIE_LONG_WINDOW_ENERGY,2048,1,10,LONG_WINDOW_NVML_POWER_INTEGRATION,2.0,8.0,40,0.02,2,59,2.0334124189994327,34.46461727117683,2.030644774999999,48,2.0116254650001792,187.21335283154656,3.1731076751109586,93.06770833333333,93.11,474.0,1.0,PASS_NVML_LONG_WINDOW_SAMPLE_COUNT_RELEASE_QUALITY,TOTAL_DEVICE_ENERGY_NO_IDLE_SUBTRACTION,LONG_WINDOW_REPEATED_GENERATION_TO_LOSS_MATERIALIZATION_NOT_SPEEDUP_TIMING
saa.drcet.accuracy_cost_energy_pareto_gpu_h100_energy_long_window.v2.energy_workload_row,default_mixture_common_factor|d=250|method=gpu_randomized_qmc_cpu_sobol|paths=2048|repeat=2,default_mixture_common_factor,250,gpu_randomized_qmc_cpu_sobol,NVIDIA_GPU_H100_PCIE_LONG_WINDOW_ENERGY,2048,2,10,LONG_WINDOW_NVML_POWER_INTEGRATION,2.0,8.0,40,0.02,2,59,2.0635763249993033,34.97586991524243,2.0425214570000065,51,2.0419561020007677,190.1653250376714,3.2231411023334138,93.12882352941178,93.16,474.0,1.0,PASS_NVML_LONG_WINDOW_SAMPLE_COUNT_RELEASE_QUALITY,TOTAL_DEVICE_ENERGY_NO_IDLE_SUBTRACTION,LONG_WINDOW_REPEATED_GENERATION_TO_LOSS_MATERIALIZATION_NOT_SPEEDUP_TIMING
saa.drcet.accuracy_cost_energy_pareto_gpu_h100_energy_long_window.v2.energy_workload_row,default_mixture_common_factor|d=250|method=gpu_raw_mc|paths=512|repeat=0,default_mixture_common_factor,250,gpu_raw_mc,NVIDIA_GPU_H100_PCIE_LONG_WINDOW_ENERGY,512,0,10,LONG_WINDOW_NVML_POWER_INTEGRATION,2.0,8.0,40,0.02,2,4719,2.0231648240005597,0.4287274473406569,2.0313890900000047,49,2.0018171110004914,197.86307479710194,0.04192902623375756,98.81816326530613,100.76,464.0,62.0,PASS_NVML_LONG_WINDOW_SAMPLE_COUNT_RELEASE_QUALITY,TOTAL_DEVICE_ENERGY_NO_IDLE_SUBTRACTION,LONG_WINDOW_REPEATED_GENERATION_TO_LOSS_MATERIALIZATION_NOT_SPEEDUP_TIMING
saa.drcet.accuracy_cost_energy_pareto_gpu_h100_energy_long_window.v2.energy_workload_row,default_mixture_common_factor|d=250|method=gpu_raw_mc|paths=512|repeat=1,default_mixture_common_factor,250,gpu_raw_mc,NVIDIA_GPU_H100_PCIE_LONG_WINDOW_ENERGY,512,1,10,LONG_WINDOW_NVML_POWER_INTEGRATION,2.0,8.0,40,0.02,2,4722,2.0205200300006254,0.427894966116185,2.0313115140000093,49,1.9990820459988754,201.45193112730678,0.042662416587739685,100.77285714285713,100.96,464.0,62.0,PASS_NVML_LONG_WINDOW_SAMPLE_COUNT_RELEASE_QUALITY,TOTAL_DEVICE_ENERGY_NO_IDLE_SUBTRACTION,LONG_WINDOW_REPEATED_GENERATION_TO_LOSS_MATERIALIZATION_NOT_SPEEDUP_TIMING
saa.drcet.accuracy_cost_energy_pareto_gpu_h100_energy_long_window.v2.energy_workload_row,default_mixture_common_factor|d=250|method=gpu_raw_mc|paths=512|repeat=2,default_mixture_common_factor,250,gpu_raw_mc,NVIDIA_GPU_H100_PCIE_LONG_WINDOW_ENERGY,512,2,10,LONG_WINDOW_NVML_POWER_INTEGRATION,2.0,8.0,40,0.02,2,4722,2.0211209619992587,0.4280222282929392,2.0304348559999994,49,1.9987355390003358,201.68553183154378,0.04271188730019987,100.90673469387755,101.07,464.0,62.0,PASS_NVML_LONG_WINDOW_SAMPLE_COUNT_RELEASE_QUALITY,TOTAL_DEVICE_ENERGY_NO_IDLE_SUBTRACTION,LONG_WINDOW_REPEATED_GENERATION_TO_LOSS_MATERIALIZATION_NOT_SPEEDUP_TIMING
saa.drcet.accuracy_cost_energy_pareto_gpu_h100_energy_long_window.v2.energy_workload_row,default_mixture_common_factor|d=250|method=gpu_raw_mc|paths=2048|repeat=0,default_mixture_common_factor,250,gpu_raw_mc,NVIDIA_GPU_H100_PCIE_LONG_WINDOW_ENERGY,2048,0,10,LONG_WINDOW_NVML_POWER_INTEGRATION,2.0,8.0,40,0.02,2,4726,2.0396638509992044,0.43158354866678045,2.0311128049999922,50,2.018475586000932,214.06315526194055,0.04529478528606444,106.0236,107.93,474.0,67.0,PASS_NVML_LONG_WINDOW_SAMPLE_COUNT_RELEASE_QUALITY,TOTAL_DEVICE_ENERGY_NO_IDLE_SUBTRACTION,LONG_WINDOW_REPEATED_GENERATION_TO_LOSS_MATERIALIZATION_NOT_SPEEDUP_TIMING
saa.drcet.accuracy_cost_energy_pareto_gpu_h100_energy_long_window.v2.energy_workload_row,default_mixture_common_factor|d=250|method=gpu_raw_mc|paths=2048|repeat=1,default_mixture_common_factor,250,gpu_raw_mc,NVIDIA_GPU_H100_PCIE_LONG_WINDOW_ENERGY,2048,1,10,LONG_WINDOW_NVML_POWER_INTEGRATION,2.0,8.0,40,0.02,2,4712,2.0205004659983388,0.4287989104410736,2.0286193910000065,47,1.9984851230001368,215.40676500351492,0.04571450870193441,107.79808510638297,108.17,474.0,68.0,PASS_NVML_LONG_WINDOW_SAMPLE_COUNT_RELEASE_QUALITY,TOTAL_DEVICE_ENERGY_NO_IDLE_SUBTRACTION,LONG_WINDOW_REPEATED_GENERATION_TO_LOSS_MATERIALIZATION_NOT_SPEEDUP_TIMING
saa.drcet.accuracy_cost_energy_pareto_gpu_h100_energy_long_window.v2.energy_workload_row,default_mixture_common_factor|d=250|method=gpu_raw_mc|paths=2048|repeat=2,default_mixture_common_factor,250,gpu_raw_mc,NVIDIA_GPU_H100_PCIE_LONG_WINDOW_ENERGY,2048,2,10,LONG_WINDOW_NVML_POWER_INTEGRATION,2.0,8.0,40,0.02,2,4716,2.022918266000488,0.4289478935539627,2.0317378919999953,49,2.0005464129990287,216.00518377652512,0.045802625906811945,107.97285714285715,108.25,474.0,67.0,PASS_NVML_LONG_WINDOW_SAMPLE_COUNT_RELEASE_QUALITY,TOTAL_DEVICE_ENERGY_NO_IDLE_SUBTRACTION,LONG_WINDOW_REPEATED_GENERATION_TO_LOSS_MATERIALIZATION_NOT_SPEEDUP_TIMING
saa.drcet.accuracy_cost_energy_pareto_gpu_h100_energy_long_window.v2.energy_workload_row,default_mixture_common_factor|d=500|method=gpu_antithetic_mc|paths=512|repeat=0,default_mixture_common_factor,500,gpu_antithetic_mc,NVIDIA_GPU_H100_PCIE_LONG_WINDOW_ENERGY,512,0,10,LONG_WINDOW_NVML_POWER_INTEGRATION,2.0,8.0,40,0.02,2,3691,2.021246008000162,0.5476147407207158,2.034147546,49,1.9991091869997035,207.52454359698942,0.05622447672635855,103.83816326530614,107.75,470.0,67.0,PASS_NVML_LONG_WINDOW_SAMPLE_COUNT_RELEASE_QUALITY,TOTAL_DEVICE_ENERGY_NO_IDLE_SUBTRACTION,LONG_WINDOW_REPEATED_GENERATION_TO_LOSS_MATERIALIZATION_NOT_SPEEDUP_TIMING
saa.drcet.accuracy_cost_energy_pareto_gpu_h100_energy_long_window.v2.energy_workload_row,default_mixture_common_factor|d=500|method=gpu_antithetic_mc|paths=512|repeat=1,default_mixture_common_factor,500,gpu_antithetic_mc,NVIDIA_GPU_H100_PCIE_LONG_WINDOW_ENERGY,512,1,10,LONG_WINDOW_NVML_POWER_INTEGRATION,2.0,8.0,40,0.02,2,3631,2.020408562000739,0.5564330933629136,2.0374138469999963,48,1.998148267999568,204.8114488682307,0.056406347801771055,102.5,102.61,470.0,56.0,PASS_NVML_LONG_WINDOW_SAMPLE_COUNT_RELEASE_QUALITY,TOTAL_DEVICE_ENERGY_NO_IDLE_SUBTRACTION,LONG_WINDOW_REPEATED_GENERATION_TO_LOSS_MATERIALIZATION_NOT_SPEEDUP_TIMING
saa.drcet.accuracy_cost_energy_pareto_gpu_h100_energy_long_window.v2.energy_workload_row,default_mixture_common_factor|d=500|method=gpu_antithetic_mc|paths=512|repeat=2,default_mixture_common_factor,500,gpu_antithetic_mc,NVIDIA_GPU_H100_PCIE_LONG_WINDOW_ENERGY,512,2,10,LONG_WINDOW_NVML_POWER_INTEGRATION,2.0,8.0,40,0.02,2,3686,2.0266213659997447,0.5498158887682433,2.0359693269999894,49,2.004766092000864,205.62301713907848,0.05578486628840979,102.56755102040817,102.74,470.0,56.0,PASS_NVML_LONG_WINDOW_SAMPLE_COUNT_RELEASE_QUALITY,TOTAL_DEVICE_ENERGY_NO_IDLE_SUBTRACTION,LONG_WINDOW_REPEATED_GENERATION_TO_LOSS_MATERIALIZATION_NOT_SPEEDUP_TIMING
saa.drcet.accuracy_cost_energy_pareto_gpu_h100_energy_long_window.v2.energy_workload_row,default_mixture_common_factor|d=500|method=gpu_antithetic_mc|paths=2048|repeat=0,default_mixture_common_factor,500,gpu_antithetic_mc,NVIDIA_GPU_H100_PCIE_LONG_WINDOW_ENERGY,2048,0,10,LONG_WINDOW_NVML_POWER_INTEGRATION,2.0,8.0,40,0.02,2,3411,2.0781226769995556,0.6092414766929216,2.045302852000006,46,2.053644145000362,229.16597135472242,0.06718439500285031,111.41108695652171,114.76,494.0,64.0,PASS_NVML_LONG_WINDOW_SAMPLE_COUNT_RELEASE_QUALITY,TOTAL_DEVICE_ENERGY_NO_IDLE_SUBTRACTION,LONG_WINDOW_REPEATED_GENERATION_TO_LOSS_MATERIALIZATION_NOT_SPEEDUP_TIMING
saa.drcet.accuracy_cost_energy_pareto_gpu_h100_energy_long_window.v2.energy_workload_row,default_mixture_common_factor|d=500|method=gpu_antithetic_mc|paths=2048|repeat=1,default_mixture_common_factor,500,gpu_antithetic_mc,NVIDIA_GPU_H100_PCIE_LONG_WINDOW_ENERGY,2048,1,10,LONG_WINDOW_NVML_POWER_INTEGRATION,2.0,8.0,40,0.02,2,3497,2.0211735160009994,0.5779735533317127,2.0387881359999938,47,1.9971774949990504,228.53101950400065,0.06535059179410942,114.42510638297871,115.36,494.0,65.0,PASS_NVML_LONG_WINDOW_SAMPLE_COUNT_RELEASE_QUALITY,TOTAL_DEVICE_ENERGY_NO_IDLE_SUBTRACTION,LONG_WINDOW_REPEATED_GENERATION_TO_LOSS_MATERIALIZATION_NOT_SPEEDUP_TIMING
saa.drcet.accuracy_cost_energy_pareto_gpu_h100_energy_long_window.v2.energy_workload_row,default_mixture_common_factor|d=500|method=gpu_antithetic_mc|paths=2048|repeat=2,default_mixture_common_factor,500,gpu_antithetic_mc,NVIDIA_GPU_H100_PCIE_LONG_WINDOW_ENERGY,2048,2,10,LONG_WINDOW_NVML_POWER_INTEGRATION,2.0,8.0,40,0.02,2,3487,2.02202664700053,0.5798757232579667,2.0403890510000053,47,1.9965770879989577,229.96312475595536,0.06594870225292669,115.17574468085105,115.49,494.0,64.0,PASS_NVML_LONG_WINDOW_SAMPLE_COUNT_RELEASE_QUALITY,TOTAL_DEVICE_ENERGY_NO_IDLE_SUBTRACTION,LONG_WINDOW_REPEATED_GENERATION_TO_LOSS_MATERIALIZATION_NOT_SPEEDUP_TIMING
saa.drcet.accuracy_cost_energy_pareto_gpu_h100_energy_long_window.v2.energy_workload_row,default_mixture_common_factor|d=500|method=gpu_importance_sampling|paths=512|repeat=0,default_mixture_common_factor,500,gpu_importance_sampling,NVIDIA_GPU_H100_PCIE_LONG_WINDOW_ENERGY,512,0,10,LONG_WINDOW_NVML_POWER_INTEGRATION,2.0,8.0,40,0.02,2,4270,2.021146609000425,0.47333644238885836,2.0320079930000077,49,1.9985946870001499,212.89017471916065,0.04985718377497907,106.57714285714285,114.86,468.0,64.0,PASS_NVML_LONG_WINDOW_SAMPLE_COUNT_RELEASE_QUALITY,TOTAL_DEVICE_ENERGY_NO_IDLE_SUBTRACTION,LONG_WINDOW_REPEATED_GENERATION_TO_LOSS_MATERIALIZATION_NOT_SPEEDUP_TIMING
saa.drcet.accuracy_cost_energy_pareto_gpu_h100_energy_long_window.v2.energy_workload_row,default_mixture_common_factor|d=500|method=gpu_importance_sampling|paths=512|repeat=1,default_mixture_common_factor,500,gpu_importance_sampling,NVIDIA_GPU_H100_PCIE_LONG_WINDOW_ENERGY,512,1,10,LONG_WINDOW_NVML_POWER_INTEGRATION,2.0,8.0,40,0.02,2,4286,2.0211027109999122,0.4715591952869604,2.033155925999992,49,1.998838268000327,207.65583291868916,0.048449797694514504,103.88795918367346,104.1,468.0,61.0,PASS_NVML_LONG_WINDOW_SAMPLE_COUNT_RELEASE_QUALITY,TOTAL_DEVICE_ENERGY_NO_IDLE_SUBTRACTION,LONG_WINDOW_REPEATED_GENERATION_TO_LOSS_MATERIALIZATION_NOT_SPEEDUP_TIMING
saa.drcet.accuracy_cost_energy_pareto_gpu_h100_energy_long_window.v2.energy_workload_row,default_mixture_common_factor|d=500|method=gpu_importance_sampling|paths=512|repeat=2,default_mixture_common_factor,500,gpu_importance_sampling,NVIDIA_GPU_H100_PCIE_LONG_WINDOW_ENERGY,512,2,10,LONG_WINDOW_NVML_POWER_INTEGRATION,2.0,8.0,40,0.02,2,4279,2.020981304000088,0.47230224444965835,2.0335691310000072,49,1.999099140000908,207.92452319780443,0.04859184931007348,104.00897959183675,104.15,468.0,61.0,PASS_NVML_LONG_WINDOW_SAMPLE_COUNT_RELEASE_QUALITY,TOTAL_DEVICE_ENERGY_NO_IDLE_SUBTRACTION,LONG_WINDOW_REPEATED_GENERATION_TO_LOSS_MATERIALIZATION_NOT_SPEEDUP_TIMING
saa.drcet.accuracy_cost_energy_pareto_gpu_h100_energy_long_window.v2.energy_workload_row,default_mixture_common_factor|d=500|method=gpu_importance_sampling|paths=2048|repeat=0,default_mixture_common_factor,500,gpu_importance_sampling,NVIDIA_GPU_H100_PCIE_LONG_WINDOW_ENERGY,2048,0,10,LONG_WINDOW_NVML_POWER_INTEGRATION,2.0,8.0,40,0.02,2,4243,2.021707084000809,0.4764805760077325,2.0314042229999956,47,1.9989814609998575,224.0068477396898,0.052794449149113784,111.93297872340426,114.99,486.0,71.0,PASS_NVML_LONG_WINDOW_SAMPLE_COUNT_RELEASE_QUALITY,TOTAL_DEVICE_ENERGY_NO_IDLE_SUBTRACTION,LONG_WINDOW_REPEATED_GENERATION_TO_LOSS_MATERIALIZATION_NOT_SPEEDUP_TIMING
saa.drcet.accuracy_cost_energy_pareto_gpu_h100_energy_long_window.v2.energy_workload_row,default_mixture_common_factor|d=500|method=gpu_importance_sampling|paths=2048|repeat=1,default_mixture_common_factor,500,gpu_importance_sampling,NVIDIA_GPU_H100_PCIE_LONG_WINDOW_ENERGY,2048,1,10,LONG_WINDOW_NVML_POWER_INTEGRATION,2.0,8.0,40,0.02,2,4239,2.032742343000791,0.4795334614297691,2.034082986999991,49,2.010195201000897,230.82626005298778,0.0544529983611672,114.82632653061226,115.09,486.0,71.0,PASS_NVML_LONG_WINDOW_SAMPLE_COUNT_RELEASE_QUALITY,TOTAL_DEVICE_ENERGY_NO_IDLE_SUBTRACTION,LONG_WINDOW_REPEATED_GENERATION_TO_LOSS_MATERIALIZATION_NOT_SPEEDUP_TIMING
saa.drcet.accuracy_cost_energy_pareto_gpu_h100_energy_long_window.v2.energy_workload_row,default_mixture_common_factor|d=500|method=gpu_importance_sampling|paths=2048|repeat=2,default_mixture_common_factor,500,gpu_importance_sampling,NVIDIA_GPU_H100_PCIE_LONG_WINDOW_ENERGY,2048,2,10,LONG_WINDOW_NVML_POWER_INTEGRATION,2.0,8.0,40,0.02,2,4237,2.0278673709999566,0.47860924498464874,2.0295733379999916,49,2.0042700180001702,230.03049264465938,0.05429088804452664,114.76938775510203,115.18,486.0,71.0,PASS_NVML_LONG_WINDOW_SAMPLE_COUNT_RELEASE_QUALITY,TOTAL_DEVICE_ENERGY_NO_IDLE_SUBTRACTION,LONG_WINDOW_REPEATED_GENERATION_TO_LOSS_MATERIALIZATION_NOT_SPEEDUP_TIMING
saa.drcet.accuracy_cost_energy_pareto_gpu_h100_energy_long_window.v2.energy_workload_row,default_mixture_common_factor|d=500|method=gpu_randomized_qmc_cpu_sobol|paths=512|repeat=0,default_mixture_common_factor,500,gpu_randomized_qmc_cpu_sobol,NVIDIA_GPU_H100_PCIE_LONG_WINDOW_ENERGY,512,0,10,LONG_WINDOW_NVML_POWER_INTEGRATION,2.0,8.0,40,0.02,2,79,2.090734795998287,26.464997417699838,2.085571774000016,41,2.069471582000915,205.92738243196618,2.606675726986914,99.64146341463415,113.36,468.0,7.0,PASS_NVML_LONG_WINDOW_SAMPLE_COUNT_RELEASE_QUALITY,TOTAL_DEVICE_ENERGY_NO_IDLE_SUBTRACTION,LONG_WINDOW_REPEATED_GENERATION_TO_LOSS_MATERIALIZATION_NOT_SPEEDUP_TIMING
saa.drcet.accuracy_cost_energy_pareto_gpu_h100_energy_long_window.v2.energy_workload_row,default_mixture_common_factor|d=500|method=gpu_randomized_qmc_cpu_sobol|paths=512|repeat=1,default_mixture_common_factor,500,gpu_randomized_qmc_cpu_sobol,NVIDIA_GPU_H100_PCIE_LONG_WINDOW_ENERGY,512,1,10,LONG_WINDOW_NVML_POWER_INTEGRATION,2.0,8.0,40,0.02,2,79,2.09898228900056,26.569396063298225,2.09367557500002,41,2.0779949939988,197.97542776086055,2.5060180729222856,95.27463414634147,95.39,468.0,0.0,PASS_NVML_LONG_WINDOW_SAMPLE_COUNT_RELEASE_QUALITY,TOTAL_DEVICE_ENERGY_NO_IDLE_SUBTRACTION,LONG_WINDOW_REPEATED_GENERATION_TO_LOSS_MATERIALIZATION_NOT_SPEEDUP_TIMING
saa.drcet.accuracy_cost_energy_pareto_gpu_h100_energy_long_window.v2.energy_workload_row,default_mixture_common_factor|d=500|method=gpu_randomized_qmc_cpu_sobol|paths=512|repeat=2,default_mixture_common_factor,500,gpu_randomized_qmc_cpu_sobol,NVIDIA_GPU_H100_PCIE_LONG_WINDOW_ENERGY,512,2,10,LONG_WINDOW_NVML_POWER_INTEGRATION,2.0,8.0,40,0.02,2,79,2.094650545001059,26.5145638607729,2.090547960000009,41,2.0738359999995737,197.58578056148932,2.50108582989227,95.27658536585366,95.35,468.0,0.0,PASS_NVML_LONG_WINDOW_SAMPLE_COUNT_RELEASE_QUALITY,TOTAL_DEVICE_ENERGY_NO_IDLE_SUBTRACTION,LONG_WINDOW_REPEATED_GENERATION_TO_LOSS_MATERIALIZATION_NOT_SPEEDUP_TIMING
saa.drcet.accuracy_cost_energy_pareto_gpu_h100_energy_long_window.v2.energy_workload_row,default_mixture_common_factor|d=500|method=gpu_randomized_qmc_cpu_sobol|paths=2048|repeat=0,default_mixture_common_factor,500,gpu_randomized_qmc_cpu_sobol,NVIDIA_GPU_H100_PCIE_LONG_WINDOW_ENERGY,2048,0,10,LONG_WINDOW_NVML_POWER_INTEGRATION,2.0,8.0,40,0.02,2,41,2.0264808089996222,49.42636119511274,2.017122987999983,42,2.0048374050002167,191.13370642606068,4.661797717708797,95.33833333333334,95.38,486.0,1.0,PASS_NVML_LONG_WINDOW_SAMPLE_COUNT_RELEASE_QUALITY,TOTAL_DEVICE_ENERGY_NO_IDLE_SUBTRACTION,LONG_WINDOW_REPEATED_GENERATION_TO_LOSS_MATERIALIZATION_NOT_SPEEDUP_TIMING
saa.drcet.accuracy_cost_energy_pareto_gpu_h100_energy_long_window.v2.energy_workload_row,default_mixture_common_factor|d=500|method=gpu_randomized_qmc_cpu_sobol|paths=2048|repeat=1,default_mixture_common_factor,500,gpu_randomized_qmc_cpu_sobol,NVIDIA_GPU_H100_PCIE_LONG_WINDOW_ENERGY,2048,1,10,LONG_WINDOW_NVML_POWER_INTEGRATION,2.0,8.0,40,0.02,2,41,2.0275410390004254,49.45222046342501,2.01998101800001,43,2.005505725999683,191.35374524868976,4.6671645182607255,95.41441860465116,95.46,486.0,1.0,PASS_NVML_LONG_WINDOW_SAMPLE_COUNT_RELEASE_QUALITY,TOTAL_DEVICE_ENERGY_NO_IDLE_SUBTRACTION,LONG_WINDOW_REPEATED_GENERATION_TO_LOSS_MATERIALIZATION_NOT_SPEEDUP_TIMING
saa.drcet.accuracy_cost_energy_pareto_gpu_h100_energy_long_window.v2.energy_workload_row,default_mixture_common_factor|d=500|method=gpu_randomized_qmc_cpu_sobol|paths=2048|repeat=2,default_mixture_common_factor,500,gpu_randomized_qmc_cpu_sobol,NVIDIA_GPU_H100_PCIE_LONG_WINDOW_ENERGY,2048,2,10,LONG_WINDOW_NVML_POWER_INTEGRATION,2.0,8.0,40,0.02,2,41,2.0427783940012887,49.82386326832412,2.0375266789999955,43,2.0212372900004993,192.96000055920268,4.706341477053724,95.46627906976742,95.51,486.0,1.0,PASS_NVML_LONG_WINDOW_SAMPLE_COUNT_RELEASE_QUALITY,TOTAL_DEVICE_ENERGY_NO_IDLE_SUBTRACTION,LONG_WINDOW_REPEATED_GENERATION_TO_LOSS_MATERIALIZATION_NOT_SPEEDUP_TIMING
saa.drcet.accuracy_cost_energy_pareto_gpu_h100_energy_long_window.v2.energy_workload_row,default_mixture_common_factor|d=500|method=gpu_raw_mc|paths=512|repeat=0,default_mixture_common_factor,500,gpu_raw_mc,NVIDIA_GPU_H100_PCIE_LONG_WINDOW_ENERGY,512,0,10,LONG_WINDOW_NVML_POWER_INTEGRATION,2.0,8.0,40,0.02,2,4736,2.0212468709996756,0.42678354539689095,2.03361669100002,49,1.998373927999637,205.764754998821,0.043446949957521325,102.93265306122449,105.48,468.0,64.0,PASS_NVML_LONG_WINDOW_SAMPLE_COUNT_RELEASE_QUALITY,TOTAL_DEVICE_ENERGY_NO_IDLE_SUBTRACTION,LONG_WINDOW_REPEATED_GENERATION_TO_LOSS_MATERIALIZATION_NOT_SPEEDUP_TIMING
saa.drcet.accuracy_cost_energy_pareto_gpu_h100_energy_long_window.v2.energy_workload_row,default_mixture_common_factor|d=500|method=gpu_raw_mc|paths=512|repeat=1,default_mixture_common_factor,500,gpu_raw_mc,NVIDIA_GPU_H100_PCIE_LONG_WINDOW_ENERGY,512,1,10,LONG_WINDOW_NVML_POWER_INTEGRATION,2.0,8.0,40,0.02,2,4690,2.0212182619998202,0.4309633820895139,2.0331547520000015,49,1.9990060189993528,210.65176100137174,0.04491508763355474,105.38163265306122,105.62,468.0,64.0,PASS_NVML_LONG_WINDOW_SAMPLE_COUNT_RELEASE_QUALITY,TOTAL_DEVICE_ENERGY_NO_IDLE_SUBTRACTION,LONG_WINDOW_REPEATED_GENERATION_TO_LOSS_MATERIALIZATION_NOT_SPEEDUP_TIMING
saa.drcet.accuracy_cost_energy_pareto_gpu_h100_energy_long_window.v2.energy_workload_row,default_mixture_common_factor|d=500|method=gpu_raw_mc|paths=512|repeat=2,default_mixture_common_factor,500,gpu_raw_mc,NVIDIA_GPU_H100_PCIE_LONG_WINDOW_ENERGY,512,2,10,LONG_WINDOW_NVML_POWER_INTEGRATION,2.0,8.0,40,0.02,2,4727,2.0209783840000455,0.42753932388407984,2.0323247460000005,49,1.9985052409992932,210.98994884430027,0.0446350642784642,105.57326530612245,105.74,468.0,64.0,PASS_NVML_LONG_WINDOW_SAMPLE_COUNT_RELEASE_QUALITY,TOTAL_DEVICE_ENERGY_NO_IDLE_SUBTRACTION,LONG_WINDOW_REPEATED_GENERATION_TO_LOSS_MATERIALIZATION_NOT_SPEEDUP_TIMING
saa.drcet.accuracy_cost_energy_pareto_gpu_h100_energy_long_window.v2.energy_workload_row,default_mixture_common_factor|d=500|method=gpu_raw_mc|paths=2048|repeat=0,default_mixture_common_factor,500,gpu_raw_mc,NVIDIA_GPU_H100_PCIE_LONG_WINDOW_ENERGY,2048,0,10,LONG_WINDOW_NVML_POWER_INTEGRATION,2.0,8.0,40,0.02,2,4613,2.0213708050014247,0.43819007262116294,2.030733848000011,47,1.998954742000933,228.5187136769089,0.04953798258766722,114.26808510638298,117.5,486.0,74.0,PASS_NVML_LONG_WINDOW_SAMPLE_COUNT_RELEASE_QUALITY,TOTAL_DEVICE_ENERGY_NO_IDLE_SUBTRACTION,LONG_WINDOW_REPEATED_GENERATION_TO_LOSS_MATERIALIZATION_NOT_SPEEDUP_TIMING
saa.drcet.accuracy_cost_energy_pareto_gpu_h100_energy_long_window.v2.energy_workload_row,default_mixture_common_factor|d=500|method=gpu_raw_mc|paths=2048|repeat=1,default_mixture_common_factor,500,gpu_raw_mc,NVIDIA_GPU_H100_PCIE_LONG_WINDOW_ENERGY,2048,1,10,LONG_WINDOW_NVML_POWER_INTEGRATION,2.0,8.0,40,0.02,2,4597,2.021266777999699,0.43969257733297784,2.0343492780000076,48,1.9984675240011711,234.3666002289926,0.05098251038263925,117.26895833333333,117.7,486.0,74.0,PASS_NVML_LONG_WINDOW_SAMPLE_COUNT_RELEASE_QUALITY,TOTAL_DEVICE_ENERGY_NO_IDLE_SUBTRACTION,LONG_WINDOW_REPEATED_GENERATION_TO_LOSS_MATERIALIZATION_NOT_SPEEDUP_TIMING
saa.drcet.accuracy_cost_energy_pareto_gpu_h100_energy_long_window.v2.energy_workload_row,default_mixture_common_factor|d=500|method=gpu_raw_mc|paths=2048|repeat=2,default_mixture_common_factor,500,gpu_raw_mc,NVIDIA_GPU_H100_PCIE_LONG_WINDOW_ENERGY,2048,2,10,LONG_WINDOW_NVML_POWER_INTEGRATION,2.0,8.0,40,0.02,2,4644,2.038049898999816,0.4388565673987545,2.0326477549999993,49,2.0147900770007254,236.6953211450253,0.05096798474268417,117.46877551020407,117.79,486.0,74.0,PASS_NVML_LONG_WINDOW_SAMPLE_COUNT_RELEASE_QUALITY,TOTAL_DEVICE_ENERGY_NO_IDLE_SUBTRACTION,LONG_WINDOW_REPEATED_GENERATION_TO_LOSS_MATERIALIZATION_NOT_SPEEDUP_TIMING
saa.drcet.accuracy_cost_energy_pareto_gpu_h100_energy_long_window.v2.energy_workload_row,default_mixture_common_factor|d=1000|method=gpu_antithetic_mc|paths=512|repeat=0,default_mixture_common_factor,1000,gpu_antithetic_mc,NVIDIA_GPU_H100_PCIE_LONG_WINDOW_ENERGY,512,0,10,LONG_WINDOW_NVML_POWER_INTEGRATION,2.0,8.0,40,0.02,2,3685,2.0206840920000104,0.5483538919945754,2.036200803000014,49,1.998709057999804,220.4580340322428,0.05982578942530334,110.33040816326528,116.8,478.0,74.0,PASS_NVML_LONG_WINDOW_SAMPLE_COUNT_RELEASE_QUALITY,TOTAL_DEVICE_ENERGY_NO_IDLE_SUBTRACTION,LONG_WINDOW_REPEATED_GENERATION_TO_LOSS_MATERIALIZATION_NOT_SPEEDUP_TIMING
saa.drcet.accuracy_cost_energy_pareto_gpu_h100_energy_long_window.v2.energy_workload_row,default_mixture_common_factor|d=1000|method=gpu_antithetic_mc|paths=512|repeat=1,default_mixture_common_factor,1000,gpu_antithetic_mc,NVIDIA_GPU_H100_PCIE_LONG_WINDOW_ENERGY,512,1,10,LONG_WINDOW_NVML_POWER_INTEGRATION,2.0,8.0,40,0.02,2,3653,2.031527040000583,0.556125661100625,2.0397472129999983,49,2.0100477739997586,217.65997704150885,0.05958389735601118,108.28367346938775,108.42,478.0,58.0,PASS_NVML_LONG_WINDOW_SAMPLE_COUNT_RELEASE_QUALITY,TOTAL_DEVICE_ENERGY_NO_IDLE_SUBTRACTION,LONG_WINDOW_REPEATED_GENERATION_TO_LOSS_MATERIALIZATION_NOT_SPEEDUP_TIMING
saa.drcet.accuracy_cost_energy_pareto_gpu_h100_energy_long_window.v2.energy_workload_row,default_mixture_common_factor|d=1000|method=gpu_antithetic_mc|paths=512|repeat=2,default_mixture_common_factor,1000,gpu_antithetic_mc,NVIDIA_GPU_H100_PCIE_LONG_WINDOW_ENERGY,512,2,10,LONG_WINDOW_NVML_POWER_INTEGRATION,2.0,8.0,40,0.02,2,3671,2.020969364000848,0.5505228450015931,2.0347427600000003,49,1.9997396100006881,216.4888737856845,0.05897272508463211,108.25877551020407,108.53,478.0,58.0,PASS_NVML_LONG_WINDOW_SAMPLE_COUNT_RELEASE_QUALITY,TOTAL_DEVICE_ENERGY_NO_IDLE_SUBTRACTION,LONG_WINDOW_REPEATED_GENERATION_TO_LOSS_MATERIALIZATION_NOT_SPEEDUP_TIMING
saa.drcet.accuracy_cost_energy_pareto_gpu_h100_energy_long_window.v2.energy_workload_row,default_mixture_common_factor|d=1000|method=gpu_antithetic_mc|paths=2048|repeat=0,default_mixture_common_factor,1000,gpu_antithetic_mc,NVIDIA_GPU_H100_PCIE_LONG_WINDOW_ENERGY,2048,0,10,LONG_WINDOW_NVML_POWER_INTEGRATION,2.0,8.0,40,0.02,2,3422,2.021234474999801,0.5906588179426654,2.0463142239999854,45,1.9961250360011036,248.2129164019783,0.072534458329041,124.34155555555557,129.98,526.0,73.0,PASS_NVML_LONG_WINDOW_SAMPLE_COUNT_RELEASE_QUALITY,TOTAL_DEVICE_ENERGY_NO_IDLE_SUBTRACTION,LONG_WINDOW_REPEATED_GENERATION_TO_LOSS_MATERIALIZATION_NOT_SPEEDUP_TIMING
saa.drcet.accuracy_cost_energy_pareto_gpu_h100_energy_long_window.v2.energy_workload_row,default_mixture_common_factor|d=1000|method=gpu_antithetic_mc|paths=2048|repeat=1,default_mixture_common_factor,1000,gpu_antithetic_mc,NVIDIA_GPU_H100_PCIE_LONG_WINDOW_ENERGY,2048,1,10,LONG_WINDOW_NVML_POWER_INTEGRATION,2.0,8.0,40,0.02,2,3477,2.021824225999808,0.5814852533792948,2.0379569240000137,47,1.9955884079990938,259.02420911010745,0.07449646508775021,129.79382978723407,130.31,526.0,73.0,PASS_NVML_LONG_WINDOW_SAMPLE_COUNT_RELEASE_QUALITY,TOTAL_DEVICE_ENERGY_NO_IDLE_SUBTRACTION,LONG_WINDOW_REPEATED_GENERATION_TO_LOSS_MATERIALIZATION_NOT_SPEEDUP_TIMING
saa.drcet.accuracy_cost_energy_pareto_gpu_h100_energy_long_window.v2.energy_workload_row,default_mixture_common_factor|d=1000|method=gpu_antithetic_mc|paths=2048|repeat=2,default_mixture_common_factor,1000,gpu_antithetic_mc,NVIDIA_GPU_H100_PCIE_LONG_WINDOW_ENERGY,2048,2,10,LONG_WINDOW_NVML_POWER_INTEGRATION,2.0,8.0,40,0.02,2,3476,2.0390530079985183,0.5866090356727613,2.0394326359999866,48,2.015417755999806,262.57202169328013,0.07553855629841201,130.265,130.79,526.0,73.0,PASS_NVML_LONG_WINDOW_SAMPLE_COUNT_RELEASE_QUALITY,TOTAL_DEVICE_ENERGY_NO_IDLE_SUBTRACTION,LONG_WINDOW_REPEATED_GENERATION_TO_LOSS_MATERIALIZATION_NOT_SPEEDUP_TIMING
saa.drcet.accuracy_cost_energy_pareto_gpu_h100_energy_long_window.v2.energy_workload_row,default_mixture_common_factor|d=1000|method=gpu_importance_sampling|paths=512|repeat=0,default_mixture_common_factor,1000,gpu_importance_sampling,NVIDIA_GPU_H100_PCIE_LONG_WINDOW_ENERGY,512,0,10,LONG_WINDOW_NVML_POWER_INTEGRATION,2.0,8.0,40,0.02,2,4289,2.0313391590007086,0.4736160314760337,2.029990543999986,50,2.009279013998821,229.029924161832,0.05339937611607182,114.05140000000002,128.99,474.0,64.0,PASS_NVML_LONG_WINDOW_SAMPLE_COUNT_RELEASE_QUALITY,TOTAL_DEVICE_ENERGY_NO_IDLE_SUBTRACTION,LONG_WINDOW_REPEATED_GENERATION_TO_LOSS_MATERIALIZATION_NOT_SPEEDUP_TIMING
saa.drcet.accuracy_cost_energy_pareto_gpu_h100_energy_long_window.v2.energy_workload_row,default_mixture_common_factor|d=1000|method=gpu_importance_sampling|paths=512|repeat=1,default_mixture_common_factor,1000,gpu_importance_sampling,NVIDIA_GPU_H100_PCIE_LONG_WINDOW_ENERGY,512,1,10,LONG_WINDOW_NVML_POWER_INTEGRATION,2.0,8.0,40,0.02,2,4278,2.0209821930002363,0.47241285483876494,2.031071263000001,49,1.9989241089988354,218.00263047161815,0.050959006655357214,109.06081632653063,109.35,474.0,64.0,PASS_NVML_LONG_WINDOW_SAMPLE_COUNT_RELEASE_QUALITY,TOTAL_DEVICE_ENERGY_NO_IDLE_SUBTRACTION,LONG_WINDOW_REPEATED_GENERATION_TO_LOSS_MATERIALIZATION_NOT_SPEEDUP_TIMING
saa.drcet.accuracy_cost_energy_pareto_gpu_h100_energy_long_window.v2.energy_workload_row,default_mixture_common_factor|d=1000|method=gpu_importance_sampling|paths=512|repeat=2,default_mixture_common_factor,1000,gpu_importance_sampling,NVIDIA_GPU_H100_PCIE_LONG_WINDOW_ENERGY,512,2,10,LONG_WINDOW_NVML_POWER_INTEGRATION,2.0,8.0,40,0.02,2,4276,2.022777721998864,0.47305372357316744,2.033588564000013,49,1.9996567889993457,218.45146410762854,0.0510878073217092,109.24448979591838,109.46,474.0,64.0,PASS_NVML_LONG_WINDOW_SAMPLE_COUNT_RELEASE_QUALITY,TOTAL_DEVICE_ENERGY_NO_IDLE_SUBTRACTION,LONG_WINDOW_REPEATED_GENERATION_TO_LOSS_MATERIALIZATION_NOT_SPEEDUP_TIMING
saa.drcet.accuracy_cost_energy_pareto_gpu_h100_energy_long_window.v2.energy_workload_row,default_mixture_common_factor|d=1000|method=gpu_importance_sampling|paths=2048|repeat=0,default_mixture_common_factor,1000,gpu_importance_sampling,NVIDIA_GPU_H100_PCIE_LONG_WINDOW_ENERGY,2048,0,10,LONG_WINDOW_NVML_POWER_INTEGRATION,2.0,8.0,40,0.02,2,4003,2.0218821540001954,0.5050917197102661,2.0329330129999903,46,1.9985461729993403,253.14905493276632,0.06323983385779823,126.82782608695653,132.71,510.0,84.0,PASS_NVML_LONG_WINDOW_SAMPLE_COUNT_RELEASE_QUALITY,TOTAL_DEVICE_ENERGY_NO_IDLE_SUBTRACTION,LONG_WINDOW_REPEATED_GENERATION_TO_LOSS_MATERIALIZATION_NOT_SPEEDUP_TIMING
saa.drcet.accuracy_cost_energy_pareto_gpu_h100_energy_long_window.v2.energy_workload_row,default_mixture_common_factor|d=1000|method=gpu_importance_sampling|paths=2048|repeat=1,default_mixture_common_factor,1000,gpu_importance_sampling,NVIDIA_GPU_H100_PCIE_LONG_WINDOW_ENERGY,2048,1,10,LONG_WINDOW_NVML_POWER_INTEGRATION,2.0,8.0,40,0.02,2,4018,2.0318236949988204,0.5056803621201643,2.0319402110000055,48,2.008400411999901,266.02409439447194,0.06620808720619013,132.44604166666667,133.05,510.0,84.0,PASS_NVML_LONG_WINDOW_SAMPLE_COUNT_RELEASE_QUALITY,TOTAL_DEVICE_ENERGY_NO_IDLE_SUBTRACTION,LONG_WINDOW_REPEATED_GENERATION_TO_LOSS_MATERIALIZATION_NOT_SPEEDUP_TIMING
saa.drcet.accuracy_cost_energy_pareto_gpu_h100_energy_long_window.v2.energy_workload_row,default_mixture_common_factor|d=1000|method=gpu_importance_sampling|paths=2048|repeat=2,default_mixture_common_factor,1000,gpu_importance_sampling,NVIDIA_GPU_H100_PCIE_LONG_WINDOW_ENERGY,2048,2,10,LONG_WINDOW_NVML_POWER_INTEGRATION,2.0,8.0,40,0.02,2,4004,2.0311062170003424,0.5072692849651205,2.032334372000008,48,2.0082620840003074,265.92308199542117,0.06641435614271259,132.41979166666667,133.05,510.0,84.0,PASS_NVML_LONG_WINDOW_SAMPLE_COUNT_RELEASE_QUALITY,TOTAL_DEVICE_ENERGY_NO_IDLE_SUBTRACTION,LONG_WINDOW_REPEATED_GENERATION_TO_LOSS_MATERIALIZATION_NOT_SPEEDUP_TIMING
saa.drcet.accuracy_cost_energy_pareto_gpu_h100_energy_long_window.v2.energy_workload_row,default_mixture_common_factor|d=1000|method=gpu_randomized_qmc_cpu_sobol|paths=512|repeat=0,default_mixture_common_factor,1000,gpu_randomized_qmc_cpu_sobol,NVIDIA_GPU_H100_PCIE_LONG_WINDOW_ENERGY,512,0,10,LONG_WINDOW_NVML_POWER_INTEGRATION,2.0,8.0,40,0.02,2,40,2.08555747399987,52.13893684999675,2.0679475390000164,42,2.059926745001576,214.90882100801002,5.372720525200251,104.41071428571429,127.95,474.0,0.0,PASS_NVML_LONG_WINDOW_SAMPLE_COUNT_RELEASE_QUALITY,TOTAL_DEVICE_ENERGY_NO_IDLE_SUBTRACTION,LONG_WINDOW_REPEATED_GENERATION_TO_LOSS_MATERIALIZATION_NOT_SPEEDUP_TIMING
saa.drcet.accuracy_cost_energy_pareto_gpu_h100_energy_long_window.v2.energy_workload_row,default_mixture_common_factor|d=1000|method=gpu_randomized_qmc_cpu_sobol|paths=512|repeat=1,default_mixture_common_factor,1000,gpu_randomized_qmc_cpu_sobol,NVIDIA_GPU_H100_PCIE_LONG_WINDOW_ENERGY,512,1,10,LONG_WINDOW_NVML_POWER_INTEGRATION,2.0,8.0,40,0.02,2,40,2.091814969000552,52.2953742250138,2.074210002000001,42,2.0661986979994253,201.81547000053882,5.045386750013471,97.67499999999998,97.7,474.0,0.0,PASS_NVML_LONG_WINDOW_SAMPLE_COUNT_RELEASE_QUALITY,TOTAL_DEVICE_ENERGY_NO_IDLE_SUBTRACTION,LONG_WINDOW_REPEATED_GENERATION_TO_LOSS_MATERIALIZATION_NOT_SPEEDUP_TIMING
saa.drcet.accuracy_cost_energy_pareto_gpu_h100_energy_long_window.v2.energy_workload_row,default_mixture_common_factor|d=1000|method=gpu_randomized_qmc_cpu_sobol|paths=512|repeat=2,default_mixture_common_factor,1000,gpu_randomized_qmc_cpu_sobol,NVIDIA_GPU_H100_PCIE_LONG_WINDOW_ENERGY,512,2,10,LONG_WINDOW_NVML_POWER_INTEGRATION,2.0,8.0,40,0.02,2,41,2.150377271000252,52.44822612195737,2.1325963230000013,42,2.1247881409999536,207.5571558951305,5.0623696559787925,97.68333333333332,97.71,474.0,0.0,PASS_NVML_LONG_WINDOW_SAMPLE_COUNT_RELEASE_QUALITY,TOTAL_DEVICE_ENERGY_NO_IDLE_SUBTRACTION,LONG_WINDOW_REPEATED_GENERATION_TO_LOSS_MATERIALIZATION_NOT_SPEEDUP_TIMING
saa.drcet.accuracy_cost_energy_pareto_gpu_h100_energy_long_window.v2.energy_workload_row,default_mixture_common_factor|d=1000|method=gpu_randomized_qmc_cpu_sobol|paths=2048|repeat=0,default_mixture_common_factor,1000,gpu_randomized_qmc_cpu_sobol,NVIDIA_GPU_H100_PCIE_LONG_WINDOW_ENERGY,2048,0,10,LONG_WINDOW_NVML_POWER_INTEGRATION,2.0,8.0,40,0.02,2,23,2.0846034520000103,90.63493269565262,2.0615495640000177,48,2.0588935509986186,201.32341064489484,8.75319176716934,97.78270833333333,97.86,510.0,1.0,PASS_NVML_LONG_WINDOW_SAMPLE_COUNT_RELEASE_QUALITY,TOTAL_DEVICE_ENERGY_NO_IDLE_SUBTRACTION,LONG_WINDOW_REPEATED_GENERATION_TO_LOSS_MATERIALIZATION_NOT_SPEEDUP_TIMING
saa.drcet.accuracy_cost_energy_pareto_gpu_h100_energy_long_window.v2.energy_workload_row,default_mixture_common_factor|d=1000|method=gpu_randomized_qmc_cpu_sobol|paths=2048|repeat=1,default_mixture_common_factor,1000,gpu_randomized_qmc_cpu_sobol,NVIDIA_GPU_H100_PCIE_LONG_WINDOW_ENERGY,2048,1,10,LONG_WINDOW_NVML_POWER_INTEGRATION,2.0,8.0,40,0.02,2,23,2.0810775570007536,90.48163291307624,2.059263017999996,48,2.0555338170015602,200.95671916780756,8.737248659469895,97.76479166666667,97.81,510.0,1.0,PASS_NVML_LONG_WINDOW_SAMPLE_COUNT_RELEASE_QUALITY,TOTAL_DEVICE_ENERGY_NO_IDLE_SUBTRACTION,LONG_WINDOW_REPEATED_GENERATION_TO_LOSS_MATERIALIZATION_NOT_SPEEDUP_TIMING
saa.drcet.accuracy_cost_energy_pareto_gpu_h100_energy_long_window.v2.energy_workload_row,default_mixture_common_factor|d=1000|method=gpu_randomized_qmc_cpu_sobol|paths=2048|repeat=2,default_mixture_common_factor,1000,gpu_randomized_qmc_cpu_sobol,NVIDIA_GPU_H100_PCIE_LONG_WINDOW_ENERGY,2048,2,10,LONG_WINDOW_NVML_POWER_INTEGRATION,2.0,8.0,40,0.02,2,23,2.08206854799937,90.52471947823348,2.0600690440000164,48,2.0562997569995787,201.15601030466382,8.745913491507123,97.82375000000002,97.87,510.0,1.0,PASS_NVML_LONG_WINDOW_SAMPLE_COUNT_RELEASE_QUALITY,TOTAL_DEVICE_ENERGY_NO_IDLE_SUBTRACTION,LONG_WINDOW_REPEATED_GENERATION_TO_LOSS_MATERIALIZATION_NOT_SPEEDUP_TIMING
saa.drcet.accuracy_cost_energy_pareto_gpu_h100_energy_long_window.v2.energy_workload_row,default_mixture_common_factor|d=1000|method=gpu_raw_mc|paths=512|repeat=0,default_mixture_common_factor,1000,gpu_raw_mc,NVIDIA_GPU_H100_PCIE_LONG_WINDOW_ENERGY,512,0,10,LONG_WINDOW_NVML_POWER_INTEGRATION,2.0,8.0,40,0.02,2,4711,2.0212974089990894,0.42905909764361905,2.0327831029999857,49,1.9982665269999416,215.31448461906217,0.04570462420273024,107.70673469387755,111.13,474.0,67.0,PASS_NVML_LONG_WINDOW_SAMPLE_COUNT_RELEASE_QUALITY,TOTAL_DEVICE_ENERGY_NO_IDLE_SUBTRACTION,LONG_WINDOW_REPEATED_GENERATION_TO_LOSS_MATERIALIZATION_NOT_SPEEDUP_TIMING
saa.drcet.accuracy_cost_energy_pareto_gpu_h100_energy_long_window.v2.energy_workload_row,default_mixture_common_factor|d=1000|method=gpu_raw_mc|paths=512|repeat=1,default_mixture_common_factor,1000,gpu_raw_mc,NVIDIA_GPU_H100_PCIE_LONG_WINDOW_ENERGY,512,1,10,LONG_WINDOW_NVML_POWER_INTEGRATION,2.0,8.0,40,0.02,2,4710,2.0207330320008623,0.42903036772842085,2.03171614499999,49,1.997714379998797,221.72441184900643,0.04707524667707143,110.98979591836735,111.21,474.0,67.0,PASS_NVML_LONG_WINDOW_SAMPLE_COUNT_RELEASE_QUALITY,TOTAL_DEVICE_ENERGY_NO_IDLE_SUBTRACTION,LONG_WINDOW_REPEATED_GENERATION_TO_LOSS_MATERIALIZATION_NOT_SPEEDUP_TIMING
saa.drcet.accuracy_cost_energy_pareto_gpu_h100_energy_long_window.v2.energy_workload_row,default_mixture_common_factor|d=1000|method=gpu_raw_mc|paths=512|repeat=2,default_mixture_common_factor,1000,gpu_raw_mc,NVIDIA_GPU_H100_PCIE_LONG_WINDOW_ENERGY,512,2,10,LONG_WINDOW_NVML_POWER_INTEGRATION,2.0,8.0,40,0.02,2,4709,2.0350557469992054,0.4321630382245074,2.0300141460000134,48,2.0129846330000873,223.63972732935989,0.04749197862165213,111.10354166666666,111.34,474.0,67.0,PASS_NVML_LONG_WINDOW_SAMPLE_COUNT_RELEASE_QUALITY,TOTAL_DEVICE_ENERGY_NO_IDLE_SUBTRACTION,LONG_WINDOW_REPEATED_GENERATION_TO_LOSS_MATERIALIZATION_NOT_SPEEDUP_TIMING
saa.drcet.accuracy_cost_energy_pareto_gpu_h100_energy_long_window.v2.energy_workload_row,default_mixture_common_factor|d=1000|method=gpu_raw_mc|paths=2048|repeat=0,default_mixture_common_factor,1000,gpu_raw_mc,NVIDIA_GPU_H100_PCIE_LONG_WINDOW_ENERGY,2048,0,10,LONG_WINDOW_NVML_POWER_INTEGRATION,2.0,8.0,40,0.02,2,4374,2.0218023139987054,0.46223189620455085,2.0353009640000153,47,1.9992495120004605,258.8543939239519,0.05918024552445173,129.38936170212767,135.9,510.0,88.0,PASS_NVML_LONG_WINDOW_SAMPLE_COUNT_RELEASE_QUALITY,TOTAL_DEVICE_ENERGY_NO_IDLE_SUBTRACTION,LONG_WINDOW_REPEATED_GENERATION_TO_LOSS_MATERIALIZATION_NOT_SPEEDUP_TIMING
saa.drcet.accuracy_cost_energy_pareto_gpu_h100_energy_long_window.v2.energy_workload_row,default_mixture_common_factor|d=1000|method=gpu_raw_mc|paths=2048|repeat=1,default_mixture_common_factor,1000,gpu_raw_mc,NVIDIA_GPU_H100_PCIE_LONG_WINDOW_ENERGY,2048,1,10,LONG_WINDOW_NVML_POWER_INTEGRATION,2.0,8.0,40,0.02,2,4373,2.021587057000943,0.46228837342806833,2.0358698000000004,47,1.9985273820002476,270.8157111286126,0.06192904439254804,135.50489361702128,136.09,510.0,88.0,PASS_NVML_LONG_WINDOW_SAMPLE_COUNT_RELEASE_QUALITY,TOTAL_DEVICE_ENERGY_NO_IDLE_SUBTRACTION,LONG_WINDOW_REPEATED_GENERATION_TO_LOSS_MATERIALIZATION_NOT_SPEEDUP_TIMING
saa.drcet.accuracy_cost_energy_pareto_gpu_h100_energy_long_window.v2.energy_workload_row,default_mixture_common_factor|d=1000|method=gpu_raw_mc|paths=2048|repeat=2,default_mixture_common_factor,1000,gpu_raw_mc,NVIDIA_GPU_H100_PCIE_LONG_WINDOW_ENERGY,2048,2,10,LONG_WINDOW_NVML_POWER_INTEGRATION,2.0,8.0,40,0.02,2,4387,2.0216448770006537,0.46082627695478773,2.035009489999993,47,1.9971640260009735,271.29478816476245,0.06184061731587929,135.83936170212766,136.51,510.0,88.0,PASS_NVML_LONG_WINDOW_SAMPLE_COUNT_RELEASE_QUALITY,TOTAL_DEVICE_ENERGY_NO_IDLE_SUBTRACTION,LONG_WINDOW_REPEATED_GENERATION_TO_LOSS_MATERIALIZATION_NOT_SPEEDUP_TIMING
saa.drcet.accuracy_cost_energy_pareto_gpu_h100_energy_long_window.v2.energy_workload_row,discontinuous_liquidity_loss|d=100|method=gpu_antithetic_mc|paths=512|repeat=0,discontinuous_liquidity_loss,100,gpu_antithetic_mc,NVIDIA_GPU_H100_PCIE_LONG_WINDOW_ENERGY,512,0,10,LONG_WINDOW_NVML_POWER_INTEGRATION,2.0,8.0,40,0.02,2,3572,2.037948569999571,0.5705343141096224,2.02810532700002,50,2.015701786000136,222.40309408769645,0.062262904279870225,110.4134,135.39,462.0,88.0,PASS_NVML_LONG_WINDOW_SAMPLE_COUNT_RELEASE_QUALITY,TOTAL_DEVICE_ENERGY_NO_IDLE_SUBTRACTION,LONG_WINDOW_REPEATED_GENERATION_TO_LOSS_MATERIALIZATION_NOT_SPEEDUP_TIMING
saa.drcet.accuracy_cost_energy_pareto_gpu_h100_energy_long_window.v2.energy_workload_row,discontinuous_liquidity_loss|d=100|method=gpu_antithetic_mc|paths=512|repeat=1,discontinuous_liquidity_loss,100,gpu_antithetic_mc,NVIDIA_GPU_H100_PCIE_LONG_WINDOW_ENERGY,512,1,10,LONG_WINDOW_NVML_POWER_INTEGRATION,2.0,8.0,40,0.02,2,3548,2.0396262089998345,0.5748664625140458,2.0269975829999964,50,2.017894894001074,206.2961925728297,0.05814436092808053,102.2314,102.35,462.0,52.0,PASS_NVML_LONG_WINDOW_SAMPLE_COUNT_RELEASE_QUALITY,TOTAL_DEVICE_ENERGY_NO_IDLE_SUBTRACTION,LONG_WINDOW_REPEATED_GENERATION_TO_LOSS_MATERIALIZATION_NOT_SPEEDUP_TIMING
saa.drcet.accuracy_cost_energy_pareto_gpu_h100_energy_long_window.v2.energy_workload_row,discontinuous_liquidity_loss|d=100|method=gpu_antithetic_mc|paths=512|repeat=2,discontinuous_liquidity_loss,100,gpu_antithetic_mc,NVIDIA_GPU_H100_PCIE_LONG_WINDOW_ENERGY,512,2,10,LONG_WINDOW_NVML_POWER_INTEGRATION,2.0,8.0,40,0.02,2,3546,2.02140219300054,0.5700513798647885,2.025973631999989,48,1.9991650190004293,204.36132276364876,0.05763150670153659,102.22791666666666,102.36,462.0,53.0,PASS_NVML_LONG_WINDOW_SAMPLE_COUNT_RELEASE_QUALITY,TOTAL_DEVICE_ENERGY_NO_IDLE_SUBTRACTION,LONG_WINDOW_REPEATED_GENERATION_TO_LOSS_MATERIALIZATION_NOT_SPEEDUP_TIMING
saa.drcet.accuracy_cost_energy_pareto_gpu_h100_energy_long_window.v2.energy_workload_row,discontinuous_liquidity_loss|d=100|method=gpu_antithetic_mc|paths=2048|repeat=0,discontinuous_liquidity_loss,100,gpu_antithetic_mc,NVIDIA_GPU_H100_PCIE_LONG_WINDOW_ENERGY,2048,0,10,LONG_WINDOW_NVML_POWER_INTEGRATION,2.0,8.0,40,0.02,2,3561,2.0309864030004974,0.5703415902837679,2.029278293999994,50,2.009192018000249,208.2433926049764,0.05847890834175131,103.64039999999999,104.18,464.0,54.0,PASS_NVML_LONG_WINDOW_SAMPLE_COUNT_RELEASE_QUALITY,TOTAL_DEVICE_ENERGY_NO_IDLE_SUBTRACTION,LONG_WINDOW_REPEATED_GENERATION_TO_LOSS_MATERIALIZATION_NOT_SPEEDUP_TIMING
saa.drcet.accuracy_cost_energy_pareto_gpu_h100_energy_long_window.v2.energy_workload_row,discontinuous_liquidity_loss|d=100|method=gpu_antithetic_mc|paths=2048|repeat=1,discontinuous_liquidity_loss,100,gpu_antithetic_mc,NVIDIA_GPU_H100_PCIE_LONG_WINDOW_ENERGY,2048,1,10,LONG_WINDOW_NVML_POWER_INTEGRATION,2.0,8.0,40,0.02,2,3568,2.0205932469998515,0.5663097665358329,2.029122180999991,49,1.9989609820004262,208.04478527286932,0.05830851605181315,104.07632653061226,104.21,464.0,54.0,PASS_NVML_LONG_WINDOW_SAMPLE_COUNT_RELEASE_QUALITY,TOTAL_DEVICE_ENERGY_NO_IDLE_SUBTRACTION,LONG_WINDOW_REPEATED_GENERATION_TO_LOSS_MATERIALIZATION_NOT_SPEEDUP_TIMING
saa.drcet.accuracy_cost_energy_pareto_gpu_h100_energy_long_window.v2.energy_workload_row,discontinuous_liquidity_loss|d=100|method=gpu_antithetic_mc|paths=2048|repeat=2,discontinuous_liquidity_loss,100,gpu_antithetic_mc,NVIDIA_GPU_H100_PCIE_LONG_WINDOW_ENERGY,2048,2,10,LONG_WINDOW_NVML_POWER_INTEGRATION,2.0,8.0,40,0.02,2,3554,2.026023692000308,0.5700685683737502,2.0281001629999764,50,2.0032810079992487,208.6238705817217,0.05870114535220081,104.14120000000001,104.23,464.0,54.0,PASS_NVML_LONG_WINDOW_SAMPLE_COUNT_RELEASE_QUALITY,TOTAL_DEVICE_ENERGY_NO_IDLE_SUBTRACTION,LONG_WINDOW_REPEATED_GENERATION_TO_LOSS_MATERIALIZATION_NOT_SPEEDUP_TIMING
saa.drcet.accuracy_cost_energy_pareto_gpu_h100_energy_long_window.v2.energy_workload_row,discontinuous_liquidity_loss|d=100|method=gpu_importance_sampling|paths=512|repeat=0,discontinuous_liquidity_loss,100,gpu_importance_sampling,NVIDIA_GPU_H100_PCIE_LONG_WINDOW_ENERGY,512,0,10,LONG_WINDOW_NVML_POWER_INTEGRATION,2.0,8.0,40,0.02,2,4165,2.023451496001144,0.4858226881155207,2.0242870240000173,50,2.0016369619988836,206.3385791502542,0.0495410754262315,103.0882,104.05,462.0,57.0,PASS_NVML_LONG_WINDOW_SAMPLE_COUNT_RELEASE_QUALITY,TOTAL_DEVICE_ENERGY_NO_IDLE_SUBTRACTION,LONG_WINDOW_REPEATED_GENERATION_TO_LOSS_MATERIALIZATION_NOT_SPEEDUP_TIMING
saa.drcet.accuracy_cost_energy_pareto_gpu_h100_energy_long_window.v2.energy_workload_row,discontinuous_liquidity_loss|d=100|method=gpu_importance_sampling|paths=512|repeat=1,discontinuous_liquidity_loss,100,gpu_importance_sampling,NVIDIA_GPU_H100_PCIE_LONG_WINDOW_ENERGY,512,1,10,LONG_WINDOW_NVML_POWER_INTEGRATION,2.0,8.0,40,0.02,2,4156,2.020815900999878,0.48624059215588983,2.022845965000016,50,1.9994353359998058,205.50048995076006,0.04944670114310877,102.77839999999998,102.83,462.0,57.0,PASS_NVML_LONG_WINDOW_SAMPLE_COUNT_RELEASE_QUALITY,TOTAL_DEVICE_ENERGY_NO_IDLE_SUBTRACTION,LONG_WINDOW_REPEATED_GENERATION_TO_LOSS_MATERIALIZATION_NOT_SPEEDUP_TIMING
saa.drcet.accuracy_cost_energy_pareto_gpu_h100_energy_long_window.v2.energy_workload_row,discontinuous_liquidity_loss|d=100|method=gpu_importance_sampling|paths=512|repeat=2,discontinuous_liquidity_loss,100,gpu_importance_sampling,NVIDIA_GPU_H100_PCIE_LONG_WINDOW_ENERGY,512,2,10,LONG_WINDOW_NVML_POWER_INTEGRATION,2.0,8.0,40,0.02,2,4158,2.021167142000195,0.4860911837422306,2.0245982130000186,48,1.9996661360000871,205.7539873146191,0.04948388343304933,102.89687500000001,103.04,462.0,57.0,PASS_NVML_LONG_WINDOW_SAMPLE_COUNT_RELEASE_QUALITY,TOTAL_DEVICE_ENERGY_NO_IDLE_SUBTRACTION,LONG_WINDOW_REPEATED_GENERATION_TO_LOSS_MATERIALIZATION_NOT_SPEEDUP_TIMING
saa.drcet.accuracy_cost_energy_pareto_gpu_h100_energy_long_window.v2.energy_workload_row,discontinuous_liquidity_loss|d=100|method=gpu_importance_sampling|paths=2048|repeat=0,discontinuous_liquidity_loss,100,gpu_importance_sampling,NVIDIA_GPU_H100_PCIE_LONG_WINDOW_ENERGY,2048,0,10,LONG_WINDOW_NVML_POWER_INTEGRATION,2.0,8.0,40,0.02,2,4137,2.0200109249999514,0.4882791696881681,2.0245311539999875,50,1.998274339001,208.17425272161358,0.050320099763503406,104.1708,104.7,462.0,59.0,PASS_NVML_LONG_WINDOW_SAMPLE_COUNT_RELEASE_QUALITY,TOTAL_DEVICE_ENERGY_NO_IDLE_SUBTRACTION,LONG_WINDOW_REPEATED_GENERATION_TO_LOSS_MATERIALIZATION_NOT_SPEEDUP_TIMING
saa.drcet.accuracy_cost_energy_pareto_gpu_h100_energy_long_window.v2.energy_workload_row,discontinuous_liquidity_loss|d=100|method=gpu_importance_sampling|paths=2048|repeat=1,discontinuous_liquidity_loss,100,gpu_importance_sampling,NVIDIA_GPU_H100_PCIE_LONG_WINDOW_ENERGY,2048,1,10,LONG_WINDOW_NVML_POWER_INTEGRATION,2.0,8.0,40,0.02,2,4132,2.0197873359993537,0.48881590900274774,2.0267714790000184,50,1.9980686600010813,209.01644360805815,0.05058481210262782,104.60959999999999,104.72,462.0,58.0,PASS_NVML_LONG_WINDOW_SAMPLE_COUNT_RELEASE_QUALITY,TOTAL_DEVICE_ENERGY_NO_IDLE_SUBTRACTION,LONG_WINDOW_REPEATED_GENERATION_TO_LOSS_MATERIALIZATION_NOT_SPEEDUP_TIMING
saa.drcet.accuracy_cost_energy_pareto_gpu_h100_energy_long_window.v2.energy_workload_row,discontinuous_liquidity_loss|d=100|method=gpu_importance_sampling|paths=2048|repeat=2,discontinuous_liquidity_loss,100,gpu_importance_sampling,NVIDIA_GPU_H100_PCIE_LONG_WINDOW_ENERGY,2048,2,10,LONG_WINDOW_NVML_POWER_INTEGRATION,2.0,8.0,40,0.02,2,4137,2.02115345600032,0.48855534348569496,2.024373579000013,50,1.9997345409992704,209.29421356779383,0.05059081787957308,104.6618,104.77,462.0,59.0,PASS_NVML_LONG_WINDOW_SAMPLE_COUNT_RELEASE_QUALITY,TOTAL_DEVICE_ENERGY_NO_IDLE_SUBTRACTION,LONG_WINDOW_REPEATED_GENERATION_TO_LOSS_MATERIALIZATION_NOT_SPEEDUP_TIMING
saa.drcet.accuracy_cost_energy_pareto_gpu_h100_energy_long_window.v2.energy_workload_row,discontinuous_liquidity_loss|d=100|method=gpu_randomized_qmc_cpu_sobol|paths=512|repeat=0,discontinuous_liquidity_loss,100,gpu_randomized_qmc_cpu_sobol,NVIDIA_GPU_H100_PCIE_LONG_WINDOW_ENERGY,512,0,10,LONG_WINDOW_NVML_POWER_INTEGRATION,2.0,8.0,40,0.02,2,441,2.0230978740000864,4.58752352380972,2.017935286000011,50,2.0018396690011286,200.01455561354612,0.4535477451554334,99.947,104.49,462.0,47.0,PASS_NVML_LONG_WINDOW_SAMPLE_COUNT_RELEASE_QUALITY,TOTAL_DEVICE_ENERGY_NO_IDLE_SUBTRACTION,LONG_WINDOW_REPEATED_GENERATION_TO_LOSS_MATERIALIZATION_NOT_SPEEDUP_TIMING
saa.drcet.accuracy_cost_energy_pareto_gpu_h100_energy_long_window.v2.energy_workload_row,discontinuous_liquidity_loss|d=100|method=gpu_randomized_qmc_cpu_sobol|paths=512|repeat=1,discontinuous_liquidity_loss,100,gpu_randomized_qmc_cpu_sobol,NVIDIA_GPU_H100_PCIE_LONG_WINDOW_ENERGY,512,1,10,LONG_WINDOW_NVML_POWER_INTEGRATION,2.0,8.0,40,0.02,2,441,2.0214143879984476,4.583706095234575,2.0177505249999967,50,2.0002662730003067,196.88590755177023,0.44645330510605497,98.42979999999997,98.44,462.0,6.0,PASS_NVML_LONG_WINDOW_SAMPLE_COUNT_RELEASE_QUALITY,TOTAL_DEVICE_ENERGY_NO_IDLE_SUBTRACTION,LONG_WINDOW_REPEATED_GENERATION_TO_LOSS_MATERIALIZATION_NOT_SPEEDUP_TIMING
saa.drcet.accuracy_cost_energy_pareto_gpu_h100_energy_long_window.v2.energy_workload_row,discontinuous_liquidity_loss|d=100|method=gpu_randomized_qmc_cpu_sobol|paths=512|repeat=2,discontinuous_liquidity_loss,100,gpu_randomized_qmc_cpu_sobol,NVIDIA_GPU_H100_PCIE_LONG_WINDOW_ENERGY,512,2,10,LONG_WINDOW_NVML_POWER_INTEGRATION,2.0,8.0,40,0.02,2,442,2.0301575699995738,4.59311667420718,2.017871088000021,48,2.0081668050006556,197.66092165612451,0.44719665533059844,98.42833333333334,98.44,462.0,6.0,PASS_NVML_LONG_WINDOW_SAMPLE_COUNT_RELEASE_QUALITY,TOTAL_DEVICE_ENERGY_NO_IDLE_SUBTRACTION,LONG_WINDOW_REPEATED_GENERATION_TO_LOSS_MATERIALIZATION_NOT_SPEEDUP_TIMING
saa.drcet.accuracy_cost_energy_pareto_gpu_h100_energy_long_window.v2.energy_workload_row,discontinuous_liquidity_loss|d=100|method=gpu_randomized_qmc_cpu_sobol|paths=2048|repeat=0,discontinuous_liquidity_loss,100,gpu_randomized_qmc_cpu_sobol,NVIDIA_GPU_H100_PCIE_LONG_WINDOW_ENERGY,2048,0,10,LONG_WINDOW_NVML_POWER_INTEGRATION,2.0,8.0,40,0.02,2,251,2.027632204000838,8.078215952194574,2.023029471000001,50,2.0060839489997306,197.03169087059368,0.7849868162175047,98.21800000000002,98.4,462.0,4.0,PASS_NVML_LONG_WINDOW_SAMPLE_COUNT_RELEASE_QUALITY,TOTAL_DEVICE_ENERGY_NO_IDLE_SUBTRACTION,LONG_WINDOW_REPEATED_GENERATION_TO_LOSS_MATERIALIZATION_NOT_SPEEDUP_TIMING
saa.drcet.accuracy_cost_energy_pareto_gpu_h100_energy_long_window.v2.energy_workload_row,discontinuous_liquidity_loss|d=100|method=gpu_randomized_qmc_cpu_sobol|paths=2048|repeat=1,discontinuous_liquidity_loss,100,gpu_randomized_qmc_cpu_sobol,NVIDIA_GPU_H100_PCIE_LONG_WINDOW_ENERGY,2048,1,10,LONG_WINDOW_NVML_POWER_INTEGRATION,2.0,8.0,40,0.02,2,251,2.0265000570016127,8.073705406380927,2.0218717919999847,50,2.0057897210008377,196.9750736088622,0.784761249437698,98.2016,98.28,462.0,4.0,PASS_NVML_LONG_WINDOW_SAMPLE_COUNT_RELEASE_QUALITY,TOTAL_DEVICE_ENERGY_NO_IDLE_SUBTRACTION,LONG_WINDOW_REPEATED_GENERATION_TO_LOSS_MATERIALIZATION_NOT_SPEEDUP_TIMING
saa.drcet.accuracy_cost_energy_pareto_gpu_h100_energy_long_window.v2.energy_workload_row,discontinuous_liquidity_loss|d=100|method=gpu_randomized_qmc_cpu_sobol|paths=2048|repeat=2,discontinuous_liquidity_loss,100,gpu_randomized_qmc_cpu_sobol,NVIDIA_GPU_H100_PCIE_LONG_WINDOW_ENERGY,2048,2,10,LONG_WINDOW_NVML_POWER_INTEGRATION,2.0,8.0,40,0.02,2,251,2.043906677999985,8.143054494023843,2.0228800870000043,51,2.022972581000431,198.60652125473231,0.7912610408555072,98.17549019607844,98.22,462.0,4.0,PASS_NVML_LONG_WINDOW_SAMPLE_COUNT_RELEASE_QUALITY,TOTAL_DEVICE_ENERGY_NO_IDLE_SUBTRACTION,LONG_WINDOW_REPEATED_GENERATION_TO_LOSS_MATERIALIZATION_NOT_SPEEDUP_TIMING
saa.drcet.accuracy_cost_energy_pareto_gpu_h100_energy_long_window.v2.energy_workload_row,discontinuous_liquidity_loss|d=100|method=gpu_raw_mc|paths=512|repeat=0,discontinuous_liquidity_loss,100,gpu_raw_mc,NVIDIA_GPU_H100_PCIE_LONG_WINDOW_ENERGY,512,0,10,LONG_WINDOW_NVML_POWER_INTEGRATION,2.0,8.0,40,0.02,2,4502,2.0209064749997196,0.4488908207462727,2.023740248999985,50,1.9998096500003157,204.09073295079034,0.045333348056594926,102.0316,103.35,462.0,59.0,PASS_NVML_LONG_WINDOW_SAMPLE_COUNT_RELEASE_QUALITY,TOTAL_DEVICE_ENERGY_NO_IDLE_SUBTRACTION,LONG_WINDOW_REPEATED_GENERATION_TO_LOSS_MATERIALIZATION_NOT_SPEEDUP_TIMING
saa.drcet.accuracy_cost_energy_pareto_gpu_h100_energy_long_window.v2.energy_workload_row,discontinuous_liquidity_loss|d=100|method=gpu_raw_mc|paths=512|repeat=1,discontinuous_liquidity_loss,100,gpu_raw_mc,NVIDIA_GPU_H100_PCIE_LONG_WINDOW_ENERGY,512,1,10,LONG_WINDOW_NVML_POWER_INTEGRATION,2.0,8.0,40,0.02,2,4525,2.021795635999297,0.44680566541420924,2.023852806000008,50,1.999566631999187,206.52159997092605,0.0456401325902599,103.2824,103.37,462.0,59.0,PASS_NVML_LONG_WINDOW_SAMPLE_COUNT_RELEASE_QUALITY,TOTAL_DEVICE_ENERGY_NO_IDLE_SUBTRACTION,LONG_WINDOW_REPEATED_GENERATION_TO_LOSS_MATERIALIZATION_NOT_SPEEDUP_TIMING
saa.drcet.accuracy_cost_energy_pareto_gpu_h100_energy_long_window.v2.energy_workload_row,discontinuous_liquidity_loss|d=100|method=gpu_raw_mc|paths=512|repeat=2,discontinuous_liquidity_loss,100,gpu_raw_mc,NVIDIA_GPU_H100_PCIE_LONG_WINDOW_ENERGY,512,2,10,LONG_WINDOW_NVML_POWER_INTEGRATION,2.0,8.0,40,0.02,2,4532,2.0211431290008477,0.4459715642102488,2.023520263999984,48,2.000058593999711,206.69529169606005,0.045607963745820844,103.34770833333334,103.44,462.0,60.0,PASS_NVML_LONG_WINDOW_SAMPLE_COUNT_RELEASE_QUALITY,TOTAL_DEVICE_ENERGY_NO_IDLE_SUBTRACTION,LONG_WINDOW_REPEATED_GENERATION_TO_LOSS_MATERIALIZATION_NOT_SPEEDUP_TIMING
saa.drcet.accuracy_cost_energy_pareto_gpu_h100_energy_long_window.v2.energy_workload_row,discontinuous_liquidity_loss|d=100|method=gpu_raw_mc|paths=2048|repeat=0,discontinuous_liquidity_loss,100,gpu_raw_mc,NVIDIA_GPU_H100_PCIE_LONG_WINDOW_ENERGY,2048,0,10,LONG_WINDOW_NVML_POWER_INTEGRATION,2.0,8.0,40,0.02,2,4501,2.0202969110014237,0.44885512352842116,2.024840107999978,50,1.9990361149993987,209.33485913905835,0.04650852235926646,104.71,105.24,462.0,60.0,PASS_NVML_LONG_WINDOW_SAMPLE_COUNT_RELEASE_QUALITY,TOTAL_DEVICE_ENERGY_NO_IDLE_SUBTRACTION,LONG_WINDOW_REPEATED_GENERATION_TO_LOSS_MATERIALIZATION_NOT_SPEEDUP_TIMING
saa.drcet.accuracy_cost_energy_pareto_gpu_h100_energy_long_window.v2.energy_workload_row,discontinuous_liquidity_loss|d=100|method=gpu_raw_mc|paths=2048|repeat=1,discontinuous_liquidity_loss,100,gpu_raw_mc,NVIDIA_GPU_H100_PCIE_LONG_WINDOW_ENERGY,2048,1,10,LONG_WINDOW_NVML_POWER_INTEGRATION,2.0,8.0,40,0.02,2,4543,2.0204844219988445,0.4447467360772275,2.0247220029999937,50,1.9991926359998615,210.3737000657656,0.04630721991322157,105.2294,105.34,462.0,61.0,PASS_NVML_LONG_WINDOW_SAMPLE_COUNT_RELEASE_QUALITY,TOTAL_DEVICE_ENERGY_NO_IDLE_SUBTRACTION,LONG_WINDOW_REPEATED_GENERATION_TO_LOSS_MATERIALIZATION_NOT_SPEEDUP_TIMING
saa.drcet.accuracy_cost_energy_pareto_gpu_h100_energy_long_window.v2.energy_workload_row,discontinuous_liquidity_loss|d=100|method=gpu_raw_mc|paths=2048|repeat=2,discontinuous_liquidity_loss,100,gpu_raw_mc,NVIDIA_GPU_H100_PCIE_LONG_WINDOW_ENERGY,2048,2,10,LONG_WINDOW_NVML_POWER_INTEGRATION,2.0,8.0,40,0.02,2,4573,2.0204239529994084,0.44181586551484986,2.025175985000004,50,1.9986813770010485,210.40433254654542,0.0460101317617637,105.272,105.37,462.0,61.0,PASS_NVML_LONG_WINDOW_SAMPLE_COUNT_RELEASE_QUALITY,TOTAL_DEVICE_ENERGY_NO_IDLE_SUBTRACTION,LONG_WINDOW_REPEATED_GENERATION_TO_LOSS_MATERIALIZATION_NOT_SPEEDUP_TIMING
saa.drcet.accuracy_cost_energy_pareto_gpu_h100_energy_long_window.v2.energy_workload_row,discontinuous_liquidity_loss|d=250|method=gpu_antithetic_mc|paths=512|repeat=0,discontinuous_liquidity_loss,250,gpu_antithetic_mc,NVIDIA_GPU_H100_PCIE_LONG_WINDOW_ENERGY,512,0,10,LONG_WINDOW_NVML_POWER_INTEGRATION,2.0,8.0,40,0.02,2,3572,2.034120668999094,0.5694626732920196,2.0289387889999944,50,2.0116269949994603,209.0616491811732,0.058527897307159356,103.93039999999999,105.25,464.0,53.0,PASS_NVML_LONG_WINDOW_SAMPLE_COUNT_RELEASE_QUALITY,TOTAL_DEVICE_ENERGY_NO_IDLE_SUBTRACTION,LONG_WINDOW_REPEATED_GENERATION_TO_LOSS_MATERIALIZATION_NOT_SPEEDUP_TIMING
saa.drcet.accuracy_cost_energy_pareto_gpu_h100_energy_long_window.v2.energy_workload_row,discontinuous_liquidity_loss|d=250|method=gpu_antithetic_mc|paths=512|repeat=1,discontinuous_liquidity_loss,250,gpu_antithetic_mc,NVIDIA_GPU_H100_PCIE_LONG_WINDOW_ENERGY,512,1,10,LONG_WINDOW_NVML_POWER_INTEGRATION,2.0,8.0,40,0.02,2,3563,2.0343055299999833,0.570952997474034,2.0314204409999945,50,2.0133363750010176,208.20840432329015,0.058436262790707315,103.416,103.56,464.0,53.0,PASS_NVML_LONG_WINDOW_SAMPLE_COUNT_RELEASE_QUALITY,TOTAL_DEVICE_ENERGY_NO_IDLE_SUBTRACTION,LONG_WINDOW_REPEATED_GENERATION_TO_LOSS_MATERIALIZATION_NOT_SPEEDUP_TIMING
saa.drcet.accuracy_cost_energy_pareto_gpu_h100_energy_long_window.v2.energy_workload_row,discontinuous_liquidity_loss|d=250|method=gpu_antithetic_mc|paths=512|repeat=2,discontinuous_liquidity_loss,250,gpu_antithetic_mc,NVIDIA_GPU_H100_PCIE_LONG_WINDOW_ENERGY,512,2,10,LONG_WINDOW_NVML_POWER_INTEGRATION,2.0,8.0,40,0.02,2,3563,2.0209139870003128,0.5671944953691588,2.027991204000017,48,2.0001212309998664,206.98699280109122,0.05809345854647522,103.489375,103.6,464.0,53.0,PASS_NVML_LONG_WINDOW_SAMPLE_COUNT_RELEASE_QUALITY,TOTAL_DEVICE_ENERGY_NO_IDLE_SUBTRACTION,LONG_WINDOW_REPEATED_GENERATION_TO_LOSS_MATERIALIZATION_NOT_SPEEDUP_TIMING
saa.drcet.accuracy_cost_energy_pareto_gpu_h100_energy_long_window.v2.energy_workload_row,discontinuous_liquidity_loss|d=250|method=gpu_antithetic_mc|paths=2048|repeat=0,discontinuous_liquidity_loss,250,gpu_antithetic_mc,NVIDIA_GPU_H100_PCIE_LONG_WINDOW_ENERGY,2048,0,10,LONG_WINDOW_NVML_POWER_INTEGRATION,2.0,8.0,40,0.02,2,3544,2.033432205000281,0.5737675522009823,2.0317371630000025,50,2.0110747990001983,213.61019812078203,0.06027375793475791,106.20319999999998,107.19,470.0,55.0,PASS_NVML_LONG_WINDOW_SAMPLE_COUNT_RELEASE_QUALITY,TOTAL_DEVICE_ENERGY_NO_IDLE_SUBTRACTION,LONG_WINDOW_REPEATED_GENERATION_TO_LOSS_MATERIALIZATION_NOT_SPEEDUP_TIMING
saa.drcet.accuracy_cost_energy_pareto_gpu_h100_energy_long_window.v2.energy_workload_row,discontinuous_liquidity_loss|d=250|method=gpu_antithetic_mc|paths=2048|repeat=1,discontinuous_liquidity_loss,250,gpu_antithetic_mc,NVIDIA_GPU_H100_PCIE_LONG_WINDOW_ENERGY,2048,1,10,LONG_WINDOW_NVML_POWER_INTEGRATION,2.0,8.0,40,0.02,2,3547,2.0411739560004207,0.5754648875106909,2.029851272999963,50,2.0189655310005037,216.13387045113345,0.06093427416158259,107.04860000000001,107.21,470.0,55.0,PASS_NVML_LONG_WINDOW_SAMPLE_COUNT_RELEASE_QUALITY,TOTAL_DEVICE_ENERGY_NO_IDLE_SUBTRACTION,LONG_WINDOW_REPEATED_GENERATION_TO_LOSS_MATERIALIZATION_NOT_SPEEDUP_TIMING
saa.drcet.accuracy_cost_energy_pareto_gpu_h100_energy_long_window.v2.energy_workload_row,discontinuous_liquidity_loss|d=250|method=gpu_antithetic_mc|paths=2048|repeat=2,discontinuous_liquidity_loss,250,gpu_antithetic_mc,NVIDIA_GPU_H100_PCIE_LONG_WINDOW_ENERGY,2048,2,10,LONG_WINDOW_NVML_POWER_INTEGRATION,2.0,8.0,40,0.02,2,3557,2.032833078001204,0.5715021304473443,2.029138721000038,50,2.0108849619991815,215.28276249281237,0.06052368920236502,107.0578,107.26,470.0,55.0,PASS_NVML_LONG_WINDOW_SAMPLE_COUNT_RELEASE_QUALITY,TOTAL_DEVICE_ENERGY_NO_IDLE_SUBTRACTION,LONG_WINDOW_REPEATED_GENERATION_TO_LOSS_MATERIALIZATION_NOT_SPEEDUP_TIMING
saa.drcet.accuracy_cost_energy_pareto_gpu_h100_energy_long_window.v2.energy_workload_row,discontinuous_liquidity_loss|d=250|method=gpu_importance_sampling|paths=512|repeat=0,discontinuous_liquidity_loss,250,gpu_importance_sampling,NVIDIA_GPU_H100_PCIE_LONG_WINDOW_ENERGY,512,0,10,LONG_WINDOW_NVML_POWER_INTEGRATION,2.0,8.0,40,0.02,2,4109,2.0277762040004745,0.49349627743988184,2.0259294939999677,50,2.0063241490006476,210.1752641855577,0.05114997911549226,104.7626,106.94,462.0,58.0,PASS_NVML_LONG_WINDOW_SAMPLE_COUNT_RELEASE_QUALITY,TOTAL_DEVICE_ENERGY_NO_IDLE_SUBTRACTION,LONG_WINDOW_REPEATED_GENERATION_TO_LOSS_MATERIALIZATION_NOT_SPEEDUP_TIMING
saa.drcet.accuracy_cost_energy_pareto_gpu_h100_energy_long_window.v2.energy_workload_row,discontinuous_liquidity_loss|d=250|method=gpu_importance_sampling|paths=512|repeat=1,discontinuous_liquidity_loss,250,gpu_importance_sampling,NVIDIA_GPU_H100_PCIE_LONG_WINDOW_ENERGY,512,1,10,LONG_WINDOW_NVML_POWER_INTEGRATION,2.0,8.0,40,0.02,2,4126,2.0397686020005494,0.4943695109065801,2.0251022889999604,49,2.0177703959998325,209.93820185711758,0.05088177456546718,104.04102040816325,104.17,462.0,58.0,PASS_NVML_LONG_WINDOW_SAMPLE_COUNT_RELEASE_QUALITY,TOTAL_DEVICE_ENERGY_NO_IDLE_SUBTRACTION,LONG_WINDOW_REPEATED_GENERATION_TO_LOSS_MATERIALIZATION_NOT_SPEEDUP_TIMING
saa.drcet.accuracy_cost_energy_pareto_gpu_h100_energy_long_window.v2.energy_workload_row,discontinuous_liquidity_loss|d=250|method=gpu_importance_sampling|paths=512|repeat=2,discontinuous_liquidity_loss,250,gpu_importance_sampling,NVIDIA_GPU_H100_PCIE_LONG_WINDOW_ENERGY,512,2,10,LONG_WINDOW_NVML_POWER_INTEGRATION,2.0,8.0,40,0.02,2,4109,2.0242056510014663,0.49262731832598355,2.0242243690000237,50,2.0028525260004244,208.48398629071414,0.05073837583127626,104.09320000000001,104.25,462.0,58.0,PASS_NVML_LONG_WINDOW_SAMPLE_COUNT_RELEASE_QUALITY,TOTAL_DEVICE_ENERGY_NO_IDLE_SUBTRACTION,LONG_WINDOW_REPEATED_GENERATION_TO_LOSS_MATERIALIZATION_NOT_SPEEDUP_TIMING
saa.drcet.accuracy_cost_energy_pareto_gpu_h100_energy_long_window.v2.energy_workload_row,discontinuous_liquidity_loss|d=250|method=gpu_importance_sampling|paths=2048|repeat=0,discontinuous_liquidity_loss,250,gpu_importance_sampling,NVIDIA_GPU_H100_PCIE_LONG_WINDOW_ENERGY,2048,0,10,LONG_WINDOW_NVML_POWER_INTEGRATION,2.0,8.0,40,0.02,2,4111,2.023347112999545,0.4921788161030273,2.024206831000015,50,2.00118368800031,212.53383588709895,0.051698816805424215,106.1958,106.99,466.0,61.0,PASS_NVML_LONG_WINDOW_SAMPLE_COUNT_RELEASE_QUALITY,TOTAL_DEVICE_ENERGY_NO_IDLE_SUBTRACTION,LONG_WINDOW_REPEATED_GENERATION_TO_LOSS_MATERIALIZATION_NOT_SPEEDUP_TIMING
saa.drcet.accuracy_cost_energy_pareto_gpu_h100_energy_long_window.v2.energy_workload_row,discontinuous_liquidity_loss|d=250|method=gpu_importance_sampling|paths=2048|repeat=1,discontinuous_liquidity_loss,250,gpu_importance_sampling,NVIDIA_GPU_H100_PCIE_LONG_WINDOW_ENERGY,2048,1,10,LONG_WINDOW_NVML_POWER_INTEGRATION,2.0,8.0,40,0.02,2,4140,2.0258268929992482,0.4893301673911228,2.0238466020000487,50,2.0042507569996815,214.4552646571612,0.05180078856453169,107.00079999999998,107.19,466.0,61.0,PASS_NVML_LONG_WINDOW_SAMPLE_COUNT_RELEASE_QUALITY,TOTAL_DEVICE_ENERGY_NO_IDLE_SUBTRACTION,LONG_WINDOW_REPEATED_GENERATION_TO_LOSS_MATERIALIZATION_NOT_SPEEDUP_TIMING
saa.drcet.accuracy_cost_energy_pareto_gpu_h100_energy_long_window.v2.energy_workload_row,discontinuous_liquidity_loss|d=250|method=gpu_importance_sampling|paths=2048|repeat=2,discontinuous_liquidity_loss,250,gpu_importance_sampling,NVIDIA_GPU_H100_PCIE_LONG_WINDOW_ENERGY,2048,2,10,LONG_WINDOW_NVML_POWER_INTEGRATION,2.0,8.0,40,0.02,2,4148,2.020955428000889,0.48721201253637625,2.0231164940000212,50,1.9996828519997507,214.10165728722842,0.051615635797306755,107.069,107.23,466.0,61.0,PASS_NVML_LONG_WINDOW_SAMPLE_COUNT_RELEASE_QUALITY,TOTAL_DEVICE_ENERGY_NO_IDLE_SUBTRACTION,LONG_WINDOW_REPEATED_GENERATION_TO_LOSS_MATERIALIZATION_NOT_SPEEDUP_TIMING
saa.drcet.accuracy_cost_energy_pareto_gpu_h100_energy_long_window.v2.energy_workload_row,discontinuous_liquidity_loss|d=250|method=gpu_randomized_qmc_cpu_sobol|paths=512|repeat=0,discontinuous_liquidity_loss,250,gpu_randomized_qmc_cpu_sobol,NVIDIA_GPU_H100_PCIE_LONG_WINDOW_ENERGY,512,0,10,LONG_WINDOW_NVML_POWER_INTEGRATION,2.0,8.0,40,0.02,2,205,2.0322808460005035,9.913565102441481,2.018459430000007,49,2.011714149999534,202.8199864035858,0.9893657873345649,100.83122448979589,106.91,462.0,27.0,PASS_NVML_LONG_WINDOW_SAMPLE_COUNT_RELEASE_QUALITY,TOTAL_DEVICE_ENERGY_NO_IDLE_SUBTRACTION,LONG_WINDOW_REPEATED_GENERATION_TO_LOSS_MATERIALIZATION_NOT_SPEEDUP_TIMING
saa.drcet.accuracy_cost_energy_pareto_gpu_h100_energy_long_window.v2.energy_workload_row,discontinuous_liquidity_loss|d=250|method=gpu_randomized_qmc_cpu_sobol|paths=512|repeat=1,discontinuous_liquidity_loss,250,gpu_randomized_qmc_cpu_sobol,NVIDIA_GPU_H100_PCIE_LONG_WINDOW_ENERGY,512,1,10,LONG_WINDOW_NVML_POWER_INTEGRATION,2.0,8.0,40,0.02,2,205,2.0235652279989154,9.871049892677636,2.017948342000011,47,1.9974644180001633,197.48414887160607,0.9633373115688101,98.8674468085106,98.92,462.0,3.0,PASS_NVML_LONG_WINDOW_SAMPLE_COUNT_RELEASE_QUALITY,TOTAL_DEVICE_ENERGY_NO_IDLE_SUBTRACTION,LONG_WINDOW_REPEATED_GENERATION_TO_LOSS_MATERIALIZATION_NOT_SPEEDUP_TIMING
saa.drcet.accuracy_cost_energy_pareto_gpu_h100_energy_long_window.v2.energy_workload_row,discontinuous_liquidity_loss|d=250|method=gpu_randomized_qmc_cpu_sobol|paths=512|repeat=2,discontinuous_liquidity_loss,250,gpu_randomized_qmc_cpu_sobol,NVIDIA_GPU_H100_PCIE_LONG_WINDOW_ENERGY,512,2,10,LONG_WINDOW_NVML_POWER_INTEGRATION,2.0,8.0,40,0.02,2,205,2.023150170000008,9.869025219512235,2.0184665740000014,49,2.0025987640001404,198.10519689207888,0.9663668141077019,98.92428571428572,98.97,462.0,3.0,PASS_NVML_LONG_WINDOW_SAMPLE_COUNT_RELEASE_QUALITY,TOTAL_DEVICE_ENERGY_NO_IDLE_SUBTRACTION,LONG_WINDOW_REPEATED_GENERATION_TO_LOSS_MATERIALIZATION_NOT_SPEEDUP_TIMING
saa.drcet.accuracy_cost_energy_pareto_gpu_h100_energy_long_window.v2.energy_workload_row,discontinuous_liquidity_loss|d=250|method=gpu_randomized_qmc_cpu_sobol|paths=2048|repeat=0,discontinuous_liquidity_loss,250,gpu_randomized_qmc_cpu_sobol,NVIDIA_GPU_H100_PCIE_LONG_WINDOW_ENERGY,2048,0,10,LONG_WINDOW_NVML_POWER_INTEGRATION,2.0,8.0,40,0.02,2,59,2.0636027950004063,34.976318559328924,2.0415578900000355,51,2.0417421999991348,201.44966817355973,3.414401155484063,98.66666666666669,98.92,466.0,2.0,PASS_NVML_LONG_WINDOW_SAMPLE_COUNT_RELEASE_QUALITY,TOTAL_DEVICE_ENERGY_NO_IDLE_SUBTRACTION,LONG_WINDOW_REPEATED_GENERATION_TO_LOSS_MATERIALIZATION_NOT_SPEEDUP_TIMING
saa.drcet.accuracy_cost_energy_pareto_gpu_h100_energy_long_window.v2.energy_workload_row,discontinuous_liquidity_loss|d=250|method=gpu_randomized_qmc_cpu_sobol|paths=2048|repeat=1,discontinuous_liquidity_loss,250,gpu_randomized_qmc_cpu_sobol,NVIDIA_GPU_H100_PCIE_LONG_WINDOW_ENERGY,2048,1,10,LONG_WINDOW_NVML_POWER_INTEGRATION,2.0,8.0,40,0.02,2,58,2.041128672999548,35.191873672406004,2.0330104280000114,50,2.0198382570015383,199.13173964402662,3.4333058559314935,98.5878,98.61,466.0,1.0,PASS_NVML_LONG_WINDOW_SAMPLE_COUNT_RELEASE_QUALITY,TOTAL_DEVICE_ENERGY_NO_IDLE_SUBTRACTION,LONG_WINDOW_REPEATED_GENERATION_TO_LOSS_MATERIALIZATION_NOT_SPEEDUP_TIMING
saa.drcet.accuracy_cost_energy_pareto_gpu_h100_energy_long_window.v2.energy_workload_row,discontinuous_liquidity_loss|d=250|method=gpu_randomized_qmc_cpu_sobol|paths=2048|repeat=2,discontinuous_liquidity_loss,250,gpu_randomized_qmc_cpu_sobol,NVIDIA_GPU_H100_PCIE_LONG_WINDOW_ENERGY,2048,2,10,LONG_WINDOW_NVML_POWER_INTEGRATION,2.0,8.0,40,0.02,2,58,2.0418181029999687,35.20376039655118,2.0331941469999606,50,2.0204937969992898,199.21066628581994,3.4346666601003437,98.59499999999998,98.64,466.0,1.0,PASS_NVML_LONG_WINDOW_SAMPLE_COUNT_RELEASE_QUALITY,TOTAL_DEVICE_ENERGY_NO_IDLE_SUBTRACTION,LONG_WINDOW_REPEATED_GENERATION_TO_LOSS_MATERIALIZATION_NOT_SPEEDUP_TIMING
saa.drcet.accuracy_cost_energy_pareto_gpu_h100_energy_long_window.v2.energy_workload_row,discontinuous_liquidity_loss|d=250|method=gpu_raw_mc|paths=512|repeat=0,discontinuous_liquidity_loss,250,gpu_raw_mc,NVIDIA_GPU_H100_PCIE_LONG_WINDOW_ENERGY,512,0,10,LONG_WINDOW_NVML_POWER_INTEGRATION,2.0,8.0,40,0.02,2,4521,2.0234635760007222,0.4475699128512989,2.0253125039999986,50,2.0027234080007474,206.52303766093658,0.04568083115703087,103.1068,104.74,462.0,60.0,PASS_NVML_LONG_WINDOW_SAMPLE_COUNT_RELEASE_QUALITY,TOTAL_DEVICE_ENERGY_NO_IDLE_SUBTRACTION,LONG_WINDOW_REPEATED_GENERATION_TO_LOSS_MATERIALIZATION_NOT_SPEEDUP_TIMING
saa.drcet.accuracy_cost_energy_pareto_gpu_h100_energy_long_window.v2.energy_workload_row,discontinuous_liquidity_loss|d=250|method=gpu_raw_mc|paths=512|repeat=1,discontinuous_liquidity_loss,250,gpu_raw_mc,NVIDIA_GPU_H100_PCIE_LONG_WINDOW_ENERGY,512,1,10,LONG_WINDOW_NVML_POWER_INTEGRATION,2.0,8.0,40,0.02,2,4535,2.020972388998416,0.4456388950382395,2.024442556999986,48,1.998990143998526,209.22853852158568,0.046136392176755386,104.66479166666666,104.77,462.0,60.0,PASS_NVML_LONG_WINDOW_SAMPLE_COUNT_RELEASE_QUALITY,TOTAL_DEVICE_ENERGY_NO_IDLE_SUBTRACTION,LONG_WINDOW_REPEATED_GENERATION_TO_LOSS_MATERIALIZATION_NOT_SPEEDUP_TIMING
saa.drcet.accuracy_cost_energy_pareto_gpu_h100_energy_long_window.v2.energy_workload_row,discontinuous_liquidity_loss|d=250|method=gpu_raw_mc|paths=512|repeat=2,discontinuous_liquidity_loss,250,gpu_raw_mc,NVIDIA_GPU_H100_PCIE_LONG_WINDOW_ENERGY,512,2,10,LONG_WINDOW_NVML_POWER_INTEGRATION,2.0,8.0,40,0.02,2,4535,2.0217128799995407,0.4458021786107036,2.0233271060000106,50,2.000382164000257,209.42840791043693,0.04618046480935765,104.6944,104.79,462.0,60.0,PASS_NVML_LONG_WINDOW_SAMPLE_COUNT_RELEASE_QUALITY,TOTAL_DEVICE_ENERGY_NO_IDLE_SUBTRACTION,LONG_WINDOW_REPEATED_GENERATION_TO_LOSS_MATERIALIZATION_NOT_SPEEDUP_TIMING
saa.drcet.accuracy_cost_energy_pareto_gpu_h100_energy_long_window.v2.energy_workload_row,discontinuous_liquidity_loss|d=250|method=gpu_raw_mc|paths=2048|repeat=0,discontinuous_liquidity_loss,250,gpu_raw_mc,NVIDIA_GPU_H100_PCIE_LONG_WINDOW_ENERGY,2048,0,10,LONG_WINDOW_NVML_POWER_INTEGRATION,2.0,8.0,40,0.02,2,4524,2.0211873009993724,0.4467699604331062,2.0230491620000066,50,1.9992851669994707,213.92441171681264,0.04728656315579413,106.9936,107.87,466.0,63.0,PASS_NVML_LONG_WINDOW_SAMPLE_COUNT_RELEASE_QUALITY,TOTAL_DEVICE_ENERGY_NO_IDLE_SUBTRACTION,LONG_WINDOW_REPEATED_GENERATION_TO_LOSS_MATERIALIZATION_NOT_SPEEDUP_TIMING
saa.drcet.accuracy_cost_energy_pareto_gpu_h100_energy_long_window.v2.energy_workload_row,discontinuous_liquidity_loss|d=250|method=gpu_raw_mc|paths=2048|repeat=1,discontinuous_liquidity_loss,250,gpu_raw_mc,NVIDIA_GPU_H100_PCIE_LONG_WINDOW_ENERGY,2048,1,10,LONG_WINDOW_NVML_POWER_INTEGRATION,2.0,8.0,40,0.02,2,4523,2.0273504159995355,0.4482313544106866,2.0254030140000054,50,2.0055830319997767,216.22213659737588,0.04780502688423079,107.80959999999999,107.94,466.0,63.0,PASS_NVML_LONG_WINDOW_SAMPLE_COUNT_RELEASE_QUALITY,TOTAL_DEVICE_ENERGY_NO_IDLE_SUBTRACTION,LONG_WINDOW_REPEATED_GENERATION_TO_LOSS_MATERIALIZATION_NOT_SPEEDUP_TIMING
saa.drcet.accuracy_cost_energy_pareto_gpu_h100_energy_long_window.v2.energy_workload_row,discontinuous_liquidity_loss|d=250|method=gpu_raw_mc|paths=2048|repeat=2,discontinuous_liquidity_loss,250,gpu_raw_mc,NVIDIA_GPU_H100_PCIE_LONG_WINDOW_ENERGY,2048,2,10,LONG_WINDOW_NVML_POWER_INTEGRATION,2.0,8.0,40,0.02,2,4521,2.0203722440001,0.4468861411192436,2.025792881999962,50,1.998538390000249,215.48671901417674,0.04766350785538083,107.82300000000004,108.0,466.0,63.0,PASS_NVML_LONG_WINDOW_SAMPLE_COUNT_RELEASE_QUALITY,TOTAL_DEVICE_ENERGY_NO_IDLE_SUBTRACTION,LONG_WINDOW_REPEATED_GENERATION_TO_LOSS_MATERIALIZATION_NOT_SPEEDUP_TIMING
saa.drcet.accuracy_cost_energy_pareto_gpu_h100_energy_long_window.v2.energy_workload_row,discontinuous_liquidity_loss|d=500|method=gpu_antithetic_mc|paths=512|repeat=0,discontinuous_liquidity_loss,500,gpu_antithetic_mc,NVIDIA_GPU_H100_PCIE_LONG_WINDOW_ENERGY,512,0,10,LONG_WINDOW_NVML_POWER_INTEGRATION,2.0,8.0,40,0.02,2,3532,2.020356286999231,0.5720148037936668,2.0308277519999933,50,1.997967310999229,211.34980696782375,0.05983856369417433,105.79019999999998,107.79,466.0,53.0,PASS_NVML_LONG_WINDOW_SAMPLE_COUNT_RELEASE_QUALITY,TOTAL_DEVICE_ENERGY_NO_IDLE_SUBTRACTION,LONG_WINDOW_REPEATED_GENERATION_TO_LOSS_MATERIALIZATION_NOT_SPEEDUP_TIMING
saa.drcet.accuracy_cost_energy_pareto_gpu_h100_energy_long_window.v2.energy_workload_row,discontinuous_liquidity_loss|d=500|method=gpu_antithetic_mc|paths=512|repeat=1,discontinuous_liquidity_loss,500,gpu_antithetic_mc,NVIDIA_GPU_H100_PCIE_LONG_WINDOW_ENERGY,512,1,10,LONG_WINDOW_NVML_POWER_INTEGRATION,2.0,8.0,40,0.02,2,3540,2.021598385999823,0.5710729903954302,2.028490644000044,48,2.000443401000666,210.29993532338491,0.0594067613907867,105.12333333333333,105.24,466.0,53.0,PASS_NVML_LONG_WINDOW_SAMPLE_COUNT_RELEASE_QUALITY,TOTAL_DEVICE_ENERGY_NO_IDLE_SUBTRACTION,LONG_WINDOW_REPEATED_GENERATION_TO_LOSS_MATERIALIZATION_NOT_SPEEDUP_TIMING
saa.drcet.accuracy_cost_energy_pareto_gpu_h100_energy_long_window.v2.energy_workload_row,discontinuous_liquidity_loss|d=500|method=gpu_antithetic_mc|paths=512|repeat=2,discontinuous_liquidity_loss,500,gpu_antithetic_mc,NVIDIA_GPU_H100_PCIE_LONG_WINDOW_ENERGY,512,2,10,LONG_WINDOW_NVML_POWER_INTEGRATION,2.0,8.0,40,0.02,2,3538,2.0226039360004506,0.5716800271341014,2.029288099999974,50,2.0011604299998,210.47484723838897,0.0594897815823598,105.17639999999997,105.29,466.0,53.0,PASS_NVML_LONG_WINDOW_SAMPLE_COUNT_RELEASE_QUALITY,TOTAL_DEVICE_ENERGY_NO_IDLE_SUBTRACTION,LONG_WINDOW_REPEATED_GENERATION_TO_LOSS_MATERIALIZATION_NOT_SPEEDUP_TIMING
saa.drcet.accuracy_cost_energy_pareto_gpu_h100_energy_long_window.v2.energy_workload_row,discontinuous_liquidity_loss|d=500|method=gpu_antithetic_mc|paths=2048|repeat=0,discontinuous_liquidity_loss,500,gpu_antithetic_mc,NVIDIA_GPU_H100_PCIE_LONG_WINDOW_ENERGY,2048,0,10,LONG_WINDOW_NVML_POWER_INTEGRATION,2.0,8.0,40,0.02,2,3539,2.0321478780006146,0.5742152805879103,2.027262553000014,50,2.0106816999996227,219.2807925027964,0.06196122986798429,109.03479999999999,110.48,478.0,57.0,PASS_NVML_LONG_WINDOW_SAMPLE_COUNT_RELEASE_QUALITY,TOTAL_DEVICE_ENERGY_NO_IDLE_SUBTRACTION,LONG_WINDOW_REPEATED_GENERATION_TO_LOSS_MATERIALIZATION_NOT_SPEEDUP_TIMING
saa.drcet.accuracy_cost_energy_pareto_gpu_h100_energy_long_window.v2.energy_workload_row,discontinuous_liquidity_loss|d=500|method=gpu_antithetic_mc|paths=2048|repeat=1,discontinuous_liquidity_loss,500,gpu_antithetic_mc,NVIDIA_GPU_H100_PCIE_LONG_WINDOW_ENERGY,2048,1,10,LONG_WINDOW_NVML_POWER_INTEGRATION,2.0,8.0,40,0.02,2,3512,2.0289362610001263,0.5777153362756624,2.0282025050000243,50,2.007408776000375,221.24294109789602,0.06299628163379727,110.20980000000002,110.47,478.0,57.0,PASS_NVML_LONG_WINDOW_SAMPLE_COUNT_RELEASE_QUALITY,TOTAL_DEVICE_ENERGY_NO_IDLE_SUBTRACTION,LONG_WINDOW_REPEATED_GENERATION_TO_LOSS_MATERIALIZATION_NOT_SPEEDUP_TIMING
saa.drcet.accuracy_cost_energy_pareto_gpu_h100_energy_long_window.v2.energy_workload_row,discontinuous_liquidity_loss|d=500|method=gpu_antithetic_mc|paths=2048|repeat=2,discontinuous_liquidity_loss,500,gpu_antithetic_mc,NVIDIA_GPU_H100_PCIE_LONG_WINDOW_ENERGY,2048,2,10,LONG_WINDOW_NVML_POWER_INTEGRATION,2.0,8.0,40,0.02,2,3531,2.033073827999033,0.5757784842817991,2.02930049400004,50,2.011116433001007,221.72677230227566,0.06279432803802766,110.25220000000002,110.52,478.0,57.0,PASS_NVML_LONG_WINDOW_SAMPLE_COUNT_RELEASE_QUALITY,TOTAL_DEVICE_ENERGY_NO_IDLE_SUBTRACTION,LONG_WINDOW_REPEATED_GENERATION_TO_LOSS_MATERIALIZATION_NOT_SPEEDUP_TIMING
saa.drcet.accuracy_cost_energy_pareto_gpu_h100_energy_long_window.v2.energy_workload_row,discontinuous_liquidity_loss|d=500|method=gpu_importance_sampling|paths=512|repeat=0,discontinuous_liquidity_loss,500,gpu_importance_sampling,NVIDIA_GPU_H100_PCIE_LONG_WINDOW_ENERGY,512,0,10,LONG_WINDOW_NVML_POWER_INTEGRATION,2.0,8.0,40,0.02,2,4120,2.02218836099928,0.4908224177182719,2.023431071999994,50,1.9995487670003058,213.11109120574343,0.051725993011102776,106.58899999999998,110.07,464.0,59.0,PASS_NVML_LONG_WINDOW_SAMPLE_COUNT_RELEASE_QUALITY,TOTAL_DEVICE_ENERGY_NO_IDLE_SUBTRACTION,LONG_WINDOW_REPEATED_GENERATION_TO_LOSS_MATERIALIZATION_NOT_SPEEDUP_TIMING
saa.drcet.accuracy_cost_energy_pareto_gpu_h100_energy_long_window.v2.energy_workload_row,discontinuous_liquidity_loss|d=500|method=gpu_importance_sampling|paths=512|repeat=1,discontinuous_liquidity_loss,500,gpu_importance_sampling,NVIDIA_GPU_H100_PCIE_LONG_WINDOW_ENERGY,512,1,10,LONG_WINDOW_NVML_POWER_INTEGRATION,2.0,8.0,40,0.02,2,4127,2.022889331999977,0.4901597606009152,2.0240566049999984,48,2.0016501160007465,211.0808461078136,0.05114631599413948,105.458125,105.6,464.0,59.0,PASS_NVML_LONG_WINDOW_SAMPLE_COUNT_RELEASE_QUALITY,TOTAL_DEVICE_ENERGY_NO_IDLE_SUBTRACTION,LONG_WINDOW_REPEATED_GENERATION_TO_LOSS_MATERIALIZATION_NOT_SPEEDUP_TIMING
saa.drcet.accuracy_cost_energy_pareto_gpu_h100_energy_long_window.v2.energy_workload_row,discontinuous_liquidity_loss|d=500|method=gpu_importance_sampling|paths=512|repeat=2,discontinuous_liquidity_loss,500,gpu_importance_sampling,NVIDIA_GPU_H100_PCIE_LONG_WINDOW_ENERGY,512,2,10,LONG_WINDOW_NVML_POWER_INTEGRATION,2.0,8.0,40,0.02,2,4133,2.0266507279993675,0.49035826953771294,2.0240589590000013,50,2.0052878229998896,211.6939770237735,0.051220415442480884,105.5666,105.69,464.0,59.0,PASS_NVML_LONG_WINDOW_SAMPLE_COUNT_RELEASE_QUALITY,TOTAL_DEVICE_ENERGY_NO_IDLE_SUBTRACTION,LONG_WINDOW_REPEATED_GENERATION_TO_LOSS_MATERIALIZATION_NOT_SPEEDUP_TIMING
saa.drcet.accuracy_cost_energy_pareto_gpu_h100_energy_long_window.v2.energy_workload_row,discontinuous_liquidity_loss|d=500|method=gpu_importance_sampling|paths=2048|repeat=0,discontinuous_liquidity_loss,500,gpu_importance_sampling,NVIDIA_GPU_H100_PCIE_LONG_WINDOW_ENERGY,2048,0,10,LONG_WINDOW_NVML_POWER_INTEGRATION,2.0,8.0,40,0.02,2,4137,2.0232544540012896,0.48906319893673905,2.024280564000037,50,2.001453667999158,218.1117182467357,0.052722194403368554,108.9666,110.24,470.0,64.0,PASS_NVML_LONG_WINDOW_SAMPLE_COUNT_RELEASE_QUALITY,TOTAL_DEVICE_ENERGY_NO_IDLE_SUBTRACTION,LONG_WINDOW_REPEATED_GENERATION_TO_LOSS_MATERIALIZATION_NOT_SPEEDUP_TIMING
saa.drcet.accuracy_cost_energy_pareto_gpu_h100_energy_long_window.v2.energy_workload_row,discontinuous_liquidity_loss|d=500|method=gpu_importance_sampling|paths=2048|repeat=1,discontinuous_liquidity_loss,500,gpu_importance_sampling,NVIDIA_GPU_H100_PCIE_LONG_WINDOW_ENERGY,2048,1,10,LONG_WINDOW_NVML_POWER_INTEGRATION,2.0,8.0,40,0.02,2,4137,2.0234002739998687,0.48909844670047586,2.024710440999968,50,2.0010978289992636,220.49310618102888,0.05329782600459968,110.18400000000001,110.37,470.0,65.0,PASS_NVML_LONG_WINDOW_SAMPLE_COUNT_RELEASE_QUALITY,TOTAL_DEVICE_ENERGY_NO_IDLE_SUBTRACTION,LONG_WINDOW_REPEATED_GENERATION_TO_LOSS_MATERIALIZATION_NOT_SPEEDUP_TIMING
saa.drcet.accuracy_cost_energy_pareto_gpu_h100_energy_long_window.v2.energy_workload_row,discontinuous_liquidity_loss|d=500|method=gpu_importance_sampling|paths=2048|repeat=2,discontinuous_liquidity_loss,500,gpu_importance_sampling,NVIDIA_GPU_H100_PCIE_LONG_WINDOW_ENERGY,2048,2,10,LONG_WINDOW_NVML_POWER_INTEGRATION,2.0,8.0,40,0.02,2,4140,2.0211278080005286,0.4881951227054417,2.0230191790000163,50,1.9992729620007594,220.32971727743853,0.05321973847281124,110.205,110.39,470.0,64.0,PASS_NVML_LONG_WINDOW_SAMPLE_COUNT_RELEASE_QUALITY,TOTAL_DEVICE_ENERGY_NO_IDLE_SUBTRACTION,LONG_WINDOW_REPEATED_GENERATION_TO_LOSS_MATERIALIZATION_NOT_SPEEDUP_TIMING
saa.drcet.accuracy_cost_energy_pareto_gpu_h100_energy_long_window.v2.energy_workload_row,discontinuous_liquidity_loss|d=500|method=gpu_randomized_qmc_cpu_sobol|paths=512|repeat=0,discontinuous_liquidity_loss,500,gpu_randomized_qmc_cpu_sobol,NVIDIA_GPU_H100_PCIE_LONG_WINDOW_ENERGY,512,0,10,LONG_WINDOW_NVML_POWER_INTEGRATION,2.0,8.0,40,0.02,2,107,2.0272627720005403,18.94638104673402,2.0226138479999918,47,1.9957739990004484,203.26419899680653,1.8996654111851077,101.92191489361696,109.67,464.0,63.0,PASS_NVML_LONG_WINDOW_SAMPLE_COUNT_RELEASE_QUALITY,TOTAL_DEVICE_ENERGY_NO_IDLE_SUBTRACTION,LONG_WINDOW_REPEATED_GENERATION_TO_LOSS_MATERIALIZATION_NOT_SPEEDUP_TIMING
saa.drcet.accuracy_cost_energy_pareto_gpu_h100_energy_long_window.v2.energy_workload_row,discontinuous_liquidity_loss|d=500|method=gpu_randomized_qmc_cpu_sobol|paths=512|repeat=1,discontinuous_liquidity_loss,500,gpu_randomized_qmc_cpu_sobol,NVIDIA_GPU_H100_PCIE_LONG_WINDOW_ENERGY,512,1,10,LONG_WINDOW_NVML_POWER_INTEGRATION,2.0,8.0,40,0.02,2,107,2.022315719001199,18.90014690655326,2.0174367370000255,45,1.9906471350004722,198.055568988442,1.8509866260602055,99.49266666666665,99.5,464.0,2.0,PASS_NVML_LONG_WINDOW_SAMPLE_COUNT_RELEASE_QUALITY,TOTAL_DEVICE_ENERGY_NO_IDLE_SUBTRACTION,LONG_WINDOW_REPEATED_GENERATION_TO_LOSS_MATERIALIZATION_NOT_SPEEDUP_TIMING
saa.drcet.accuracy_cost_energy_pareto_gpu_h100_energy_long_window.v2.energy_workload_row,discontinuous_liquidity_loss|d=500|method=gpu_randomized_qmc_cpu_sobol|paths=512|repeat=2,discontinuous_liquidity_loss,500,gpu_randomized_qmc_cpu_sobol,NVIDIA_GPU_H100_PCIE_LONG_WINDOW_ENERGY,512,2,10,LONG_WINDOW_NVML_POWER_INTEGRATION,2.0,8.0,40,0.02,2,107,2.0222376809997513,18.89941757943693,2.017021758999988,46,1.9908879959984915,198.06394944544994,1.8510649480883172,99.48521739130432,99.49,464.0,2.0,PASS_NVML_LONG_WINDOW_SAMPLE_COUNT_RELEASE_QUALITY,TOTAL_DEVICE_ENERGY_NO_IDLE_SUBTRACTION,LONG_WINDOW_REPEATED_GENERATION_TO_LOSS_MATERIALIZATION_NOT_SPEEDUP_TIMING
saa.drcet.accuracy_cost_energy_pareto_gpu_h100_energy_long_window.v2.energy_workload_row,discontinuous_liquidity_loss|d=500|method=gpu_randomized_qmc_cpu_sobol|paths=2048|repeat=0,discontinuous_liquidity_loss,500,gpu_randomized_qmc_cpu_sobol,NVIDIA_GPU_H100_PCIE_LONG_WINDOW_ENERGY,2048,0,10,LONG_WINDOW_NVML_POWER_INTEGRATION,2.0,8.0,40,0.02,2,42,2.068586219000281,49.25205283334002,2.058826032000013,44,2.047247612999854,203.60021640555544,4.847624200132272,99.45113636363635,99.48,470.0,1.0,PASS_NVML_LONG_WINDOW_SAMPLE_COUNT_RELEASE_QUALITY,TOTAL_DEVICE_ENERGY_NO_IDLE_SUBTRACTION,LONG_WINDOW_REPEATED_GENERATION_TO_LOSS_MATERIALIZATION_NOT_SPEEDUP_TIMING
saa.drcet.accuracy_cost_energy_pareto_gpu_h100_energy_long_window.v2.energy_workload_row,discontinuous_liquidity_loss|d=500|method=gpu_randomized_qmc_cpu_sobol|paths=2048|repeat=1,discontinuous_liquidity_loss,500,gpu_randomized_qmc_cpu_sobol,NVIDIA_GPU_H100_PCIE_LONG_WINDOW_ENERGY,2048,1,10,LONG_WINDOW_NVML_POWER_INTEGRATION,2.0,8.0,40,0.02,2,42,2.0745475350013294,49.39398892860308,2.0649417980000067,44,2.053020399000161,204.1413448602361,4.8605082109580025,99.43363636363638,99.47,470.0,1.0,PASS_NVML_LONG_WINDOW_SAMPLE_COUNT_RELEASE_QUALITY,TOTAL_DEVICE_ENERGY_NO_IDLE_SUBTRACTION,LONG_WINDOW_REPEATED_GENERATION_TO_LOSS_MATERIALIZATION_NOT_SPEEDUP_TIMING
saa.drcet.accuracy_cost_energy_pareto_gpu_h100_energy_long_window.v2.energy_workload_row,discontinuous_liquidity_loss|d=500|method=gpu_randomized_qmc_cpu_sobol|paths=2048|repeat=2,discontinuous_liquidity_loss,500,gpu_randomized_qmc_cpu_sobol,NVIDIA_GPU_H100_PCIE_LONG_WINDOW_ENERGY,2048,2,10,LONG_WINDOW_NVML_POWER_INTEGRATION,2.0,8.0,40,0.02,2,41,2.032829561998369,49.581208829228515,2.024428293000028,43,2.010943306999252,199.83721680899066,4.87407845875587,99.37372093023255,99.4,470.0,1.0,PASS_NVML_LONG_WINDOW_SAMPLE_COUNT_RELEASE_QUALITY,TOTAL_DEVICE_ENERGY_NO_IDLE_SUBTRACTION,LONG_WINDOW_REPEATED_GENERATION_TO_LOSS_MATERIALIZATION_NOT_SPEEDUP_TIMING
saa.drcet.accuracy_cost_energy_pareto_gpu_h100_energy_long_window.v2.energy_workload_row,discontinuous_liquidity_loss|d=500|method=gpu_raw_mc|paths=512|repeat=0,discontinuous_liquidity_loss,500,gpu_raw_mc,NVIDIA_GPU_H100_PCIE_LONG_WINDOW_ENERGY,512,0,10,LONG_WINDOW_NVML_POWER_INTEGRATION,2.0,8.0,40,0.02,2,4566,2.0224945160007337,0.44294667455119,2.0254262830000016,50,2.000478949999888,208.8120229367811,0.0457319366922429,104.36380000000001,106.1,464.0,61.0,PASS_NVML_LONG_WINDOW_SAMPLE_COUNT_RELEASE_QUALITY,TOTAL_DEVICE_ENERGY_NO_IDLE_SUBTRACTION,LONG_WINDOW_REPEATED_GENERATION_TO_LOSS_MATERIALIZATION_NOT_SPEEDUP_TIMING
saa.drcet.accuracy_cost_energy_pareto_gpu_h100_energy_long_window.v2.energy_workload_row,discontinuous_liquidity_loss|d=500|method=gpu_raw_mc|paths=512|repeat=1,discontinuous_liquidity_loss,500,gpu_raw_mc,NVIDIA_GPU_H100_PCIE_LONG_WINDOW_ENERGY,512,1,10,LONG_WINDOW_NVML_POWER_INTEGRATION,2.0,8.0,40,0.02,2,4568,2.0211250289994496,0.44245293979847844,2.0242768230000365,48,1.9988598129984894,212.02087842579485,0.046414377939096946,106.07562499999999,106.18,464.0,61.0,PASS_NVML_LONG_WINDOW_SAMPLE_COUNT_RELEASE_QUALITY,TOTAL_DEVICE_ENERGY_NO_IDLE_SUBTRACTION,LONG_WINDOW_REPEATED_GENERATION_TO_LOSS_MATERIALIZATION_NOT_SPEEDUP_TIMING
saa.drcet.accuracy_cost_energy_pareto_gpu_h100_energy_long_window.v2.energy_workload_row,discontinuous_liquidity_loss|d=500|method=gpu_raw_mc|paths=512|repeat=2,discontinuous_liquidity_loss,500,gpu_raw_mc,NVIDIA_GPU_H100_PCIE_LONG_WINDOW_ENERGY,512,2,10,LONG_WINDOW_NVML_POWER_INTEGRATION,2.0,8.0,40,0.02,2,4560,2.023488726999858,0.44374752785084604,2.0253511469999808,50,2.001624129999982,212.43149591245316,0.046585854366766044,106.1288,106.24,464.0,60.0,PASS_NVML_LONG_WINDOW_SAMPLE_COUNT_RELEASE_QUALITY,TOTAL_DEVICE_ENERGY_NO_IDLE_SUBTRACTION,LONG_WINDOW_REPEATED_GENERATION_TO_LOSS_MATERIALIZATION_NOT_SPEEDUP_TIMING
saa.drcet.accuracy_cost_energy_pareto_gpu_h100_energy_long_window.v2.energy_workload_row,discontinuous_liquidity_loss|d=500|method=gpu_raw_mc|paths=2048|repeat=0,discontinuous_liquidity_loss,500,gpu_raw_mc,NVIDIA_GPU_H100_PCIE_LONG_WINDOW_ENERGY,2048,0,10,LONG_WINDOW_NVML_POWER_INTEGRATION,2.0,8.0,40,0.02,2,4554,2.030625860999862,0.4458993985506944,2.025357306999979,50,2.009491803999481,220.7258472256069,0.048468565486518865,109.83139999999999,111.24,470.0,68.0,PASS_NVML_LONG_WINDOW_SAMPLE_COUNT_RELEASE_QUALITY,TOTAL_DEVICE_ENERGY_NO_IDLE_SUBTRACTION,LONG_WINDOW_REPEATED_GENERATION_TO_LOSS_MATERIALIZATION_NOT_SPEEDUP_TIMING
saa.drcet.accuracy_cost_energy_pareto_gpu_h100_energy_long_window.v2.energy_workload_row,discontinuous_liquidity_loss|d=500|method=gpu_raw_mc|paths=2048|repeat=1,discontinuous_liquidity_loss,500,gpu_raw_mc,NVIDIA_GPU_H100_PCIE_LONG_WINDOW_ENERGY,2048,1,10,LONG_WINDOW_NVML_POWER_INTEGRATION,2.0,8.0,40,0.02,2,4544,2.0227393799996207,0.4451451100351278,2.0245783109999707,50,2.000661563999529,222.13156702315766,0.04888458781319491,111.03280000000001,111.29,470.0,67.0,PASS_NVML_LONG_WINDOW_SAMPLE_COUNT_RELEASE_QUALITY,TOTAL_DEVICE_ENERGY_NO_IDLE_SUBTRACTION,LONG_WINDOW_REPEATED_GENERATION_TO_LOSS_MATERIALIZATION_NOT_SPEEDUP_TIMING
saa.drcet.accuracy_cost_energy_pareto_gpu_h100_energy_long_window.v2.energy_workload_row,discontinuous_liquidity_loss|d=500|method=gpu_raw_mc|paths=2048|repeat=2,discontinuous_liquidity_loss,500,gpu_raw_mc,NVIDIA_GPU_H100_PCIE_LONG_WINDOW_ENERGY,2048,2,10,LONG_WINDOW_NVML_POWER_INTEGRATION,2.0,8.0,40,0.02,2,4544,2.0255004480004573,0.44575273943672034,2.0249262170000293,50,2.00420454199957,222.7093648409325,0.04901174402309254,111.11920000000002,111.29,470.0,67.0,PASS_NVML_LONG_WINDOW_SAMPLE_COUNT_RELEASE_QUALITY,TOTAL_DEVICE_ENERGY_NO_IDLE_SUBTRACTION,LONG_WINDOW_REPEATED_GENERATION_TO_LOSS_MATERIALIZATION_NOT_SPEEDUP_TIMING
saa.drcet.accuracy_cost_energy_pareto_gpu_h100_energy_long_window.v2.energy_workload_row,discontinuous_liquidity_loss|d=1000|method=gpu_antithetic_mc|paths=512|repeat=0,discontinuous_liquidity_loss,1000,gpu_antithetic_mc,NVIDIA_GPU_H100_PCIE_LONG_WINDOW_ENERGY,512,0,10,LONG_WINDOW_NVML_POWER_INTEGRATION,2.0,8.0,40,0.02,2,3526,2.1146860089993424,0.5997407853089457,2.029130770999984,50,2.093282632999035,226.7875762772228,0.064318654644703,108.37979999999999,110.91,470.0,67.0,PASS_NVML_LONG_WINDOW_SAMPLE_COUNT_RELEASE_QUALITY,TOTAL_DEVICE_ENERGY_NO_IDLE_SUBTRACTION,LONG_WINDOW_REPEATED_GENERATION_TO_LOSS_MATERIALIZATION_NOT_SPEEDUP_TIMING
saa.drcet.accuracy_cost_energy_pareto_gpu_h100_energy_long_window.v2.energy_workload_row,discontinuous_liquidity_loss|d=1000|method=gpu_antithetic_mc|paths=512|repeat=1,discontinuous_liquidity_loss,1000,gpu_antithetic_mc,NVIDIA_GPU_H100_PCIE_LONG_WINDOW_ENERGY,512,1,10,LONG_WINDOW_NVML_POWER_INTEGRATION,2.0,8.0,40,0.02,2,3542,2.0328637510010594,0.5739310420669281,2.030261015999997,50,2.011532315000295,215.7010235554462,0.06089808683101248,107.23479999999999,107.69,470.0,55.0,PASS_NVML_LONG_WINDOW_SAMPLE_COUNT_RELEASE_QUALITY,TOTAL_DEVICE_ENERGY_NO_IDLE_SUBTRACTION,LONG_WINDOW_REPEATED_GENERATION_TO_LOSS_MATERIALIZATION_NOT_SPEEDUP_TIMING
saa.drcet.accuracy_cost_energy_pareto_gpu_h100_energy_long_window.v2.energy_workload_row,discontinuous_liquidity_loss|d=1000|method=gpu_antithetic_mc|paths=512|repeat=2,discontinuous_liquidity_loss,1000,gpu_antithetic_mc,NVIDIA_GPU_H100_PCIE_LONG_WINDOW_ENERGY,512,2,10,LONG_WINDOW_NVML_POWER_INTEGRATION,2.0,8.0,40,0.02,2,3554,2.0379279469998437,0.5734181055148688,2.0312198000000308,50,2.016606340999715,216.9131459508943,0.06103352446564274,107.56300000000002,107.73,470.0,55.0,PASS_NVML_LONG_WINDOW_SAMPLE_COUNT_RELEASE_QUALITY,TOTAL_DEVICE_ENERGY_NO_IDLE_SUBTRACTION,LONG_WINDOW_REPEATED_GENERATION_TO_LOSS_MATERIALIZATION_NOT_SPEEDUP_TIMING
saa.drcet.accuracy_cost_energy_pareto_gpu_h100_energy_long_window.v2.energy_workload_row,discontinuous_liquidity_loss|d=1000|method=gpu_antithetic_mc|paths=2048|repeat=0,discontinuous_liquidity_loss,1000,gpu_antithetic_mc,NVIDIA_GPU_H100_PCIE_LONG_WINDOW_ENERGY,2048,0,10,LONG_WINDOW_NVML_POWER_INTEGRATION,2.0,8.0,40,0.02,2,3396,2.0288641789993562,0.5974276145463358,2.029173935000017,48,2.005979114001093,231.75152384294265,0.0682424981869678,115.49645833333334,118.44,494.0,64.0,PASS_NVML_LONG_WINDOW_SAMPLE_COUNT_RELEASE_QUALITY,TOTAL_DEVICE_ENERGY_NO_IDLE_SUBTRACTION,LONG_WINDOW_REPEATED_GENERATION_TO_LOSS_MATERIALIZATION_NOT_SPEEDUP_TIMING
saa.drcet.accuracy_cost_energy_pareto_gpu_h100_energy_long_window.v2.energy_workload_row,discontinuous_liquidity_loss|d=1000|method=gpu_antithetic_mc|paths=2048|repeat=1,discontinuous_liquidity_loss,1000,gpu_antithetic_mc,NVIDIA_GPU_H100_PCIE_LONG_WINDOW_ENERGY,2048,1,10,LONG_WINDOW_NVML_POWER_INTEGRATION,2.0,8.0,40,0.02,2,3392,2.0260822620002727,0.597311987618005,2.0296610039999905,48,2.0035063779996563,236.61948152444947,0.0697581018645193,118.10333333333334,118.5,494.0,64.0,PASS_NVML_LONG_WINDOW_SAMPLE_COUNT_RELEASE_QUALITY,TOTAL_DEVICE_ENERGY_NO_IDLE_SUBTRACTION,LONG_WINDOW_REPEATED_GENERATION_TO_LOSS_MATERIALIZATION_NOT_SPEEDUP_TIMING
saa.drcet.accuracy_cost_energy_pareto_gpu_h100_energy_long_window.v2.energy_workload_row,discontinuous_liquidity_loss|d=1000|method=gpu_antithetic_mc|paths=2048|repeat=2,discontinuous_liquidity_loss,1000,gpu_antithetic_mc,NVIDIA_GPU_H100_PCIE_LONG_WINDOW_ENERGY,2048,2,10,LONG_WINDOW_NVML_POWER_INTEGRATION,2.0,8.0,40,0.02,2,3376,2.0341653659997974,0.602537134478613,2.0280884150000134,48,2.0109247920008784,237.48415552349363,0.07034483279724338,118.09604166666668,118.42,494.0,64.0,PASS_NVML_LONG_WINDOW_SAMPLE_COUNT_RELEASE_QUALITY,TOTAL_DEVICE_ENERGY_NO_IDLE_SUBTRACTION,LONG_WINDOW_REPEATED_GENERATION_TO_LOSS_MATERIALIZATION_NOT_SPEEDUP_TIMING
saa.drcet.accuracy_cost_energy_pareto_gpu_h100_energy_long_window.v2.energy_workload_row,discontinuous_liquidity_loss|d=1000|method=gpu_importance_sampling|paths=512|repeat=0,discontinuous_liquidity_loss,1000,gpu_importance_sampling,NVIDIA_GPU_H100_PCIE_LONG_WINDOW_ENERGY,512,0,10,LONG_WINDOW_NVML_POWER_INTEGRATION,2.0,8.0,40,0.02,2,4146,2.020831772000747,0.48741721466491733,2.024722506000046,48,1.9991305450002983,219.71714901180448,0.052994970818090806,110.03145833333333,117.82,466.0,61.0,PASS_NVML_LONG_WINDOW_SAMPLE_COUNT_RELEASE_QUALITY,TOTAL_DEVICE_ENERGY_NO_IDLE_SUBTRACTION,LONG_WINDOW_REPEATED_GENERATION_TO_LOSS_MATERIALIZATION_NOT_SPEEDUP_TIMING
saa.drcet.accuracy_cost_energy_pareto_gpu_h100_energy_long_window.v2.energy_workload_row,discontinuous_liquidity_loss|d=1000|method=gpu_importance_sampling|paths=512|repeat=1,discontinuous_liquidity_loss,1000,gpu_importance_sampling,NVIDIA_GPU_H100_PCIE_LONG_WINDOW_ENERGY,512,1,10,LONG_WINDOW_NVML_POWER_INTEGRATION,2.0,8.0,40,0.02,2,4166,2.02795067399893,0.4867860475273476,2.02530335900002,50,2.0055661189999228,215.36795227090144,0.051696579997815996,107.384,107.49,466.0,60.0,PASS_NVML_LONG_WINDOW_SAMPLE_COUNT_RELEASE_QUALITY,TOTAL_DEVICE_ENERGY_NO_IDLE_SUBTRACTION,LONG_WINDOW_REPEATED_GENERATION_TO_LOSS_MATERIALIZATION_NOT_SPEEDUP_TIMING
saa.drcet.accuracy_cost_energy_pareto_gpu_h100_energy_long_window.v2.energy_workload_row,discontinuous_liquidity_loss|d=1000|method=gpu_importance_sampling|paths=512|repeat=2,discontinuous_liquidity_loss,1000,gpu_importance_sampling,NVIDIA_GPU_H100_PCIE_LONG_WINDOW_ENERGY,512,2,10,LONG_WINDOW_NVML_POWER_INTEGRATION,2.0,8.0,40,0.02,2,4160,2.032156069000848,0.48849905504828084,2.025090027000033,50,2.0102129049992072,215.93610259536996,0.05190771697004085,107.41680000000001,107.56,466.0,61.0,PASS_NVML_LONG_WINDOW_SAMPLE_COUNT_RELEASE_QUALITY,TOTAL_DEVICE_ENERGY_NO_IDLE_SUBTRACTION,LONG_WINDOW_REPEATED_GENERATION_TO_LOSS_MATERIALIZATION_NOT_SPEEDUP_TIMING
saa.drcet.accuracy_cost_energy_pareto_gpu_h100_energy_long_window.v2.energy_workload_row,discontinuous_liquidity_loss|d=1000|method=gpu_importance_sampling|paths=2048|repeat=0,discontinuous_liquidity_loss,1000,gpu_importance_sampling,NVIDIA_GPU_H100_PCIE_LONG_WINDOW_ENERGY,2048,0,10,LONG_WINDOW_NVML_POWER_INTEGRATION,2.0,8.0,40,0.02,2,4140,2.0210400430005393,0.488173923430082,2.0245770640000273,49,1.9993860279992077,226.65423068820044,0.05474739871695663,113.31326530612246,115.53,478.0,73.0,PASS_NVML_LONG_WINDOW_SAMPLE_COUNT_RELEASE_QUALITY,TOTAL_DEVICE_ENERGY_NO_IDLE_SUBTRACTION,LONG_WINDOW_REPEATED_GENERATION_TO_LOSS_MATERIALIZATION_NOT_SPEEDUP_TIMING
saa.drcet.accuracy_cost_energy_pareto_gpu_h100_energy_long_window.v2.energy_workload_row,discontinuous_liquidity_loss|d=1000|method=gpu_importance_sampling|paths=2048|repeat=1,discontinuous_liquidity_loss,1000,gpu_importance_sampling,NVIDIA_GPU_H100_PCIE_LONG_WINDOW_ENERGY,2048,1,10,LONG_WINDOW_NVML_POWER_INTEGRATION,2.0,8.0,40,0.02,2,4153,2.032116882999617,0.48931299855516897,2.024523372000033,50,2.0096821679999266,231.93575109648626,0.05584776091897092,115.4074,115.63,478.0,73.0,PASS_NVML_LONG_WINDOW_SAMPLE_COUNT_RELEASE_QUALITY,TOTAL_DEVICE_ENERGY_NO_IDLE_SUBTRACTION,LONG_WINDOW_REPEATED_GENERATION_TO_LOSS_MATERIALIZATION_NOT_SPEEDUP_TIMING
saa.drcet.accuracy_cost_energy_pareto_gpu_h100_energy_long_window.v2.energy_workload_row,discontinuous_liquidity_loss|d=1000|method=gpu_importance_sampling|paths=2048|repeat=2,discontinuous_liquidity_loss,1000,gpu_importance_sampling,NVIDIA_GPU_H100_PCIE_LONG_WINDOW_ENERGY,2048,2,10,LONG_WINDOW_NVML_POWER_INTEGRATION,2.0,8.0,40,0.02,2,4144,2.025493290999293,0.4887773385616055,2.02410006599996,50,2.003855304999888,231.14061165102706,0.055777174626213094,115.3484,115.65,478.0,73.0,PASS_NVML_LONG_WINDOW_SAMPLE_COUNT_RELEASE_QUALITY,TOTAL_DEVICE_ENERGY_NO_IDLE_SUBTRACTION,LONG_WINDOW_REPEATED_GENERATION_TO_LOSS_MATERIALIZATION_NOT_SPEEDUP_TIMING
saa.drcet.accuracy_cost_energy_pareto_gpu_h100_energy_long_window.v2.energy_workload_row,discontinuous_liquidity_loss|d=1000|method=gpu_randomized_qmc_cpu_sobol|paths=512|repeat=0,discontinuous_liquidity_loss,1000,gpu_randomized_qmc_cpu_sobol,NVIDIA_GPU_H100_PCIE_LONG_WINDOW_ENERGY,512,0,10,LONG_WINDOW_NVML_POWER_INTEGRATION,2.0,8.0,40,0.02,2,41,2.178057209999679,53.12334658535802,2.1612538940000263,42,2.1521561709996604,221.43706528466572,5.40090403133331,103.00761904761906,113.68,466.0,1.0,PASS_NVML_LONG_WINDOW_SAMPLE_COUNT_RELEASE_QUALITY,TOTAL_DEVICE_ENERGY_NO_IDLE_SUBTRACTION,LONG_WINDOW_REPEATED_GENERATION_TO_LOSS_MATERIALIZATION_NOT_SPEEDUP_TIMING
saa.drcet.accuracy_cost_energy_pareto_gpu_h100_energy_long_window.v2.energy_workload_row,discontinuous_liquidity_loss|d=1000|method=gpu_randomized_qmc_cpu_sobol|paths=512|repeat=1,discontinuous_liquidity_loss,1000,gpu_randomized_qmc_cpu_sobol,NVIDIA_GPU_H100_PCIE_LONG_WINDOW_ENERGY,512,1,10,LONG_WINDOW_NVML_POWER_INTEGRATION,2.0,8.0,40,0.02,2,40,2.115101401999709,52.87753504999273,2.098323633999996,42,2.0895105420004256,208.93426902716757,5.2233567256791895,99.99214285714285,100.01,466.0,1.0,PASS_NVML_LONG_WINDOW_SAMPLE_COUNT_RELEASE_QUALITY,TOTAL_DEVICE_ENERGY_NO_IDLE_SUBTRACTION,LONG_WINDOW_REPEATED_GENERATION_TO_LOSS_MATERIALIZATION_NOT_SPEEDUP_TIMING
saa.drcet.accuracy_cost_energy_pareto_gpu_h100_energy_long_window.v2.energy_workload_row,discontinuous_liquidity_loss|d=1000|method=gpu_randomized_qmc_cpu_sobol|paths=512|repeat=2,discontinuous_liquidity_loss,1000,gpu_randomized_qmc_cpu_sobol,NVIDIA_GPU_H100_PCIE_LONG_WINDOW_ENERGY,512,2,10,LONG_WINDOW_NVML_POWER_INTEGRATION,2.0,8.0,40,0.02,2,40,2.1203669470014574,53.009173675036436,2.102618258999996,42,2.094637287000296,209.43600419253954,5.2359001048134886,99.98690476190475,99.99,466.0,1.0,PASS_NVML_LONG_WINDOW_SAMPLE_COUNT_RELEASE_QUALITY,TOTAL_DEVICE_ENERGY_NO_IDLE_SUBTRACTION,LONG_WINDOW_REPEATED_GENERATION_TO_LOSS_MATERIALIZATION_NOT_SPEEDUP_TIMING
saa.drcet.accuracy_cost_energy_pareto_gpu_h100_energy_long_window.v2.energy_workload_row,discontinuous_liquidity_loss|d=1000|method=gpu_randomized_qmc_cpu_sobol|paths=2048|repeat=0,discontinuous_liquidity_loss,1000,gpu_randomized_qmc_cpu_sobol,NVIDIA_GPU_H100_PCIE_LONG_WINDOW_ENERGY,2048,0,10,LONG_WINDOW_NVML_POWER_INTEGRATION,2.0,8.0,40,0.02,2,23,2.0997839920000843,91.2949561739167,2.0795336379999867,48,2.0740208810002514,207.3566550782952,9.015506742534575,99.97708333333333,100.0,478.0,1.0,PASS_NVML_LONG_WINDOW_SAMPLE_COUNT_RELEASE_QUALITY,TOTAL_DEVICE_ENERGY_NO_IDLE_SUBTRACTION,LONG_WINDOW_REPEATED_GENERATION_TO_LOSS_MATERIALIZATION_NOT_SPEEDUP_TIMING
saa.drcet.accuracy_cost_energy_pareto_gpu_h100_energy_long_window.v2.energy_workload_row,discontinuous_liquidity_loss|d=1000|method=gpu_randomized_qmc_cpu_sobol|paths=2048|repeat=1,discontinuous_liquidity_loss,1000,gpu_randomized_qmc_cpu_sobol,NVIDIA_GPU_H100_PCIE_LONG_WINDOW_ENERGY,2048,1,10,LONG_WINDOW_NVML_POWER_INTEGRATION,2.0,8.0,40,0.02,2,23,2.096528767999189,91.1534246956169,2.0760972690000017,48,2.070953575999738,206.86790440926882,8.99425671344647,99.88937500000002,99.93,478.0,1.0,PASS_NVML_LONG_WINDOW_SAMPLE_COUNT_RELEASE_QUALITY,TOTAL_DEVICE_ENERGY_NO_IDLE_SUBTRACTION,LONG_WINDOW_REPEATED_GENERATION_TO_LOSS_MATERIALIZATION_NOT_SPEEDUP_TIMING
saa.drcet.accuracy_cost_energy_pareto_gpu_h100_energy_long_window.v2.energy_workload_row,discontinuous_liquidity_loss|d=1000|method=gpu_randomized_qmc_cpu_sobol|paths=2048|repeat=2,discontinuous_liquidity_loss,1000,gpu_randomized_qmc_cpu_sobol,NVIDIA_GPU_H100_PCIE_LONG_WINDOW_ENERGY,2048,2,10,LONG_WINDOW_NVML_POWER_INTEGRATION,2.0,8.0,40,0.02,2,23,2.1069703770008346,91.60740769568847,2.0877722199999766,48,2.081287805998727,207.50777015317303,9.022076963181435,99.70249999999999,99.85,478.0,1.0,PASS_NVML_LONG_WINDOW_SAMPLE_COUNT_RELEASE_QUALITY,TOTAL_DEVICE_ENERGY_NO_IDLE_SUBTRACTION,LONG_WINDOW_REPEATED_GENERATION_TO_LOSS_MATERIALIZATION_NOT_SPEEDUP_TIMING
saa.drcet.accuracy_cost_energy_pareto_gpu_h100_energy_long_window.v2.energy_workload_row,discontinuous_liquidity_loss|d=1000|method=gpu_raw_mc|paths=512|repeat=0,discontinuous_liquidity_loss,1000,gpu_raw_mc,NVIDIA_GPU_H100_PCIE_LONG_WINDOW_ENERGY,512,0,10,LONG_WINDOW_NVML_POWER_INTEGRATION,2.0,8.0,40,0.02,2,4430,2.0209854669992637,0.45620439435649296,2.0241882120000128,47,1.9981799840006715,211.0484032890344,0.047640723090075485,105.75680851063827,107.65,466.0,62.0,PASS_NVML_LONG_WINDOW_SAMPLE_COUNT_RELEASE_QUALITY,TOTAL_DEVICE_ENERGY_NO_IDLE_SUBTRACTION,LONG_WINDOW_REPEATED_GENERATION_TO_LOSS_MATERIALIZATION_NOT_SPEEDUP_TIMING
saa.drcet.accuracy_cost_energy_pareto_gpu_h100_energy_long_window.v2.energy_workload_row,discontinuous_liquidity_loss|d=1000|method=gpu_raw_mc|paths=512|repeat=1,discontinuous_liquidity_loss,1000,gpu_raw_mc,NVIDIA_GPU_H100_PCIE_LONG_WINDOW_ENERGY,512,1,10,LONG_WINDOW_NVML_POWER_INTEGRATION,2.0,8.0,40,0.02,2,4521,2.041698273000293,0.4516032455209672,2.0263915529999963,50,2.019103484999505,217.3077244888517,0.04806629606035207,107.62599999999999,107.78,466.0,63.0,PASS_NVML_LONG_WINDOW_SAMPLE_COUNT_RELEASE_QUALITY,TOTAL_DEVICE_ENERGY_NO_IDLE_SUBTRACTION,LONG_WINDOW_REPEATED_GENERATION_TO_LOSS_MATERIALIZATION_NOT_SPEEDUP_TIMING
saa.drcet.accuracy_cost_energy_pareto_gpu_h100_energy_long_window.v2.energy_workload_row,discontinuous_liquidity_loss|d=1000|method=gpu_raw_mc|paths=512|repeat=2,discontinuous_liquidity_loss,1000,gpu_raw_mc,NVIDIA_GPU_H100_PCIE_LONG_WINDOW_ENERGY,512,2,10,LONG_WINDOW_NVML_POWER_INTEGRATION,2.0,8.0,40,0.02,2,4530,2.036990565000451,0.44966679139082805,2.025978662,50,2.0150592039990443,216.84325737754205,0.047868268736764245,107.61099999999999,107.79,466.0,63.0,PASS_NVML_LONG_WINDOW_SAMPLE_COUNT_RELEASE_QUALITY,TOTAL_DEVICE_ENERGY_NO_IDLE_SUBTRACTION,LONG_WINDOW_REPEATED_GENERATION_TO_LOSS_MATERIALIZATION_NOT_SPEEDUP_TIMING
saa.drcet.accuracy_cost_energy_pareto_gpu_h100_energy_long_window.v2.energy_workload_row,discontinuous_liquidity_loss|d=1000|method=gpu_raw_mc|paths=2048|repeat=0,discontinuous_liquidity_loss,1000,gpu_raw_mc,NVIDIA_GPU_H100_PCIE_LONG_WINDOW_ENERGY,2048,0,10,LONG_WINDOW_NVML_POWER_INTEGRATION,2.0,8.0,40,0.02,2,4553,2.0343688180000754,0.44681941972327593,2.026062059000026,50,2.012528007000583,229.9879218032412,0.05051349040264467,114.25579999999998,116.69,478.0,76.0,PASS_NVML_LONG_WINDOW_SAMPLE_COUNT_RELEASE_QUALITY,TOTAL_DEVICE_ENERGY_NO_IDLE_SUBTRACTION,LONG_WINDOW_REPEATED_GENERATION_TO_LOSS_MATERIALIZATION_NOT_SPEEDUP_TIMING
saa.drcet.accuracy_cost_energy_pareto_gpu_h100_energy_long_window.v2.energy_workload_row,discontinuous_liquidity_loss|d=1000|method=gpu_raw_mc|paths=2048|repeat=1,discontinuous_liquidity_loss,1000,gpu_raw_mc,NVIDIA_GPU_H100_PCIE_LONG_WINDOW_ENERGY,2048,1,10,LONG_WINDOW_NVML_POWER_INTEGRATION,2.0,8.0,40,0.02,2,4552,2.0337436829995568,0.4467802467046478,2.0235615440000174,50,2.011845111999719,234.04868326964714,0.05141667031407011,116.3356,116.66,478.0,76.0,PASS_NVML_LONG_WINDOW_SAMPLE_COUNT_RELEASE_QUALITY,TOTAL_DEVICE_ENERGY_NO_IDLE_SUBTRACTION,LONG_WINDOW_REPEATED_GENERATION_TO_LOSS_MATERIALIZATION_NOT_SPEEDUP_TIMING
saa.drcet.accuracy_cost_energy_pareto_gpu_h100_energy_long_window.v2.energy_workload_row,discontinuous_liquidity_loss|d=1000|method=gpu_raw_mc|paths=2048|repeat=2,discontinuous_liquidity_loss,1000,gpu_raw_mc,NVIDIA_GPU_H100_PCIE_LONG_WINDOW_ENERGY,2048,2,10,LONG_WINDOW_NVML_POWER_INTEGRATION,2.0,8.0,40,0.02,2,4554,2.0207115579996753,0.4437223447517952,2.0254016260000185,48,1.9988788350001414,232.68469747254662,0.05109457564175376,116.39854166666667,116.76,478.0,76.0,PASS_NVML_LONG_WINDOW_SAMPLE_COUNT_RELEASE_QUALITY,TOTAL_DEVICE_ENERGY_NO_IDLE_SUBTRACTION,LONG_WINDOW_REPEATED_GENERATION_TO_LOSS_MATERIALIZATION_NOT_SPEEDUP_TIMING
saa.drcet.accuracy_cost_energy_pareto_gpu_h100_energy_long_window.v2.energy_workload_row,hawkes_clustered_jumps|d=100|method=gpu_antithetic_mc|paths=512|repeat=0,hawkes_clustered_jumps,100,gpu_antithetic_mc,NVIDIA_GPU_H100_PCIE_LONG_WINDOW_ENERGY,512,0,10,LONG_WINDOW_NVML_POWER_INTEGRATION,2.0,8.0,40,0.02,2,3762,2.021401156000138,0.537320881446076,2.0353724080000006,49,1.9986745189999056,215.13848340028312,0.057187262998480363,107.65571428571431,116.36,462.0,76.0,PASS_NVML_LONG_WINDOW_SAMPLE_COUNT_RELEASE_QUALITY,TOTAL_DEVICE_ENERGY_NO_IDLE_SUBTRACTION,LONG_WINDOW_REPEATED_GENERATION_TO_LOSS_MATERIALIZATION_NOT_SPEEDUP_TIMING
saa.drcet.accuracy_cost_energy_pareto_gpu_h100_energy_long_window.v2.energy_workload_row,hawkes_clustered_jumps|d=100|method=gpu_antithetic_mc|paths=512|repeat=1,hawkes_clustered_jumps,100,gpu_antithetic_mc,NVIDIA_GPU_H100_PCIE_LONG_WINDOW_ENERGY,512,1,10,LONG_WINDOW_NVML_POWER_INTEGRATION,2.0,8.0,40,0.02,2,3748,2.0215323569991597,0.5393629554426786,2.0351834289999715,49,1.9981435810004768,209.3278962486649,0.055850559297936204,104.76204081632652,104.81,462.0,56.0,PASS_NVML_LONG_WINDOW_SAMPLE_COUNT_RELEASE_QUALITY,TOTAL_DEVICE_ENERGY_NO_IDLE_SUBTRACTION,LONG_WINDOW_REPEATED_GENERATION_TO_LOSS_MATERIALIZATION_NOT_SPEEDUP_TIMING
saa.drcet.accuracy_cost_energy_pareto_gpu_h100_energy_long_window.v2.energy_workload_row,hawkes_clustered_jumps|d=100|method=gpu_antithetic_mc|paths=512|repeat=2,hawkes_clustered_jumps,100,gpu_antithetic_mc,NVIDIA_GPU_H100_PCIE_LONG_WINDOW_ENERGY,512,2,10,LONG_WINDOW_NVML_POWER_INTEGRATION,2.0,8.0,40,0.02,2,3751,2.034883334999904,0.5424908917621711,2.038613995999981,49,2.013179442999899,210.89073935324933,0.0562225378174485,104.7538775510204,104.81,462.0,56.0,PASS_NVML_LONG_WINDOW_SAMPLE_COUNT_RELEASE_QUALITY,TOTAL_DEVICE_ENERGY_NO_IDLE_SUBTRACTION,LONG_WINDOW_REPEATED_GENERATION_TO_LOSS_MATERIALIZATION_NOT_SPEEDUP_TIMING
saa.drcet.accuracy_cost_energy_pareto_gpu_h100_energy_long_window.v2.energy_workload_row,hawkes_clustered_jumps|d=100|method=gpu_antithetic_mc|paths=2048|repeat=0,hawkes_clustered_jumps,100,gpu_antithetic_mc,NVIDIA_GPU_H100_PCIE_LONG_WINDOW_ENERGY,2048,0,10,LONG_WINDOW_NVML_POWER_INTEGRATION,2.0,8.0,40,0.02,2,3737,2.0201514569998835,0.5405810695744938,2.0339252370000054,49,1.9971565590003593,211.9287767620367,0.05671093838962716,106.11061224489794,106.68,464.0,57.0,PASS_NVML_LONG_WINDOW_SAMPLE_COUNT_RELEASE_QUALITY,TOTAL_DEVICE_ENERGY_NO_IDLE_SUBTRACTION,LONG_WINDOW_REPEATED_GENERATION_TO_LOSS_MATERIALIZATION_NOT_SPEEDUP_TIMING
saa.drcet.accuracy_cost_energy_pareto_gpu_h100_energy_long_window.v2.energy_workload_row,hawkes_clustered_jumps|d=100|method=gpu_antithetic_mc|paths=2048|repeat=1,hawkes_clustered_jumps,100,gpu_antithetic_mc,NVIDIA_GPU_H100_PCIE_LONG_WINDOW_ENERGY,2048,1,10,LONG_WINDOW_NVML_POWER_INTEGRATION,2.0,8.0,40,0.02,2,3749,2.020888015998935,0.5390472168575446,2.034712019999972,49,1.9980767269989883,212.95473987798223,0.056803078121627694,106.58,106.67,464.0,58.0,PASS_NVML_LONG_WINDOW_SAMPLE_COUNT_RELEASE_QUALITY,TOTAL_DEVICE_ENERGY_NO_IDLE_SUBTRACTION,LONG_WINDOW_REPEATED_GENERATION_TO_LOSS_MATERIALIZATION_NOT_SPEEDUP_TIMING
saa.drcet.accuracy_cost_energy_pareto_gpu_h100_energy_long_window.v2.energy_workload_row,hawkes_clustered_jumps|d=100|method=gpu_antithetic_mc|paths=2048|repeat=2,hawkes_clustered_jumps,100,gpu_antithetic_mc,NVIDIA_GPU_H100_PCIE_LONG_WINDOW_ENERGY,2048,2,10,LONG_WINDOW_NVML_POWER_INTEGRATION,2.0,8.0,40,0.02,2,3733,2.033008678999977,0.5446045215644192,2.0367387649999955,48,2.011403804999645,214.21060571402217,0.057382964295210864,106.49541666666666,106.58,464.0,57.0,PASS_NVML_LONG_WINDOW_SAMPLE_COUNT_RELEASE_QUALITY,TOTAL_DEVICE_ENERGY_NO_IDLE_SUBTRACTION,LONG_WINDOW_REPEATED_GENERATION_TO_LOSS_MATERIALIZATION_NOT_SPEEDUP_TIMING
saa.drcet.accuracy_cost_energy_pareto_gpu_h100_energy_long_window.v2.energy_workload_row,hawkes_clustered_jumps|d=100|method=gpu_importance_sampling|paths=512|repeat=0,hawkes_clustered_jumps,100,gpu_importance_sampling,NVIDIA_GPU_H100_PCIE_LONG_WINDOW_ENERGY,512,0,10,LONG_WINDOW_NVML_POWER_INTEGRATION,2.0,8.0,40,0.02,2,4391,2.0375010419993487,0.4640175454336936,2.0288145270000086,50,2.015380869999717,212.60833527690045,0.04841911529877031,105.49579999999997,106.33,462.0,62.0,PASS_NVML_LONG_WINDOW_SAMPLE_COUNT_RELEASE_QUALITY,TOTAL_DEVICE_ENERGY_NO_IDLE_SUBTRACTION,LONG_WINDOW_REPEATED_GENERATION_TO_LOSS_MATERIALIZATION_NOT_SPEEDUP_TIMING
saa.drcet.accuracy_cost_energy_pareto_gpu_h100_energy_long_window.v2.energy_workload_row,hawkes_clustered_jumps|d=100|method=gpu_importance_sampling|paths=512|repeat=1,hawkes_clustered_jumps,100,gpu_importance_sampling,NVIDIA_GPU_H100_PCIE_LONG_WINDOW_ENERGY,512,1,10,LONG_WINDOW_NVML_POWER_INTEGRATION,2.0,8.0,40,0.02,2,4408,2.034539695001513,0.46155619215097843,2.0434844640000165,49,2.0109115190007287,211.52874008778173,0.047987463722273534,105.19000000000001,105.29,462.0,62.0,PASS_NVML_LONG_WINDOW_SAMPLE_COUNT_RELEASE_QUALITY,TOTAL_DEVICE_ENERGY_NO_IDLE_SUBTRACTION,LONG_WINDOW_REPEATED_GENERATION_TO_LOSS_MATERIALIZATION_NOT_SPEEDUP_TIMING
saa.drcet.accuracy_cost_energy_pareto_gpu_h100_energy_long_window.v2.energy_workload_row,hawkes_clustered_jumps|d=100|method=gpu_importance_sampling|paths=512|repeat=2,hawkes_clustered_jumps,100,gpu_importance_sampling,NVIDIA_GPU_H100_PCIE_LONG_WINDOW_ENERGY,512,2,10,LONG_WINDOW_NVML_POWER_INTEGRATION,2.0,8.0,40,0.02,2,4377,2.020923939999193,0.4617144025586459,2.0312466429999745,49,1.9985428399995726,210.1820914986151,0.04801966906525362,105.16714285714286,105.29,462.0,61.0,PASS_NVML_LONG_WINDOW_SAMPLE_COUNT_RELEASE_QUALITY,TOTAL_DEVICE_ENERGY_NO_IDLE_SUBTRACTION,LONG_WINDOW_REPEATED_GENERATION_TO_LOSS_MATERIALIZATION_NOT_SPEEDUP_TIMING
saa.drcet.accuracy_cost_energy_pareto_gpu_h100_energy_long_window.v2.energy_workload_row,hawkes_clustered_jumps|d=100|method=gpu_importance_sampling|paths=2048|repeat=0,hawkes_clustered_jumps,100,gpu_importance_sampling,NVIDIA_GPU_H100_PCIE_LONG_WINDOW_ENERGY,2048,0,10,LONG_WINDOW_NVML_POWER_INTEGRATION,2.0,8.0,40,0.02,2,4396,2.0368400879997353,0.46333941947218726,2.0292311949999657,50,2.0151713140003267,214.408394719385,0.04877352018184372,106.39079999999998,106.9,462.0,63.0,PASS_NVML_LONG_WINDOW_SAMPLE_COUNT_RELEASE_QUALITY,TOTAL_DEVICE_ENERGY_NO_IDLE_SUBTRACTION,LONG_WINDOW_REPEATED_GENERATION_TO_LOSS_MATERIALIZATION_NOT_SPEEDUP_TIMING
saa.drcet.accuracy_cost_energy_pareto_gpu_h100_energy_long_window.v2.energy_workload_row,hawkes_clustered_jumps|d=100|method=gpu_importance_sampling|paths=2048|repeat=1,hawkes_clustered_jumps,100,gpu_importance_sampling,NVIDIA_GPU_H100_PCIE_LONG_WINDOW_ENERGY,2048,1,10,LONG_WINDOW_NVML_POWER_INTEGRATION,2.0,8.0,40,0.02,2,4422,2.021003521000239,0.4570338129806058,2.030662989999996,49,1.9982884420005576,213.4388781391497,0.04826749844847347,106.8108163265306,106.99,462.0,64.0,PASS_NVML_LONG_WINDOW_SAMPLE_COUNT_RELEASE_QUALITY,TOTAL_DEVICE_ENERGY_NO_IDLE_SUBTRACTION,LONG_WINDOW_REPEATED_GENERATION_TO_LOSS_MATERIALIZATION_NOT_SPEEDUP_TIMING
saa.drcet.accuracy_cost_energy_pareto_gpu_h100_energy_long_window.v2.energy_workload_row,hawkes_clustered_jumps|d=100|method=gpu_importance_sampling|paths=2048|repeat=2,hawkes_clustered_jumps,100,gpu_importance_sampling,NVIDIA_GPU_H100_PCIE_LONG_WINDOW_ENERGY,2048,2,10,LONG_WINDOW_NVML_POWER_INTEGRATION,2.0,8.0,40,0.02,2,4388,2.0208478949989512,0.4605396296715933,2.0346813920000386,47,1.999206669999694,213.52420895529733,0.04866094096519994,106.80319148936172,106.9,462.0,63.0,PASS_NVML_LONG_WINDOW_SAMPLE_COUNT_RELEASE_QUALITY,TOTAL_DEVICE_ENERGY_NO_IDLE_SUBTRACTION,LONG_WINDOW_REPEATED_GENERATION_TO_LOSS_MATERIALIZATION_NOT_SPEEDUP_TIMING
saa.drcet.accuracy_cost_energy_pareto_gpu_h100_energy_long_window.v2.energy_workload_row,hawkes_clustered_jumps|d=100|method=gpu_randomized_qmc_cpu_sobol|paths=512|repeat=0,hawkes_clustered_jumps,100,gpu_randomized_qmc_cpu_sobol,NVIDIA_GPU_H100_PCIE_LONG_WINDOW_ENERGY,512,0,10,LONG_WINDOW_NVML_POWER_INTEGRATION,2.0,8.0,40,0.02,2,460,2.0397225899996556,4.434179543477512,2.015897994999989,48,2.018872693000958,204.66169199363125,0.44491672172528535,101.38999999999999,106.52,462.0,52.0,PASS_NVML_LONG_WINDOW_SAMPLE_COUNT_RELEASE_QUALITY,TOTAL_DEVICE_ENERGY_NO_IDLE_SUBTRACTION,LONG_WINDOW_REPEATED_GENERATION_TO_LOSS_MATERIALIZATION_NOT_SPEEDUP_TIMING
saa.drcet.accuracy_cost_energy_pareto_gpu_h100_energy_long_window.v2.energy_workload_row,hawkes_clustered_jumps|d=100|method=gpu_randomized_qmc_cpu_sobol|paths=512|repeat=1,hawkes_clustered_jumps,100,gpu_randomized_qmc_cpu_sobol,NVIDIA_GPU_H100_PCIE_LONG_WINDOW_ENERGY,512,1,10,LONG_WINDOW_NVML_POWER_INTEGRATION,2.0,8.0,40,0.02,2,460,2.038959845000136,4.432521402174208,2.0150374119999697,48,2.0172558989997924,200.7955666777143,0.43651210147329195,99.53833333333334,99.6,462.0,2.0,PASS_NVML_LONG_WINDOW_SAMPLE_COUNT_RELEASE_QUALITY,TOTAL_DEVICE_ENERGY_NO_IDLE_SUBTRACTION,LONG_WINDOW_REPEATED_GENERATION_TO_LOSS_MATERIALIZATION_NOT_SPEEDUP_TIMING
saa.drcet.accuracy_cost_energy_pareto_gpu_h100_energy_long_window.v2.energy_workload_row,hawkes_clustered_jumps|d=100|method=gpu_randomized_qmc_cpu_sobol|paths=512|repeat=2,hawkes_clustered_jumps,100,gpu_randomized_qmc_cpu_sobol,NVIDIA_GPU_H100_PCIE_LONG_WINDOW_ENERGY,512,2,10,LONG_WINDOW_NVML_POWER_INTEGRATION,2.0,8.0,40,0.02,2,461,2.030396648999158,4.4043311258116224,2.015355898999985,48,2.009233533000952,199.8986441982647,0.43361961865133336,99.49,99.49,462.0,2.0,PASS_NVML_LONG_WINDOW_SAMPLE_COUNT_RELEASE_QUALITY,TOTAL_DEVICE_ENERGY_NO_IDLE_SUBTRACTION,LONG_WINDOW_REPEATED_GENERATION_TO_LOSS_MATERIALIZATION_NOT_SPEEDUP_TIMING
saa.drcet.accuracy_cost_energy_pareto_gpu_h100_energy_long_window.v2.energy_workload_row,hawkes_clustered_jumps|d=100|method=gpu_randomized_qmc_cpu_sobol|paths=2048|repeat=0,hawkes_clustered_jumps,100,gpu_randomized_qmc_cpu_sobol,NVIDIA_GPU_H100_PCIE_LONG_WINDOW_ENERGY,2048,0,10,LONG_WINDOW_NVML_POWER_INTEGRATION,2.0,8.0,40,0.02,2,257,2.0311040679989674,7.903128669256683,2.017759025000032,50,2.010085029000038,199.98335953521382,0.778145367841299,99.48999999999998,99.49,462.0,2.0,PASS_NVML_LONG_WINDOW_SAMPLE_COUNT_RELEASE_QUALITY,TOTAL_DEVICE_ENERGY_NO_IDLE_SUBTRACTION,LONG_WINDOW_REPEATED_GENERATION_TO_LOSS_MATERIALIZATION_NOT_SPEEDUP_TIMING
saa.drcet.accuracy_cost_energy_pareto_gpu_h100_energy_long_window.v2.energy_workload_row,hawkes_clustered_jumps|d=100|method=gpu_randomized_qmc_cpu_sobol|paths=2048|repeat=1,hawkes_clustered_jumps,100,gpu_randomized_qmc_cpu_sobol,NVIDIA_GPU_H100_PCIE_LONG_WINDOW_ENERGY,2048,1,10,LONG_WINDOW_NVML_POWER_INTEGRATION,2.0,8.0,40,0.02,2,258,2.025295191000623,7.849981360467532,2.0181390430000192,50,2.0046765209990554,199.44526707419593,0.7730436708302167,99.48999999999998,99.49,462.0,2.0,PASS_NVML_LONG_WINDOW_SAMPLE_COUNT_RELEASE_QUALITY,TOTAL_DEVICE_ENERGY_NO_IDLE_SUBTRACTION,LONG_WINDOW_REPEATED_GENERATION_TO_LOSS_MATERIALIZATION_NOT_SPEEDUP_TIMING
saa.drcet.accuracy_cost_energy_pareto_gpu_h100_energy_long_window.v2.energy_workload_row,hawkes_clustered_jumps|d=100|method=gpu_randomized_qmc_cpu_sobol|paths=2048|repeat=2,hawkes_clustered_jumps,100,gpu_randomized_qmc_cpu_sobol,NVIDIA_GPU_H100_PCIE_LONG_WINDOW_ENERGY,2048,2,10,LONG_WINDOW_NVML_POWER_INTEGRATION,2.0,8.0,40,0.02,2,255,2.0375954439987254,7.9905703686224525,2.0161906239999894,48,2.0161524070008454,200.58689792506905,0.786615285980663,99.48979166666668,99.49,462.0,2.0,PASS_NVML_LONG_WINDOW_SAMPLE_COUNT_RELEASE_QUALITY,TOTAL_DEVICE_ENERGY_NO_IDLE_SUBTRACTION,LONG_WINDOW_REPEATED_GENERATION_TO_LOSS_MATERIALIZATION_NOT_SPEEDUP_TIMING
saa.drcet.accuracy_cost_energy_pareto_gpu_h100_energy_long_window.v2.energy_workload_row,hawkes_clustered_jumps|d=100|method=gpu_raw_mc|paths=512|repeat=0,hawkes_clustered_jumps,100,gpu_raw_mc,NVIDIA_GPU_H100_PCIE_LONG_WINDOW_ENERGY,512,0,10,LONG_WINDOW_NVML_POWER_INTEGRATION,2.0,8.0,40,0.02,2,4874,2.0206682289990567,0.4145810892488832,2.0295737659999986,49,1.998386887000379,207.40132106097104,0.04255258946675647,103.75979591836736,105.31,462.0,64.0,PASS_NVML_LONG_WINDOW_SAMPLE_COUNT_RELEASE_QUALITY,TOTAL_DEVICE_ENERGY_NO_IDLE_SUBTRACTION,LONG_WINDOW_REPEATED_GENERATION_TO_LOSS_MATERIALIZATION_NOT_SPEEDUP_TIMING
saa.drcet.accuracy_cost_energy_pareto_gpu_h100_energy_long_window.v2.energy_workload_row,hawkes_clustered_jumps|d=100|method=gpu_raw_mc|paths=512|repeat=1,hawkes_clustered_jumps,100,gpu_raw_mc,NVIDIA_GPU_H100_PCIE_LONG_WINDOW_ENERGY,512,1,10,LONG_WINDOW_NVML_POWER_INTEGRATION,2.0,8.0,40,0.02,2,4888,2.0204667710004287,0.41335244905900753,2.0288854450000144,49,1.9994290319991705,210.32967784924267,0.04302980316064703,105.19551020408161,105.31,462.0,64.0,PASS_NVML_LONG_WINDOW_SAMPLE_COUNT_RELEASE_QUALITY,TOTAL_DEVICE_ENERGY_NO_IDLE_SUBTRACTION,LONG_WINDOW_REPEATED_GENERATION_TO_LOSS_MATERIALIZATION_NOT_SPEEDUP_TIMING
saa.drcet.accuracy_cost_energy_pareto_gpu_h100_energy_long_window.v2.energy_workload_row,hawkes_clustered_jumps|d=100|method=gpu_raw_mc|paths=512|repeat=2,hawkes_clustered_jumps,100,gpu_raw_mc,NVIDIA_GPU_H100_PCIE_LONG_WINDOW_ENERGY,512,2,10,LONG_WINDOW_NVML_POWER_INTEGRATION,2.0,8.0,40,0.02,2,4890,2.0204112910014373,0.41317204314957817,2.030141259000004,49,1.9986767650007096,210.2267703081646,0.0429911595722218,105.18408163265308,105.28,462.0,64.0,PASS_NVML_LONG_WINDOW_SAMPLE_COUNT_RELEASE_QUALITY,TOTAL_DEVICE_ENERGY_NO_IDLE_SUBTRACTION,LONG_WINDOW_REPEATED_GENERATION_TO_LOSS_MATERIALIZATION_NOT_SPEEDUP_TIMING
saa.drcet.accuracy_cost_energy_pareto_gpu_h100_energy_long_window.v2.energy_workload_row,hawkes_clustered_jumps|d=100|method=gpu_raw_mc|paths=2048|repeat=0,hawkes_clustered_jumps,100,gpu_raw_mc,NVIDIA_GPU_H100_PCIE_LONG_WINDOW_ENERGY,2048,0,10,LONG_WINDOW_NVML_POWER_INTEGRATION,2.0,8.0,40,0.02,2,4875,2.0207706399996823,0.4145170543589092,2.0272809850000044,49,1.998765664999155,212.98249671104068,0.043688717274059624,106.54755102040816,107.11,462.0,66.0,PASS_NVML_LONG_WINDOW_SAMPLE_COUNT_RELEASE_QUALITY,TOTAL_DEVICE_ENERGY_NO_IDLE_SUBTRACTION,LONG_WINDOW_REPEATED_GENERATION_TO_LOSS_MATERIALIZATION_NOT_SPEEDUP_TIMING
saa.drcet.accuracy_cost_energy_pareto_gpu_h100_energy_long_window.v2.energy_workload_row,hawkes_clustered_jumps|d=100|method=gpu_raw_mc|paths=2048|repeat=1,hawkes_clustered_jumps,100,gpu_raw_mc,NVIDIA_GPU_H100_PCIE_LONG_WINDOW_ENERGY,2048,1,10,LONG_WINDOW_NVML_POWER_INTEGRATION,2.0,8.0,40,0.02,2,4888,2.0364027800005715,0.4166126800328501,2.0278871909999907,50,2.0149644230004924,215.68324408260256,0.04412504993506599,107.03979999999997,107.19,462.0,66.0,PASS_NVML_LONG_WINDOW_SAMPLE_COUNT_RELEASE_QUALITY,TOTAL_DEVICE_ENERGY_NO_IDLE_SUBTRACTION,LONG_WINDOW_REPEATED_GENERATION_TO_LOSS_MATERIALIZATION_NOT_SPEEDUP_TIMING
saa.drcet.accuracy_cost_energy_pareto_gpu_h100_energy_long_window.v2.energy_workload_row,hawkes_clustered_jumps|d=100|method=gpu_raw_mc|paths=2048|repeat=2,hawkes_clustered_jumps,100,gpu_raw_mc,NVIDIA_GPU_H100_PCIE_LONG_WINDOW_ENERGY,2048,2,10,LONG_WINDOW_NVML_POWER_INTEGRATION,2.0,8.0,40,0.02,2,4883,2.0210371779994603,0.4138925205814991,2.029284003999976,48,1.9984305950001726,213.95558827167864,0.043816421927437774,107.05583333333333,107.27,462.0,66.0,PASS_NVML_LONG_WINDOW_SAMPLE_COUNT_RELEASE_QUALITY,TOTAL_DEVICE_ENERGY_NO_IDLE_SUBTRACTION,LONG_WINDOW_REPEATED_GENERATION_TO_LOSS_MATERIALIZATION_NOT_SPEEDUP_TIMING
saa.drcet.accuracy_cost_energy_pareto_gpu_h100_energy_long_window.v2.energy_workload_row,hawkes_clustered_jumps|d=250|method=gpu_antithetic_mc|paths=512|repeat=0,hawkes_clustered_jumps,250,gpu_antithetic_mc,NVIDIA_GPU_H100_PCIE_LONG_WINDOW_ENERGY,512,0,10,LONG_WINDOW_NVML_POWER_INTEGRATION,2.0,8.0,40,0.02,2,3743,2.023202598998978,0.5405296818057649,2.039325763000022,49,2.000467296998977,210.65963683650128,0.056280960950174,105.31142857142856,106.93,464.0,65.0,PASS_NVML_LONG_WINDOW_SAMPLE_COUNT_RELEASE_QUALITY,TOTAL_DEVICE_ENERGY_NO_IDLE_SUBTRACTION,LONG_WINDOW_REPEATED_GENERATION_TO_LOSS_MATERIALIZATION_NOT_SPEEDUP_TIMING
saa.drcet.accuracy_cost_energy_pareto_gpu_h100_energy_long_window.v2.energy_workload_row,hawkes_clustered_jumps|d=250|method=gpu_antithetic_mc|paths=512|repeat=1,hawkes_clustered_jumps,250,gpu_antithetic_mc,NVIDIA_GPU_H100_PCIE_LONG_WINDOW_ENERGY,512,1,10,LONG_WINDOW_NVML_POWER_INTEGRATION,2.0,8.0,40,0.02,2,3746,2.020591409998815,0.539399735717783,2.0372059830000353,49,1.9995400099996914,209.47626596507763,0.05591998557530102,104.76142857142857,104.84,464.0,56.0,PASS_NVML_LONG_WINDOW_SAMPLE_COUNT_RELEASE_QUALITY,TOTAL_DEVICE_ENERGY_NO_IDLE_SUBTRACTION,LONG_WINDOW_REPEATED_GENERATION_TO_LOSS_MATERIALIZATION_NOT_SPEEDUP_TIMING
saa.drcet.accuracy_cost_energy_pareto_gpu_h100_energy_long_window.v2.energy_workload_row,hawkes_clustered_jumps|d=250|method=gpu_antithetic_mc|paths=512|repeat=2,hawkes_clustered_jumps,250,gpu_antithetic_mc,NVIDIA_GPU_H100_PCIE_LONG_WINDOW_ENERGY,512,2,10,LONG_WINDOW_NVML_POWER_INTEGRATION,2.0,8.0,40,0.02,2,3749,2.0206784790007077,0.5389913254203008,2.034019478999994,49,1.9967218990004767,209.10422769906495,0.05577600098668044,104.72448979591834,104.82,464.0,56.0,PASS_NVML_LONG_WINDOW_SAMPLE_COUNT_RELEASE_QUALITY,TOTAL_DEVICE_ENERGY_NO_IDLE_SUBTRACTION,LONG_WINDOW_REPEATED_GENERATION_TO_LOSS_MATERIALIZATION_NOT_SPEEDUP_TIMING
saa.drcet.accuracy_cost_energy_pareto_gpu_h100_energy_long_window.v2.energy_workload_row,hawkes_clustered_jumps|d=250|method=gpu_antithetic_mc|paths=2048|repeat=0,hawkes_clustered_jumps,250,gpu_antithetic_mc,NVIDIA_GPU_H100_PCIE_LONG_WINDOW_ENERGY,2048,0,10,LONG_WINDOW_NVML_POWER_INTEGRATION,2.0,8.0,40,0.02,2,3747,2.020947448001607,0.539350800107181,2.036144226000033,49,1.9986874220012396,215.07386244191093,0.057398949143824644,107.59632653061225,108.66,470.0,59.0,PASS_NVML_LONG_WINDOW_SAMPLE_COUNT_RELEASE_QUALITY,TOTAL_DEVICE_ENERGY_NO_IDLE_SUBTRACTION,LONG_WINDOW_REPEATED_GENERATION_TO_LOSS_MATERIALIZATION_NOT_SPEEDUP_TIMING
saa.drcet.accuracy_cost_energy_pareto_gpu_h100_energy_long_window.v2.energy_workload_row,hawkes_clustered_jumps|d=250|method=gpu_antithetic_mc|paths=2048|repeat=1,hawkes_clustered_jumps,250,gpu_antithetic_mc,NVIDIA_GPU_H100_PCIE_LONG_WINDOW_ENERGY,2048,1,10,LONG_WINDOW_NVML_POWER_INTEGRATION,2.0,8.0,40,0.02,2,3745,2.020961767000699,0.539642661415407,2.036821552000049,49,1.9986520010006643,216.99074423971211,0.05794145373557066,108.56877551020406,108.68,470.0,59.0,PASS_NVML_LONG_WINDOW_SAMPLE_COUNT_RELEASE_QUALITY,TOTAL_DEVICE_ENERGY_NO_IDLE_SUBTRACTION,LONG_WINDOW_REPEATED_GENERATION_TO_LOSS_MATERIALIZATION_NOT_SPEEDUP_TIMING
saa.drcet.accuracy_cost_energy_pareto_gpu_h100_energy_long_window.v2.energy_workload_row,hawkes_clustered_jumps|d=250|method=gpu_antithetic_mc|paths=2048|repeat=2,hawkes_clustered_jumps,250,gpu_antithetic_mc,NVIDIA_GPU_H100_PCIE_LONG_WINDOW_ENERGY,2048,2,10,LONG_WINDOW_NVML_POWER_INTEGRATION,2.0,8.0,40,0.02,2,3759,2.0206287279997923,0.5375442213354064,2.03443697299997,47,1.998445911998715,216.96934784753546,0.057719964843717865,108.57021276595741,108.71,470.0,59.0,PASS_NVML_LONG_WINDOW_SAMPLE_COUNT_RELEASE_QUALITY,TOTAL_DEVICE_ENERGY_NO_IDLE_SUBTRACTION,LONG_WINDOW_REPEATED_GENERATION_TO_LOSS_MATERIALIZATION_NOT_SPEEDUP_TIMING
saa.drcet.accuracy_cost_energy_pareto_gpu_h100_energy_long_window.v2.energy_workload_row,hawkes_clustered_jumps|d=250|method=gpu_importance_sampling|paths=512|repeat=0,hawkes_clustered_jumps,250,gpu_importance_sampling,NVIDIA_GPU_H100_PCIE_LONG_WINDOW_ENERGY,512,0,10,LONG_WINDOW_NVML_POWER_INTEGRATION,2.0,8.0,40,0.02,2,4431,2.033210109999345,0.4588603272397529,2.0276783549999777,50,2.0109139640007925,213.33312843257454,0.04814559432014772,106.09219999999998,108.47,462.0,62.0,PASS_NVML_LONG_WINDOW_SAMPLE_COUNT_RELEASE_QUALITY,TOTAL_DEVICE_ENERGY_NO_IDLE_SUBTRACTION,LONG_WINDOW_REPEATED_GENERATION_TO_LOSS_MATERIALIZATION_NOT_SPEEDUP_TIMING
saa.drcet.accuracy_cost_energy_pareto_gpu_h100_energy_long_window.v2.energy_workload_row,hawkes_clustered_jumps|d=250|method=gpu_importance_sampling|paths=512|repeat=1,hawkes_clustered_jumps,250,gpu_importance_sampling,NVIDIA_GPU_H100_PCIE_LONG_WINDOW_ENERGY,512,1,10,LONG_WINDOW_NVML_POWER_INTEGRATION,2.0,8.0,40,0.02,2,4421,2.020467278000069,0.4570158964035443,2.030435816000022,49,1.997873921000064,210.12444348970703,0.04752871375021647,105.17489795918367,105.3,462.0,62.0,PASS_NVML_LONG_WINDOW_SAMPLE_COUNT_RELEASE_QUALITY,TOTAL_DEVICE_ENERGY_NO_IDLE_SUBTRACTION,LONG_WINDOW_REPEATED_GENERATION_TO_LOSS_MATERIALIZATION_NOT_SPEEDUP_TIMING
saa.drcet.accuracy_cost_energy_pareto_gpu_h100_energy_long_window.v2.energy_workload_row,hawkes_clustered_jumps|d=250|method=gpu_importance_sampling|paths=512|repeat=2,hawkes_clustered_jumps,250,gpu_importance_sampling,NVIDIA_GPU_H100_PCIE_LONG_WINDOW_ENERGY,512,2,10,LONG_WINDOW_NVML_POWER_INTEGRATION,2.0,8.0,40,0.02,2,4425,2.022176099999342,0.4569889491523937,2.0312576119999903,49,1.999683334999645,210.43852091377266,0.04755672789011812,105.23612244897959,105.29,462.0,62.0,PASS_NVML_LONG_WINDOW_SAMPLE_COUNT_RELEASE_QUALITY,TOTAL_DEVICE_ENERGY_NO_IDLE_SUBTRACTION,LONG_WINDOW_REPEATED_GENERATION_TO_LOSS_MATERIALIZATION_NOT_SPEEDUP_TIMING
saa.drcet.accuracy_cost_energy_pareto_gpu_h100_energy_long_window.v2.energy_workload_row,hawkes_clustered_jumps|d=250|method=gpu_importance_sampling|paths=2048|repeat=0,hawkes_clustered_jumps,250,gpu_importance_sampling,NVIDIA_GPU_H100_PCIE_LONG_WINDOW_ENERGY,2048,0,10,LONG_WINDOW_NVML_POWER_INTEGRATION,2.0,8.0,40,0.02,2,4401,2.040578680998806,0.4636625042033187,2.0299452489999794,50,2.0187610020002467,216.98203564058448,0.049302893806086,107.47460000000001,108.34,466.0,66.0,PASS_NVML_LONG_WINDOW_SAMPLE_COUNT_RELEASE_QUALITY,TOTAL_DEVICE_ENERGY_NO_IDLE_SUBTRACTION,LONG_WINDOW_REPEATED_GENERATION_TO_LOSS_MATERIALIZATION_NOT_SPEEDUP_TIMING
saa.drcet.accuracy_cost_energy_pareto_gpu_h100_energy_long_window.v2.energy_workload_row,hawkes_clustered_jumps|d=250|method=gpu_importance_sampling|paths=2048|repeat=1,hawkes_clustered_jumps,250,gpu_importance_sampling,NVIDIA_GPU_H100_PCIE_LONG_WINDOW_ENERGY,2048,1,10,LONG_WINDOW_NVML_POWER_INTEGRATION,2.0,8.0,40,0.02,2,4385,2.0312048260002484,0.46321660798181263,2.0287632099999655,50,2.0087423089989898,217.07741851854075,0.049504542421560035,108.06800000000001,108.29,466.0,66.0,PASS_NVML_LONG_WINDOW_SAMPLE_COUNT_RELEASE_QUALITY,TOTAL_DEVICE_ENERGY_NO_IDLE_SUBTRACTION,LONG_WINDOW_REPEATED_GENERATION_TO_LOSS_MATERIALIZATION_NOT_SPEEDUP_TIMING
saa.drcet.accuracy_cost_energy_pareto_gpu_h100_energy_long_window.v2.energy_workload_row,hawkes_clustered_jumps|d=250|method=gpu_importance_sampling|paths=2048|repeat=2,hawkes_clustered_jumps,250,gpu_importance_sampling,NVIDIA_GPU_H100_PCIE_LONG_WINDOW_ENERGY,2048,2,10,LONG_WINDOW_NVML_POWER_INTEGRATION,2.0,8.0,40,0.02,2,4397,2.0321942000009585,0.46217743916328374,2.0336403139999675,48,2.0087437969996245,217.27197508267938,0.0494136854861677,108.16854166666667,108.36,466.0,66.0,PASS_NVML_LONG_WINDOW_SAMPLE_COUNT_RELEASE_QUALITY,TOTAL_DEVICE_ENERGY_NO_IDLE_SUBTRACTION,LONG_WINDOW_REPEATED_GENERATION_TO_LOSS_MATERIALIZATION_NOT_SPEEDUP_TIMING
saa.drcet.accuracy_cost_energy_pareto_gpu_h100_energy_long_window.v2.energy_workload_row,hawkes_clustered_jumps|d=250|method=gpu_randomized_qmc_cpu_sobol|paths=512|repeat=0,hawkes_clustered_jumps,250,gpu_randomized_qmc_cpu_sobol,NVIDIA_GPU_H100_PCIE_LONG_WINDOW_ENERGY,512,0,10,LONG_WINDOW_NVML_POWER_INTEGRATION,2.0,8.0,40,0.02,2,210,2.027684536000379,9.655640647620853,2.0231358230000183,48,2.001864552999905,202.85531379448895,0.9659776847356617,101.36208333333333,107.81,462.0,66.0,PASS_NVML_LONG_WINDOW_SAMPLE_COUNT_RELEASE_QUALITY,TOTAL_DEVICE_ENERGY_NO_IDLE_SUBTRACTION,LONG_WINDOW_REPEATED_GENERATION_TO_LOSS_MATERIALIZATION_NOT_SPEEDUP_TIMING
saa.drcet.accuracy_cost_energy_pareto_gpu_h100_energy_long_window.v2.energy_workload_row,hawkes_clustered_jumps|d=250|method=gpu_randomized_qmc_cpu_sobol|paths=512|repeat=1,hawkes_clustered_jumps,250,gpu_randomized_qmc_cpu_sobol,NVIDIA_GPU_H100_PCIE_LONG_WINDOW_ENERGY,512,1,10,LONG_WINDOW_NVML_POWER_INTEGRATION,2.0,8.0,40,0.02,2,209,2.0292836989992793,9.709491382771672,2.024965184999985,48,2.003513165000186,198.55827980278346,0.9500396162812605,99.105,99.21,462.0,1.0,PASS_NVML_LONG_WINDOW_SAMPLE_COUNT_RELEASE_QUALITY,TOTAL_DEVICE_ENERGY_NO_IDLE_SUBTRACTION,LONG_WINDOW_REPEATED_GENERATION_TO_LOSS_MATERIALIZATION_NOT_SPEEDUP_TIMING
saa.drcet.accuracy_cost_energy_pareto_gpu_h100_energy_long_window.v2.energy_workload_row,hawkes_clustered_jumps|d=250|method=gpu_randomized_qmc_cpu_sobol|paths=512|repeat=2,hawkes_clustered_jumps,250,gpu_randomized_qmc_cpu_sobol,NVIDIA_GPU_H100_PCIE_LONG_WINDOW_ENERGY,512,2,10,LONG_WINDOW_NVML_POWER_INTEGRATION,2.0,8.0,40,0.02,2,210,2.0300992370011954,9.667139223815216,2.024848340999995,48,2.004252020000422,198.45889759709178,0.9450423695099608,99.01916666666666,99.04,462.0,1.0,PASS_NVML_LONG_WINDOW_SAMPLE_COUNT_RELEASE_QUALITY,TOTAL_DEVICE_ENERGY_NO_IDLE_SUBTRACTION,LONG_WINDOW_REPEATED_GENERATION_TO_LOSS_MATERIALIZATION_NOT_SPEEDUP_TIMING
saa.drcet.accuracy_cost_energy_pareto_gpu_h100_energy_long_window.v2.energy_workload_row,hawkes_clustered_jumps|d=250|method=gpu_randomized_qmc_cpu_sobol|paths=2048|repeat=0,hawkes_clustered_jumps,250,gpu_randomized_qmc_cpu_sobol,NVIDIA_GPU_H100_PCIE_LONG_WINDOW_ENERGY,2048,0,10,LONG_WINDOW_NVML_POWER_INTEGRATION,2.0,8.0,40,0.02,2,59,2.030861963001371,34.421389203413064,2.028000858999974,50,2.009431622000193,198.9448288597991,3.3719462518610013,99.0056,99.02,466.0,1.0,PASS_NVML_LONG_WINDOW_SAMPLE_COUNT_RELEASE_QUALITY,TOTAL_DEVICE_ENERGY_NO_IDLE_SUBTRACTION,LONG_WINDOW_REPEATED_GENERATION_TO_LOSS_MATERIALIZATION_NOT_SPEEDUP_TIMING
saa.drcet.accuracy_cost_energy_pareto_gpu_h100_energy_long_window.v2.energy_workload_row,hawkes_clustered_jumps|d=250|method=gpu_randomized_qmc_cpu_sobol|paths=2048|repeat=1,hawkes_clustered_jumps,250,gpu_randomized_qmc_cpu_sobol,NVIDIA_GPU_H100_PCIE_LONG_WINDOW_ENERGY,2048,1,10,LONG_WINDOW_NVML_POWER_INTEGRATION,2.0,8.0,40,0.02,2,59,2.032506646000911,34.449265186456124,2.0306275539999774,50,2.010937016000753,199.06719271224452,3.3740202154617713,98.9922,99.0,466.0,0.0,PASS_NVML_LONG_WINDOW_SAMPLE_COUNT_RELEASE_QUALITY,TOTAL_DEVICE_ENERGY_NO_IDLE_SUBTRACTION,LONG_WINDOW_REPEATED_GENERATION_TO_LOSS_MATERIALIZATION_NOT_SPEEDUP_TIMING
saa.drcet.accuracy_cost_energy_pareto_gpu_h100_energy_long_window.v2.energy_workload_row,hawkes_clustered_jumps|d=250|method=gpu_randomized_qmc_cpu_sobol|paths=2048|repeat=2,hawkes_clustered_jumps,250,gpu_randomized_qmc_cpu_sobol,NVIDIA_GPU_H100_PCIE_LONG_WINDOW_ENERGY,2048,2,10,LONG_WINDOW_NVML_POWER_INTEGRATION,2.0,8.0,40,0.02,2,59,2.0477673500008677,34.70792118645539,2.0446849830000247,49,2.0258591099991463,200.54681838951046,3.3990986167713637,98.99367346938777,99.0,466.0,0.0,PASS_NVML_LONG_WINDOW_SAMPLE_COUNT_RELEASE_QUALITY,TOTAL_DEVICE_ENERGY_NO_IDLE_SUBTRACTION,LONG_WINDOW_REPEATED_GENERATION_TO_LOSS_MATERIALIZATION_NOT_SPEEDUP_TIMING
saa.drcet.accuracy_cost_energy_pareto_gpu_h100_energy_long_window.v2.energy_workload_row,hawkes_clustered_jumps|d=250|method=gpu_raw_mc|paths=512|repeat=0,hawkes_clustered_jumps,250,gpu_raw_mc,NVIDIA_GPU_H100_PCIE_LONG_WINDOW_ENERGY,512,0,10,LONG_WINDOW_NVML_POWER_INTEGRATION,2.0,8.0,40,0.02,2,4814,2.0387482209989685,0.42350399272932454,2.0306866010000135,50,2.0169627209998,209.14317332277108,0.04344478049912154,103.6812,105.45,462.0,64.0,PASS_NVML_LONG_WINDOW_SAMPLE_COUNT_RELEASE_QUALITY,TOTAL_DEVICE_ENERGY_NO_IDLE_SUBTRACTION,LONG_WINDOW_REPEATED_GENERATION_TO_LOSS_MATERIALIZATION_NOT_SPEEDUP_TIMING
saa.drcet.accuracy_cost_energy_pareto_gpu_h100_energy_long_window.v2.energy_workload_row,hawkes_clustered_jumps|d=250|method=gpu_raw_mc|paths=512|repeat=1,hawkes_clustered_jumps,250,gpu_raw_mc,NVIDIA_GPU_H100_PCIE_LONG_WINDOW_ENERGY,512,1,10,LONG_WINDOW_NVML_POWER_INTEGRATION,2.0,8.0,40,0.02,2,4845,2.035165342000255,0.4200547661507234,2.030845304999957,50,2.0141726399997424,212.17468821100766,0.04379250530670953,105.33680000000003,105.56,462.0,64.0,PASS_NVML_LONG_WINDOW_SAMPLE_COUNT_RELEASE_QUALITY,TOTAL_DEVICE_ENERGY_NO_IDLE_SUBTRACTION,LONG_WINDOW_REPEATED_GENERATION_TO_LOSS_MATERIALIZATION_NOT_SPEEDUP_TIMING
saa.drcet.accuracy_cost_energy_pareto_gpu_h100_energy_long_window.v2.energy_workload_row,hawkes_clustered_jumps|d=250|method=gpu_raw_mc|paths=512|repeat=2,hawkes_clustered_jumps,250,gpu_raw_mc,NVIDIA_GPU_H100_PCIE_LONG_WINDOW_ENERGY,512,2,10,LONG_WINDOW_NVML_POWER_INTEGRATION,2.0,8.0,40,0.02,2,4834,2.0210076719995413,0.4180818518824041,2.0299612379999985,49,1.9992917500003387,210.48652804028072,0.04354293091441471,105.28040816326528,105.53,462.0,65.0,PASS_NVML_LONG_WINDOW_SAMPLE_COUNT_RELEASE_QUALITY,TOTAL_DEVICE_ENERGY_NO_IDLE_SUBTRACTION,LONG_WINDOW_REPEATED_GENERATION_TO_LOSS_MATERIALIZATION_NOT_SPEEDUP_TIMING
saa.drcet.accuracy_cost_energy_pareto_gpu_h100_energy_long_window.v2.energy_workload_row,hawkes_clustered_jumps|d=250|method=gpu_raw_mc|paths=2048|repeat=0,hawkes_clustered_jumps,250,gpu_raw_mc,NVIDIA_GPU_H100_PCIE_LONG_WINDOW_ENERGY,2048,0,10,LONG_WINDOW_NVML_POWER_INTEGRATION,2.0,8.0,40,0.02,2,4810,2.0207693619995553,0.42011837047807804,2.0289999600000215,49,1.9996085790007783,215.50871769469728,0.04480430721303478,107.75775510204082,108.76,466.0,69.0,PASS_NVML_LONG_WINDOW_SAMPLE_COUNT_RELEASE_QUALITY,TOTAL_DEVICE_ENERGY_NO_IDLE_SUBTRACTION,LONG_WINDOW_REPEATED_GENERATION_TO_LOSS_MATERIALIZATION_NOT_SPEEDUP_TIMING
saa.drcet.accuracy_cost_energy_pareto_gpu_h100_energy_long_window.v2.energy_workload_row,hawkes_clustered_jumps|d=250|method=gpu_raw_mc|paths=2048|repeat=1,hawkes_clustered_jumps,250,gpu_raw_mc,NVIDIA_GPU_H100_PCIE_LONG_WINDOW_ENERGY,2048,1,10,LONG_WINDOW_NVML_POWER_INTEGRATION,2.0,8.0,40,0.02,2,4847,2.031283712000004,0.4190806090365183,2.0275294799999983,50,2.008957662999819,218.14896959634572,0.04500700837556132,108.5864,108.79,466.0,69.0,PASS_NVML_LONG_WINDOW_SAMPLE_COUNT_RELEASE_QUALITY,TOTAL_DEVICE_ENERGY_NO_IDLE_SUBTRACTION,LONG_WINDOW_REPEATED_GENERATION_TO_LOSS_MATERIALIZATION_NOT_SPEEDUP_TIMING
saa.drcet.accuracy_cost_energy_pareto_gpu_h100_energy_long_window.v2.energy_workload_row,hawkes_clustered_jumps|d=250|method=gpu_raw_mc|paths=2048|repeat=2,hawkes_clustered_jumps,250,gpu_raw_mc,NVIDIA_GPU_H100_PCIE_LONG_WINDOW_ENERGY,2048,2,10,LONG_WINDOW_NVML_POWER_INTEGRATION,2.0,8.0,40,0.02,2,4867,2.0312020700002904,0.41734170330805226,2.028447230999973,48,2.0089731410007516,217.95024601964158,0.04478122991979486,108.49208333333333,108.69,466.0,69.0,PASS_NVML_LONG_WINDOW_SAMPLE_COUNT_RELEASE_QUALITY,TOTAL_DEVICE_ENERGY_NO_IDLE_SUBTRACTION,LONG_WINDOW_REPEATED_GENERATION_TO_LOSS_MATERIALIZATION_NOT_SPEEDUP_TIMING
saa.drcet.accuracy_cost_energy_pareto_gpu_h100_energy_long_window.v2.energy_workload_row,hawkes_clustered_jumps|d=500|method=gpu_antithetic_mc|paths=512|repeat=0,hawkes_clustered_jumps,500,gpu_antithetic_mc,NVIDIA_GPU_H100_PCIE_LONG_WINDOW_ENERGY,512,0,10,LONG_WINDOW_NVML_POWER_INTEGRATION,2.0,8.0,40,0.02,2,3754,2.0211019050002506,0.538386229355421,2.0370178009999904,49,1.999071363999974,212.46132426090412,0.05659598408654878,106.29122448979592,108.44,466.0,57.0,PASS_NVML_LONG_WINDOW_SAMPLE_COUNT_RELEASE_QUALITY,TOTAL_DEVICE_ENERGY_NO_IDLE_SUBTRACTION,LONG_WINDOW_REPEATED_GENERATION_TO_LOSS_MATERIALIZATION_NOT_SPEEDUP_TIMING
saa.drcet.accuracy_cost_energy_pareto_gpu_h100_energy_long_window.v2.energy_workload_row,hawkes_clustered_jumps|d=500|method=gpu_antithetic_mc|paths=512|repeat=1,hawkes_clustered_jumps,500,gpu_antithetic_mc,NVIDIA_GPU_H100_PCIE_LONG_WINDOW_ENERGY,512,1,10,LONG_WINDOW_NVML_POWER_INTEGRATION,2.0,8.0,40,0.02,2,3617,2.029078584999297,0.5609838498753932,2.0668232069999704,48,2.0075737219995062,211.46177128753808,0.05846330419893229,105.33333333333331,105.52,466.0,57.0,PASS_NVML_LONG_WINDOW_SAMPLE_COUNT_RELEASE_QUALITY,TOTAL_DEVICE_ENERGY_NO_IDLE_SUBTRACTION,LONG_WINDOW_REPEATED_GENERATION_TO_LOSS_MATERIALIZATION_NOT_SPEEDUP_TIMING
saa.drcet.accuracy_cost_energy_pareto_gpu_h100_energy_long_window.v2.energy_workload_row,hawkes_clustered_jumps|d=500|method=gpu_antithetic_mc|paths=512|repeat=2,hawkes_clustered_jumps,500,gpu_antithetic_mc,NVIDIA_GPU_H100_PCIE_LONG_WINDOW_ENERGY,512,2,10,LONG_WINDOW_NVML_POWER_INTEGRATION,2.0,8.0,40,0.02,2,3766,2.021062460999019,0.5366602392456238,2.036695552000026,49,1.999091538000357,210.8171579981528,0.05597906478973786,105.45591836734695,105.63,466.0,57.0,PASS_NVML_LONG_WINDOW_SAMPLE_COUNT_RELEASE_QUALITY,TOTAL_DEVICE_ENERGY_NO_IDLE_SUBTRACTION,LONG_WINDOW_REPEATED_GENERATION_TO_LOSS_MATERIALIZATION_NOT_SPEEDUP_TIMING
saa.drcet.accuracy_cost_energy_pareto_gpu_h100_energy_long_window.v2.energy_workload_row,hawkes_clustered_jumps|d=500|method=gpu_antithetic_mc|paths=2048|repeat=0,hawkes_clustered_jumps,500,gpu_antithetic_mc,NVIDIA_GPU_H100_PCIE_LONG_WINDOW_ENERGY,2048,0,10,LONG_WINDOW_NVML_POWER_INTEGRATION,2.0,8.0,40,0.02,2,3772,2.0294824579996202,0.5380388276775239,2.0381432970000333,49,2.0067034599996987,220.01633383857123,0.05832882657438262,109.63591836734693,111.09,478.0,62.0,PASS_NVML_LONG_WINDOW_SAMPLE_COUNT_RELEASE_QUALITY,TOTAL_DEVICE_ENERGY_NO_IDLE_SUBTRACTION,LONG_WINDOW_REPEATED_GENERATION_TO_LOSS_MATERIALIZATION_NOT_SPEEDUP_TIMING
saa.drcet.accuracy_cost_energy_pareto_gpu_h100_energy_long_window.v2.energy_workload_row,hawkes_clustered_jumps|d=500|method=gpu_antithetic_mc|paths=2048|repeat=1,hawkes_clustered_jumps,500,gpu_antithetic_mc,NVIDIA_GPU_H100_PCIE_LONG_WINDOW_ENERGY,2048,1,10,LONG_WINDOW_NVML_POWER_INTEGRATION,2.0,8.0,40,0.02,2,3752,2.021287036001013,0.5387225575695663,2.0356823669999926,49,1.999305272998754,221.68996082380167,0.05908581045410492,110.88122448979591,111.06,478.0,62.0,PASS_NVML_LONG_WINDOW_SAMPLE_COUNT_RELEASE_QUALITY,TOTAL_DEVICE_ENERGY_NO_IDLE_SUBTRACTION,LONG_WINDOW_REPEATED_GENERATION_TO_LOSS_MATERIALIZATION_NOT_SPEEDUP_TIMING
saa.drcet.accuracy_cost_energy_pareto_gpu_h100_energy_long_window.v2.energy_workload_row,hawkes_clustered_jumps|d=500|method=gpu_antithetic_mc|paths=2048|repeat=2,hawkes_clustered_jumps,500,gpu_antithetic_mc,NVIDIA_GPU_H100_PCIE_LONG_WINDOW_ENERGY,2048,2,10,LONG_WINDOW_NVML_POWER_INTEGRATION,2.0,8.0,40,0.02,2,3746,2.0212721730003977,0.5395814663642279,2.0339208999999983,47,1.9975123479998729,221.6187497756208,0.05916143880822766,110.95063829787233,111.14,478.0,63.0,PASS_NVML_LONG_WINDOW_SAMPLE_COUNT_RELEASE_QUALITY,TOTAL_DEVICE_ENERGY_NO_IDLE_SUBTRACTION,LONG_WINDOW_REPEATED_GENERATION_TO_LOSS_MATERIALIZATION_NOT_SPEEDUP_TIMING
saa.drcet.accuracy_cost_energy_pareto_gpu_h100_energy_long_window.v2.energy_workload_row,hawkes_clustered_jumps|d=500|method=gpu_importance_sampling|paths=512|repeat=0,hawkes_clustered_jumps,500,gpu_importance_sampling,NVIDIA_GPU_H100_PCIE_LONG_WINDOW_ENERGY,512,0,10,LONG_WINDOW_NVML_POWER_INTEGRATION,2.0,8.0,40,0.02,2,4388,2.0206350429998565,0.4604911219233948,2.032118197999978,49,1.9975999150010466,213.63370127524334,0.04868589363610833,106.96591836734694,110.73,464.0,64.0,PASS_NVML_LONG_WINDOW_SAMPLE_COUNT_RELEASE_QUALITY,TOTAL_DEVICE_ENERGY_NO_IDLE_SUBTRACTION,LONG_WINDOW_REPEATED_GENERATION_TO_LOSS_MATERIALIZATION_NOT_SPEEDUP_TIMING
saa.drcet.accuracy_cost_energy_pareto_gpu_h100_energy_long_window.v2.energy_workload_row,hawkes_clustered_jumps|d=500|method=gpu_importance_sampling|paths=512|repeat=1,hawkes_clustered_jumps,500,gpu_importance_sampling,NVIDIA_GPU_H100_PCIE_LONG_WINDOW_ENERGY,512,1,10,LONG_WINDOW_NVML_POWER_INTEGRATION,2.0,8.0,40,0.02,2,4405,2.039648543999647,0.46303031645848963,2.029801159000044,50,2.018242050000481,213.30425512983064,0.048423213423344075,105.686,105.77,464.0,64.0,PASS_NVML_LONG_WINDOW_SAMPLE_COUNT_RELEASE_QUALITY,TOTAL_DEVICE_ENERGY_NO_IDLE_SUBTRACTION,LONG_WINDOW_REPEATED_GENERATION_TO_LOSS_MATERIALIZATION_NOT_SPEEDUP_TIMING
saa.drcet.accuracy_cost_energy_pareto_gpu_h100_energy_long_window.v2.energy_workload_row,hawkes_clustered_jumps|d=500|method=gpu_importance_sampling|paths=512|repeat=2,hawkes_clustered_jumps,500,gpu_importance_sampling,NVIDIA_GPU_H100_PCIE_LONG_WINDOW_ENERGY,512,2,10,LONG_WINDOW_NVML_POWER_INTEGRATION,2.0,8.0,40,0.02,2,4398,2.0212796669984527,0.45959064733934807,2.027055179000058,50,1.9995256929996685,211.23357975872486,0.048029463337590915,105.64299999999999,105.78,464.0,64.0,PASS_NVML_LONG_WINDOW_SAMPLE_COUNT_RELEASE_QUALITY,TOTAL_DEVICE_ENERGY_NO_IDLE_SUBTRACTION,LONG_WINDOW_REPEATED_GENERATION_TO_LOSS_MATERIALIZATION_NOT_SPEEDUP_TIMING
saa.drcet.accuracy_cost_energy_pareto_gpu_h100_energy_long_window.v2.energy_workload_row,hawkes_clustered_jumps|d=500|method=gpu_importance_sampling|paths=2048|repeat=0,hawkes_clustered_jumps,500,gpu_importance_sampling,NVIDIA_GPU_H100_PCIE_LONG_WINDOW_ENERGY,2048,0,10,LONG_WINDOW_NVML_POWER_INTEGRATION,2.0,8.0,40,0.02,2,4401,2.031747696999446,0.4616559184275042,2.0302809990000696,50,2.0092759269991802,219.7798697415291,0.04993862070927723,109.36800000000001,110.74,470.0,70.0,PASS_NVML_LONG_WINDOW_SAMPLE_COUNT_RELEASE_QUALITY,TOTAL_DEVICE_ENERGY_NO_IDLE_SUBTRACTION,LONG_WINDOW_REPEATED_GENERATION_TO_LOSS_MATERIALIZATION_NOT_SPEEDUP_TIMING
saa.drcet.accuracy_cost_energy_pareto_gpu_h100_energy_long_window.v2.energy_workload_row,hawkes_clustered_jumps|d=500|method=gpu_importance_sampling|paths=2048|repeat=1,hawkes_clustered_jumps,500,gpu_importance_sampling,NVIDIA_GPU_H100_PCIE_LONG_WINDOW_ENERGY,2048,1,10,LONG_WINDOW_NVML_POWER_INTEGRATION,2.0,8.0,40,0.02,2,4405,2.056774337999741,0.46691812440402747,2.0277038529999345,49,2.0349240730010933,225.09251868826576,0.051099323198244215,110.60653061224488,110.85,470.0,70.0,PASS_NVML_LONG_WINDOW_SAMPLE_COUNT_RELEASE_QUALITY,TOTAL_DEVICE_ENERGY_NO_IDLE_SUBTRACTION,LONG_WINDOW_REPEATED_GENERATION_TO_LOSS_MATERIALIZATION_NOT_SPEEDUP_TIMING
saa.drcet.accuracy_cost_energy_pareto_gpu_h100_energy_long_window.v2.energy_workload_row,hawkes_clustered_jumps|d=500|method=gpu_importance_sampling|paths=2048|repeat=2,hawkes_clustered_jumps,500,gpu_importance_sampling,NVIDIA_GPU_H100_PCIE_LONG_WINDOW_ENERGY,2048,2,10,LONG_WINDOW_NVML_POWER_INTEGRATION,2.0,8.0,40,0.02,2,4393,2.0395632359995943,0.4642757195537433,2.0308612500000436,50,2.017620042000999,222.8151953671549,0.05072050884751989,110.436,110.85,470.0,70.0,PASS_NVML_LONG_WINDOW_SAMPLE_COUNT_RELEASE_QUALITY,TOTAL_DEVICE_ENERGY_NO_IDLE_SUBTRACTION,LONG_WINDOW_REPEATED_GENERATION_TO_LOSS_MATERIALIZATION_NOT_SPEEDUP_TIMING
saa.drcet.accuracy_cost_energy_pareto_gpu_h100_energy_long_window.v2.energy_workload_row,hawkes_clustered_jumps|d=500|method=gpu_randomized_qmc_cpu_sobol|paths=512|repeat=0,hawkes_clustered_jumps,500,gpu_randomized_qmc_cpu_sobol,NVIDIA_GPU_H100_PCIE_LONG_WINDOW_ENERGY,512,0,10,LONG_WINDOW_NVML_POWER_INTEGRATION,2.0,8.0,40,0.02,2,109,2.048736040998847,18.795743495402267,2.032199799000068,47,2.0176194889991166,204.6082899810074,1.8771402750551138,101.46574468085103,109.8,464.0,26.0,PASS_NVML_LONG_WINDOW_SAMPLE_COUNT_RELEASE_QUALITY,TOTAL_DEVICE_ENERGY_NO_IDLE_SUBTRACTION,LONG_WINDOW_REPEATED_GENERATION_TO_LOSS_MATERIALIZATION_NOT_SPEEDUP_TIMING
saa.drcet.accuracy_cost_energy_pareto_gpu_h100_energy_long_window.v2.energy_workload_row,hawkes_clustered_jumps|d=500|method=gpu_randomized_qmc_cpu_sobol|paths=512|repeat=1,hawkes_clustered_jumps,500,gpu_randomized_qmc_cpu_sobol,NVIDIA_GPU_H100_PCIE_LONG_WINDOW_ENERGY,512,1,10,LONG_WINDOW_NVML_POWER_INTEGRATION,2.0,8.0,40,0.02,2,109,2.0548583189993224,18.85191118348002,2.0335398810000243,47,2.0234598879997066,200.30714381809094,1.8376802185145957,98.99255319148935,99.0,464.0,1.0,PASS_NVML_LONG_WINDOW_SAMPLE_COUNT_RELEASE_QUALITY,TOTAL_DEVICE_ENERGY_NO_IDLE_SUBTRACTION,LONG_WINDOW_REPEATED_GENERATION_TO_LOSS_MATERIALIZATION_NOT_SPEEDUP_TIMING
saa.drcet.accuracy_cost_energy_pareto_gpu_h100_energy_long_window.v2.energy_workload_row,hawkes_clustered_jumps|d=500|method=gpu_randomized_qmc_cpu_sobol|paths=512|repeat=2,hawkes_clustered_jumps,500,gpu_randomized_qmc_cpu_sobol,NVIDIA_GPU_H100_PCIE_LONG_WINDOW_ENERGY,512,2,10,LONG_WINDOW_NVML_POWER_INTEGRATION,2.0,8.0,40,0.02,2,109,2.039160370999525,18.70789331192225,2.035937041000011,47,2.007810888999302,198.73205450719087,1.8232298578641364,98.9791489361702,99.0,464.0,1.0,PASS_NVML_LONG_WINDOW_SAMPLE_COUNT_RELEASE_QUALITY,TOTAL_DEVICE_ENERGY_NO_IDLE_SUBTRACTION,LONG_WINDOW_REPEATED_GENERATION_TO_LOSS_MATERIALIZATION_NOT_SPEEDUP_TIMING
saa.drcet.accuracy_cost_energy_pareto_gpu_h100_energy_long_window.v2.energy_workload_row,hawkes_clustered_jumps|d=500|method=gpu_randomized_qmc_cpu_sobol|paths=2048|repeat=0,hawkes_clustered_jumps,500,gpu_randomized_qmc_cpu_sobol,NVIDIA_GPU_H100_PCIE_LONG_WINDOW_ENERGY,2048,0,10,LONG_WINDOW_NVML_POWER_INTEGRATION,2.0,8.0,40,0.02,2,41,2.02804047599966,49.464401853650244,2.0187683729999435,43,2.006751130000339,198.3691426810985,4.83827177270972,98.85162790697674,98.95,470.0,1.0,PASS_NVML_LONG_WINDOW_SAMPLE_COUNT_RELEASE_QUALITY,TOTAL_DEVICE_ENERGY_NO_IDLE_SUBTRACTION,LONG_WINDOW_REPEATED_GENERATION_TO_LOSS_MATERIALIZATION_NOT_SPEEDUP_TIMING
saa.drcet.accuracy_cost_energy_pareto_gpu_h100_energy_long_window.v2.energy_workload_row,hawkes_clustered_jumps|d=500|method=gpu_randomized_qmc_cpu_sobol|paths=2048|repeat=1,hawkes_clustered_jumps,500,gpu_randomized_qmc_cpu_sobol,NVIDIA_GPU_H100_PCIE_LONG_WINDOW_ENERGY,2048,1,10,LONG_WINDOW_NVML_POWER_INTEGRATION,2.0,8.0,40,0.02,2,41,2.0249357760003477,49.388677463423114,2.017755242000021,42,2.0033870989991556,197.84623387203655,4.825517899317965,98.7552380952381,98.81,470.0,1.0,PASS_NVML_LONG_WINDOW_SAMPLE_COUNT_RELEASE_QUALITY,TOTAL_DEVICE_ENERGY_NO_IDLE_SUBTRACTION,LONG_WINDOW_REPEATED_GENERATION_TO_LOSS_MATERIALIZATION_NOT_SPEEDUP_TIMING
saa.drcet.accuracy_cost_energy_pareto_gpu_h100_energy_long_window.v2.energy_workload_row,hawkes_clustered_jumps|d=500|method=gpu_randomized_qmc_cpu_sobol|paths=2048|repeat=2,hawkes_clustered_jumps,500,gpu_randomized_qmc_cpu_sobol,NVIDIA_GPU_H100_PCIE_LONG_WINDOW_ENERGY,2048,2,10,LONG_WINDOW_NVML_POWER_INTEGRATION,2.0,8.0,40,0.02,2,41,2.0367110520001006,49.675879317075626,2.0377592610000193,43,2.015328874998886,198.8131091176301,4.849100222381222,98.65046511627905,98.71,470.0,1.0,PASS_NVML_LONG_WINDOW_SAMPLE_COUNT_RELEASE_QUALITY,TOTAL_DEVICE_ENERGY_NO_IDLE_SUBTRACTION,LONG_WINDOW_REPEATED_GENERATION_TO_LOSS_MATERIALIZATION_NOT_SPEEDUP_TIMING
saa.drcet.accuracy_cost_energy_pareto_gpu_h100_energy_long_window.v2.energy_workload_row,hawkes_clustered_jumps|d=500|method=gpu_raw_mc|paths=512|repeat=0,hawkes_clustered_jumps,500,gpu_raw_mc,NVIDIA_GPU_H100_PCIE_LONG_WINDOW_ENERGY,512,0,10,LONG_WINDOW_NVML_POWER_INTEGRATION,2.0,8.0,40,0.02,2,4794,2.027867309001522,0.42300110742626656,2.0433475100001033,49,2.0043390589999035,208.57922063044242,0.04350838978524039,104.08755102040816,106.1,464.0,66.0,PASS_NVML_LONG_WINDOW_SAMPLE_COUNT_RELEASE_QUALITY,TOTAL_DEVICE_ENERGY_NO_IDLE_SUBTRACTION,LONG_WINDOW_REPEATED_GENERATION_TO_LOSS_MATERIALIZATION_NOT_SPEEDUP_TIMING
saa.drcet.accuracy_cost_energy_pareto_gpu_h100_energy_long_window.v2.energy_workload_row,hawkes_clustered_jumps|d=500|method=gpu_raw_mc|paths=512|repeat=1,hawkes_clustered_jumps,500,gpu_raw_mc,NVIDIA_GPU_H100_PCIE_LONG_WINDOW_ENERGY,512,1,10,LONG_WINDOW_NVML_POWER_INTEGRATION,2.0,8.0,40,0.02,2,4745,2.036809835000895,0.429253916754667,2.0502140170000303,49,2.014158164998662,213.0044822241034,0.044890301838588706,105.75897959183675,106.04,464.0,65.0,PASS_NVML_LONG_WINDOW_SAMPLE_COUNT_RELEASE_QUALITY,TOTAL_DEVICE_ENERGY_NO_IDLE_SUBTRACTION,LONG_WINDOW_REPEATED_GENERATION_TO_LOSS_MATERIALIZATION_NOT_SPEEDUP_TIMING
saa.drcet.accuracy_cost_energy_pareto_gpu_h100_energy_long_window.v2.energy_workload_row,hawkes_clustered_jumps|d=500|method=gpu_raw_mc|paths=512|repeat=2,hawkes_clustered_jumps,500,gpu_raw_mc,NVIDIA_GPU_H100_PCIE_LONG_WINDOW_ENERGY,512,2,10,LONG_WINDOW_NVML_POWER_INTEGRATION,2.0,8.0,40,0.02,2,4899,2.0222261530016112,0.41278345642000636,2.0290067639999734,50,2.0006775760011806,212.03085871511502,0.04328043656156665,105.97779999999999,106.18,464.0,66.0,PASS_NVML_LONG_WINDOW_SAMPLE_COUNT_RELEASE_QUALITY,TOTAL_DEVICE_ENERGY_NO_IDLE_SUBTRACTION,LONG_WINDOW_REPEATED_GENERATION_TO_LOSS_MATERIALIZATION_NOT_SPEEDUP_TIMING
saa.drcet.accuracy_cost_energy_pareto_gpu_h100_energy_long_window.v2.energy_workload_row,hawkes_clustered_jumps|d=500|method=gpu_raw_mc|paths=2048|repeat=0,hawkes_clustered_jumps,500,gpu_raw_mc,NVIDIA_GPU_H100_PCIE_LONG_WINDOW_ENERGY,2048,0,10,LONG_WINDOW_NVML_POWER_INTEGRATION,2.0,8.0,40,0.02,2,4867,2.020600462999937,0.41516344010682904,2.0281615339999917,50,1.997941901001468,219.83734109304348,0.04516896262441822,110.0192,111.67,470.0,73.0,PASS_NVML_LONG_WINDOW_SAMPLE_COUNT_RELEASE_QUALITY,TOTAL_DEVICE_ENERGY_NO_IDLE_SUBTRACTION,LONG_WINDOW_REPEATED_GENERATION_TO_LOSS_MATERIALIZATION_NOT_SPEEDUP_TIMING
saa.drcet.accuracy_cost_energy_pareto_gpu_h100_energy_long_window.v2.energy_workload_row,hawkes_clustered_jumps|d=500|method=gpu_raw_mc|paths=2048|repeat=1,hawkes_clustered_jumps,500,gpu_raw_mc,NVIDIA_GPU_H100_PCIE_LONG_WINDOW_ENERGY,2048,1,10,LONG_WINDOW_NVML_POWER_INTEGRATION,2.0,8.0,40,0.02,2,4874,2.0210809189993597,0.4146657609764792,2.028721298999926,48,1.999754632000986,223.20174903022507,0.04579436787653366,111.61291666666666,111.85,470.0,74.0,PASS_NVML_LONG_WINDOW_SAMPLE_COUNT_RELEASE_QUALITY,TOTAL_DEVICE_ENERGY_NO_IDLE_SUBTRACTION,LONG_WINDOW_REPEATED_GENERATION_TO_LOSS_MATERIALIZATION_NOT_SPEEDUP_TIMING
saa.drcet.accuracy_cost_energy_pareto_gpu_h100_energy_long_window.v2.energy_workload_row,hawkes_clustered_jumps|d=500|method=gpu_raw_mc|paths=2048|repeat=2,hawkes_clustered_jumps,500,gpu_raw_mc,NVIDIA_GPU_H100_PCIE_LONG_WINDOW_ENERGY,2048,2,10,LONG_WINDOW_NVML_POWER_INTEGRATION,2.0,8.0,40,0.02,2,4877,2.032673925999916,0.4167877641992856,2.0308768009999767,50,2.0099609040007635,223.84603532645002,0.045898305377578434,111.366,111.58,470.0,73.0,PASS_NVML_LONG_WINDOW_SAMPLE_COUNT_RELEASE_QUALITY,TOTAL_DEVICE_ENERGY_NO_IDLE_SUBTRACTION,LONG_WINDOW_REPEATED_GENERATION_TO_LOSS_MATERIALIZATION_NOT_SPEEDUP_TIMING
saa.drcet.accuracy_cost_energy_pareto_gpu_h100_energy_long_window.v2.energy_workload_row,hawkes_clustered_jumps|d=1000|method=gpu_antithetic_mc|paths=512|repeat=0,hawkes_clustered_jumps,1000,gpu_antithetic_mc,NVIDIA_GPU_H100_PCIE_LONG_WINDOW_ENERGY,512,0,10,LONG_WINDOW_NVML_POWER_INTEGRATION,2.0,8.0,40,0.02,2,3742,2.021466280999448,0.5402101231960043,2.037183751999919,49,1.9996571550000226,216.5542362035138,0.05787125499826665,108.31591836734692,110.96,470.0,59.0,PASS_NVML_LONG_WINDOW_SAMPLE_COUNT_RELEASE_QUALITY,TOTAL_DEVICE_ENERGY_NO_IDLE_SUBTRACTION,LONG_WINDOW_REPEATED_GENERATION_TO_LOSS_MATERIALIZATION_NOT_SPEEDUP_TIMING
saa.drcet.accuracy_cost_energy_pareto_gpu_h100_energy_long_window.v2.energy_workload_row,hawkes_clustered_jumps|d=1000|method=gpu_antithetic_mc|paths=512|repeat=1,hawkes_clustered_jumps,1000,gpu_antithetic_mc,NVIDIA_GPU_H100_PCIE_LONG_WINDOW_ENERGY,512,1,10,LONG_WINDOW_NVML_POWER_INTEGRATION,2.0,8.0,40,0.02,2,3709,2.0206726209999033,0.54480254003772,2.0477873710000267,48,1.997317079001732,214.299900854366,0.057778350189907256,107.29791666666665,107.51,470.0,59.0,PASS_NVML_LONG_WINDOW_SAMPLE_COUNT_RELEASE_QUALITY,TOTAL_DEVICE_ENERGY_NO_IDLE_SUBTRACTION,LONG_WINDOW_REPEATED_GENERATION_TO_LOSS_MATERIALIZATION_NOT_SPEEDUP_TIMING
saa.drcet.accuracy_cost_energy_pareto_gpu_h100_energy_long_window.v2.energy_workload_row,hawkes_clustered_jumps|d=1000|method=gpu_antithetic_mc|paths=512|repeat=2,hawkes_clustered_jumps,1000,gpu_antithetic_mc,NVIDIA_GPU_H100_PCIE_LONG_WINDOW_ENERGY,512,2,10,LONG_WINDOW_NVML_POWER_INTEGRATION,2.0,8.0,40,0.02,2,3744,2.0383465960003377,0.5444301805556457,2.034923941000102,50,2.0167381190003653,216.4619213645191,0.05781568412513865,107.33019999999999,107.46,470.0,58.0,PASS_NVML_LONG_WINDOW_SAMPLE_COUNT_RELEASE_QUALITY,TOTAL_DEVICE_ENERGY_NO_IDLE_SUBTRACTION,LONG_WINDOW_REPEATED_GENERATION_TO_LOSS_MATERIALIZATION_NOT_SPEEDUP_TIMING
saa.drcet.accuracy_cost_energy_pareto_gpu_h100_energy_long_window.v2.energy_workload_row,hawkes_clustered_jumps|d=1000|method=gpu_antithetic_mc|paths=2048|repeat=0,hawkes_clustered_jumps,1000,gpu_antithetic_mc,NVIDIA_GPU_H100_PCIE_LONG_WINDOW_ENERGY,2048,0,10,LONG_WINDOW_NVML_POWER_INTEGRATION,2.0,8.0,40,0.02,2,3580,2.0356902620005712,0.5686285648046289,2.034113085999934,48,2.0102801169996383,232.66810430128066,0.0649910905869499,115.70166666666667,118.9,494.0,69.0,PASS_NVML_LONG_WINDOW_SAMPLE_COUNT_RELEASE_QUALITY,TOTAL_DEVICE_ENERGY_NO_IDLE_SUBTRACTION,LONG_WINDOW_REPEATED_GENERATION_TO_LOSS_MATERIALIZATION_NOT_SPEEDUP_TIMING
saa.drcet.accuracy_cost_energy_pareto_gpu_h100_energy_long_window.v2.energy_workload_row,hawkes_clustered_jumps|d=1000|method=gpu_antithetic_mc|paths=2048|repeat=1,hawkes_clustered_jumps,1000,gpu_antithetic_mc,NVIDIA_GPU_H100_PCIE_LONG_WINDOW_ENERGY,2048,1,10,LONG_WINDOW_NVML_POWER_INTEGRATION,2.0,8.0,40,0.02,2,3558,2.0296679080001923,0.5704519134345678,2.035516965999932,46,2.0061812870008,237.22156551814905,0.0666727278016158,118.25152173913045,118.72,494.0,69.0,PASS_NVML_LONG_WINDOW_SAMPLE_COUNT_RELEASE_QUALITY,TOTAL_DEVICE_ENERGY_NO_IDLE_SUBTRACTION,LONG_WINDOW_REPEATED_GENERATION_TO_LOSS_MATERIALIZATION_NOT_SPEEDUP_TIMING
saa.drcet.accuracy_cost_energy_pareto_gpu_h100_energy_long_window.v2.energy_workload_row,hawkes_clustered_jumps|d=1000|method=gpu_antithetic_mc|paths=2048|repeat=2,hawkes_clustered_jumps,1000,gpu_antithetic_mc,NVIDIA_GPU_H100_PCIE_LONG_WINDOW_ENERGY,2048,2,10,LONG_WINDOW_NVML_POWER_INTEGRATION,2.0,8.0,40,0.02,2,3490,2.0295948540006066,0.5815458034385692,2.032908644000031,47,2.005669535999914,237.0344751965698,0.06791818773540681,118.17702127659575,118.53,494.0,69.0,PASS_NVML_LONG_WINDOW_SAMPLE_COUNT_RELEASE_QUALITY,TOTAL_DEVICE_ENERGY_NO_IDLE_SUBTRACTION,LONG_WINDOW_REPEATED_GENERATION_TO_LOSS_MATERIALIZATION_NOT_SPEEDUP_TIMING
saa.drcet.accuracy_cost_energy_pareto_gpu_h100_energy_long_window.v2.energy_workload_row,hawkes_clustered_jumps|d=1000|method=gpu_importance_sampling|paths=512|repeat=0,hawkes_clustered_jumps,1000,gpu_importance_sampling,NVIDIA_GPU_H100_PCIE_LONG_WINDOW_ENERGY,512,0,10,LONG_WINDOW_NVML_POWER_INTEGRATION,2.0,8.0,40,0.02,2,4415,2.0217601679996733,0.4579298228764832,2.033228726999937,49,1.998625334999815,219.17185776720214,0.04964254989064601,109.71000000000002,117.71,466.0,67.0,PASS_NVML_LONG_WINDOW_SAMPLE_COUNT_RELEASE_QUALITY,TOTAL_DEVICE_ENERGY_NO_IDLE_SUBTRACTION,LONG_WINDOW_REPEATED_GENERATION_TO_LOSS_MATERIALIZATION_NOT_SPEEDUP_TIMING
saa.drcet.accuracy_cost_energy_pareto_gpu_h100_energy_long_window.v2.energy_workload_row,hawkes_clustered_jumps|d=1000|method=gpu_importance_sampling|paths=512|repeat=1,hawkes_clustered_jumps,1000,gpu_importance_sampling,NVIDIA_GPU_H100_PCIE_LONG_WINDOW_ENERGY,512,1,10,LONG_WINDOW_NVML_POWER_INTEGRATION,2.0,8.0,40,0.02,2,4447,2.0232934579998982,0.4549794148864174,2.0276164590000008,50,2.0013956719994894,214.37579061981037,0.048206833959930376,107.1124,107.23,466.0,65.0,PASS_NVML_LONG_WINDOW_SAMPLE_COUNT_RELEASE_QUALITY,TOTAL_DEVICE_ENERGY_NO_IDLE_SUBTRACTION,LONG_WINDOW_REPEATED_GENERATION_TO_LOSS_MATERIALIZATION_NOT_SPEEDUP_TIMING
saa.drcet.accuracy_cost_energy_pareto_gpu_h100_energy_long_window.v2.energy_workload_row,hawkes_clustered_jumps|d=1000|method=gpu_importance_sampling|paths=512|repeat=2,hawkes_clustered_jumps,1000,gpu_importance_sampling,NVIDIA_GPU_H100_PCIE_LONG_WINDOW_ENERGY,512,2,10,LONG_WINDOW_NVML_POWER_INTEGRATION,2.0,8.0,40,0.02,2,4429,2.0409864749999542,0.46082331790470854,2.0297769580000704,50,2.018018052000116,216.14419898823223,0.048802031832971826,107.1038,107.25,466.0,66.0,PASS_NVML_LONG_WINDOW_SAMPLE_COUNT_RELEASE_QUALITY,TOTAL_DEVICE_ENERGY_NO_IDLE_SUBTRACTION,LONG_WINDOW_REPEATED_GENERATION_TO_LOSS_MATERIALIZATION_NOT_SPEEDUP_TIMING
saa.drcet.accuracy_cost_energy_pareto_gpu_h100_energy_long_window.v2.energy_workload_row,hawkes_clustered_jumps|d=1000|method=gpu_importance_sampling|paths=2048|repeat=0,hawkes_clustered_jumps,1000,gpu_importance_sampling,NVIDIA_GPU_H100_PCIE_LONG_WINDOW_ENERGY,2048,0,10,LONG_WINDOW_NVML_POWER_INTEGRATION,2.0,8.0,40,0.02,2,4364,2.039089117999538,0.46725231851501786,2.02796557399995,50,2.0167614609999873,228.67067803872325,0.05239933043967077,113.3546,115.73,478.0,78.0,PASS_NVML_LONG_WINDOW_SAMPLE_COUNT_RELEASE_QUALITY,TOTAL_DEVICE_ENERGY_NO_IDLE_SUBTRACTION,LONG_WINDOW_REPEATED_GENERATION_TO_LOSS_MATERIALIZATION_NOT_SPEEDUP_TIMING
saa.drcet.accuracy_cost_energy_pareto_gpu_h100_energy_long_window.v2.energy_workload_row,hawkes_clustered_jumps|d=1000|method=gpu_importance_sampling|paths=2048|repeat=1,hawkes_clustered_jumps,1000,gpu_importance_sampling,NVIDIA_GPU_H100_PCIE_LONG_WINDOW_ENERGY,2048,1,10,LONG_WINDOW_NVML_POWER_INTEGRATION,2.0,8.0,40,0.02,2,4329,2.0347830280006747,0.47003534950350534,2.0276252730000124,48,2.0127466099984304,231.75896294318977,0.053536373976250815,115.15729166666665,115.48,478.0,78.0,PASS_NVML_LONG_WINDOW_SAMPLE_COUNT_RELEASE_QUALITY,TOTAL_DEVICE_ENERGY_NO_IDLE_SUBTRACTION,LONG_WINDOW_REPEATED_GENERATION_TO_LOSS_MATERIALIZATION_NOT_SPEEDUP_TIMING
saa.drcet.accuracy_cost_energy_pareto_gpu_h100_energy_long_window.v2.energy_workload_row,hawkes_clustered_jumps|d=1000|method=gpu_importance_sampling|paths=2048|repeat=2,hawkes_clustered_jumps,1000,gpu_importance_sampling,NVIDIA_GPU_H100_PCIE_LONG_WINDOW_ENERGY,2048,2,10,LONG_WINDOW_NVML_POWER_INTEGRATION,2.0,8.0,40,0.02,2,4310,2.0211331480004446,0.46894040556854866,2.030693971000005,49,1.9999560279993602,230.30787453151123,0.0534357017474504,115.15510204081633,115.49,478.0,77.0,PASS_NVML_LONG_WINDOW_SAMPLE_COUNT_RELEASE_QUALITY,TOTAL_DEVICE_ENERGY_NO_IDLE_SUBTRACTION,LONG_WINDOW_REPEATED_GENERATION_TO_LOSS_MATERIALIZATION_NOT_SPEEDUP_TIMING
saa.drcet.accuracy_cost_energy_pareto_gpu_h100_energy_long_window.v2.energy_workload_row,hawkes_clustered_jumps|d=1000|method=gpu_randomized_qmc_cpu_sobol|paths=512|repeat=0,hawkes_clustered_jumps,1000,gpu_randomized_qmc_cpu_sobol,NVIDIA_GPU_H100_PCIE_LONG_WINDOW_ENERGY,512,0,10,LONG_WINDOW_NVML_POWER_INTEGRATION,2.0,8.0,40,0.02,2,40,2.1127566949999164,52.81891737499791,2.0968370150000055,42,2.086830860000191,213.12080574502653,5.328020143625663,102.16833333333332,113.42,466.0,38.0,PASS_NVML_LONG_WINDOW_SAMPLE_COUNT_RELEASE_QUALITY,TOTAL_DEVICE_ENERGY_NO_IDLE_SUBTRACTION,LONG_WINDOW_REPEATED_GENERATION_TO_LOSS_MATERIALIZATION_NOT_SPEEDUP_TIMING
saa.drcet.accuracy_cost_energy_pareto_gpu_h100_energy_long_window.v2.energy_workload_row,hawkes_clustered_jumps|d=1000|method=gpu_randomized_qmc_cpu_sobol|paths=512|repeat=1,hawkes_clustered_jumps,1000,gpu_randomized_qmc_cpu_sobol,NVIDIA_GPU_H100_PCIE_LONG_WINDOW_ENERGY,512,1,10,LONG_WINDOW_NVML_POWER_INTEGRATION,2.0,8.0,40,0.02,2,40,2.1258801789990684,53.14700447497671,2.1092405530000633,42,2.1003416830008064,207.93382661707983,5.198345665426996,99.0,99.0,466.0,0.0,PASS_NVML_LONG_WINDOW_SAMPLE_COUNT_RELEASE_QUALITY,TOTAL_DEVICE_ENERGY_NO_IDLE_SUBTRACTION,LONG_WINDOW_REPEATED_GENERATION_TO_LOSS_MATERIALIZATION_NOT_SPEEDUP_TIMING
saa.drcet.accuracy_cost_energy_pareto_gpu_h100_energy_long_window.v2.energy_workload_row,hawkes_clustered_jumps|d=1000|method=gpu_randomized_qmc_cpu_sobol|paths=512|repeat=2,hawkes_clustered_jumps,1000,gpu_randomized_qmc_cpu_sobol,NVIDIA_GPU_H100_PCIE_LONG_WINDOW_ENERGY,512,2,10,LONG_WINDOW_NVML_POWER_INTEGRATION,2.0,8.0,40,0.02,2,40,2.130192053000428,53.2548013250107,2.114969939000048,42,2.1040097790009895,208.29346841867294,5.207336710466824,98.99809523809525,99.0,466.0,0.0,PASS_NVML_LONG_WINDOW_SAMPLE_COUNT_RELEASE_QUALITY,TOTAL_DEVICE_ENERGY_NO_IDLE_SUBTRACTION,LONG_WINDOW_REPEATED_GENERATION_TO_LOSS_MATERIALIZATION_NOT_SPEEDUP_TIMING
saa.drcet.accuracy_cost_energy_pareto_gpu_h100_energy_long_window.v2.energy_workload_row,hawkes_clustered_jumps|d=1000|method=gpu_randomized_qmc_cpu_sobol|paths=2048|repeat=0,hawkes_clustered_jumps,1000,gpu_randomized_qmc_cpu_sobol,NVIDIA_GPU_H100_PCIE_LONG_WINDOW_ENERGY,2048,0,10,LONG_WINDOW_NVML_POWER_INTEGRATION,2.0,8.0,40,0.02,2,23,2.0824482869993517,90.54122986953703,2.08140519899996,46,2.0568620419999206,203.6066246204972,8.852461940021618,98.9891304347826,99.0,478.0,1.0,PASS_NVML_LONG_WINDOW_SAMPLE_COUNT_RELEASE_QUALITY,TOTAL_DEVICE_ENERGY_NO_IDLE_SUBTRACTION,LONG_WINDOW_REPEATED_GENERATION_TO_LOSS_MATERIALIZATION_NOT_SPEEDUP_TIMING
saa.drcet.accuracy_cost_energy_pareto_gpu_h100_energy_long_window.v2.energy_workload_row,hawkes_clustered_jumps|d=1000|method=gpu_randomized_qmc_cpu_sobol|paths=2048|repeat=1,hawkes_clustered_jumps,1000,gpu_randomized_qmc_cpu_sobol,NVIDIA_GPU_H100_PCIE_LONG_WINDOW_ENERGY,2048,1,10,LONG_WINDOW_NVML_POWER_INTEGRATION,2.0,8.0,40,0.02,2,23,2.096250329999748,91.14131869564122,2.0756921939999984,48,2.068253890998676,204.595487253924,8.895455967561913,98.92145833333332,98.96,478.0,1.0,PASS_NVML_LONG_WINDOW_SAMPLE_COUNT_RELEASE_QUALITY,TOTAL_DEVICE_ENERGY_NO_IDLE_SUBTRACTION,LONG_WINDOW_REPEATED_GENERATION_TO_LOSS_MATERIALIZATION_NOT_SPEEDUP_TIMING
saa.drcet.accuracy_cost_energy_pareto_gpu_h100_energy_long_window.v2.energy_workload_row,hawkes_clustered_jumps|d=1000|method=gpu_randomized_qmc_cpu_sobol|paths=2048|repeat=2,hawkes_clustered_jumps,1000,gpu_randomized_qmc_cpu_sobol,NVIDIA_GPU_H100_PCIE_LONG_WINDOW_ENERGY,2048,2,10,LONG_WINDOW_NVML_POWER_INTEGRATION,2.0,8.0,40,0.02,2,23,2.101183991999278,91.35582573909905,2.0809220649999816,48,2.075523075000092,205.04996898051408,8.915216042631046,98.79458333333332,98.86,478.0,1.0,PASS_NVML_LONG_WINDOW_SAMPLE_COUNT_RELEASE_QUALITY,TOTAL_DEVICE_ENERGY_NO_IDLE_SUBTRACTION,LONG_WINDOW_REPEATED_GENERATION_TO_LOSS_MATERIALIZATION_NOT_SPEEDUP_TIMING
saa.drcet.accuracy_cost_energy_pareto_gpu_h100_energy_long_window.v2.energy_workload_row,hawkes_clustered_jumps|d=1000|method=gpu_raw_mc|paths=512|repeat=0,hawkes_clustered_jumps,1000,gpu_raw_mc,NVIDIA_GPU_H100_PCIE_LONG_WINDOW_ENERGY,512,0,10,LONG_WINDOW_NVML_POWER_INTEGRATION,2.0,8.0,40,0.02,2,4903,2.0262262509986613,0.4132625435444955,2.026030901000013,50,2.0047299300003942,211.23223696320196,0.04308224290499734,105.3424,107.64,466.0,68.0,PASS_NVML_LONG_WINDOW_SAMPLE_COUNT_RELEASE_QUALITY,TOTAL_DEVICE_ENERGY_NO_IDLE_SUBTRACTION,LONG_WINDOW_REPEATED_GENERATION_TO_LOSS_MATERIALIZATION_NOT_SPEEDUP_TIMING
saa.drcet.accuracy_cost_energy_pareto_gpu_h100_energy_long_window.v2.energy_workload_row,hawkes_clustered_jumps|d=1000|method=gpu_raw_mc|paths=512|repeat=1,hawkes_clustered_jumps,1000,gpu_raw_mc,NVIDIA_GPU_H100_PCIE_LONG_WINDOW_ENERGY,512,1,10,LONG_WINDOW_NVML_POWER_INTEGRATION,2.0,8.0,40,0.02,2,4908,2.034157680000135,0.4144575550122524,2.0282854880000514,50,2.0123320009988674,216.39804512451312,0.04409088123971335,107.5344,107.73,466.0,68.0,PASS_NVML_LONG_WINDOW_SAMPLE_COUNT_RELEASE_QUALITY,TOTAL_DEVICE_ENERGY_NO_IDLE_SUBTRACTION,LONG_WINDOW_REPEATED_GENERATION_TO_LOSS_MATERIALIZATION_NOT_SPEEDUP_TIMING
saa.drcet.accuracy_cost_energy_pareto_gpu_h100_energy_long_window.v2.energy_workload_row,hawkes_clustered_jumps|d=1000|method=gpu_raw_mc|paths=512|repeat=2,hawkes_clustered_jumps,1000,gpu_raw_mc,NVIDIA_GPU_H100_PCIE_LONG_WINDOW_ENERGY,512,2,10,LONG_WINDOW_NVML_POWER_INTEGRATION,2.0,8.0,40,0.02,2,4844,2.027712036000594,0.4186028150290243,2.026506020000056,50,2.0056044470002234,215.47207704256402,0.04448226198236251,107.42960000000001,107.78,466.0,68.0,PASS_NVML_LONG_WINDOW_SAMPLE_COUNT_RELEASE_QUALITY,TOTAL_DEVICE_ENERGY_NO_IDLE_SUBTRACTION,LONG_WINDOW_REPEATED_GENERATION_TO_LOSS_MATERIALIZATION_NOT_SPEEDUP_TIMING
saa.drcet.accuracy_cost_energy_pareto_gpu_h100_energy_long_window.v2.energy_workload_row,hawkes_clustered_jumps|d=1000|method=gpu_raw_mc|paths=2048|repeat=0,hawkes_clustered_jumps,1000,gpu_raw_mc,NVIDIA_GPU_H100_PCIE_LONG_WINDOW_ENERGY,2048,0,10,LONG_WINDOW_NVML_POWER_INTEGRATION,2.0,8.0,40,0.02,2,4894,2.0294717159995344,0.41468567960758773,2.0277625180000314,48,2.0078439160006383,230.34556521132973,0.04706693200068037,114.62666666666667,117.57,478.0,83.0,PASS_NVML_LONG_WINDOW_SAMPLE_COUNT_RELEASE_QUALITY,TOTAL_DEVICE_ENERGY_NO_IDLE_SUBTRACTION,LONG_WINDOW_REPEATED_GENERATION_TO_LOSS_MATERIALIZATION_NOT_SPEEDUP_TIMING
saa.drcet.accuracy_cost_energy_pareto_gpu_h100_energy_long_window.v2.energy_workload_row,hawkes_clustered_jumps|d=1000|method=gpu_raw_mc|paths=2048|repeat=1,hawkes_clustered_jumps,1000,gpu_raw_mc,NVIDIA_GPU_H100_PCIE_LONG_WINDOW_ENERGY,2048,1,10,LONG_WINDOW_NVML_POWER_INTEGRATION,2.0,8.0,40,0.02,2,4883,2.0334787369993137,0.4164404540240249,2.028318982999963,50,2.00916434499959,234.93235942760242,0.048112299698464554,116.93379999999999,117.57,478.0,83.0,PASS_NVML_LONG_WINDOW_SAMPLE_COUNT_RELEASE_QUALITY,TOTAL_DEVICE_ENERGY_NO_IDLE_SUBTRACTION,LONG_WINDOW_REPEATED_GENERATION_TO_LOSS_MATERIALIZATION_NOT_SPEEDUP_TIMING
saa.drcet.accuracy_cost_energy_pareto_gpu_h100_energy_long_window.v2.energy_workload_row,hawkes_clustered_jumps|d=1000|method=gpu_raw_mc|paths=2048|repeat=2,hawkes_clustered_jumps,1000,gpu_raw_mc,NVIDIA_GPU_H100_PCIE_LONG_WINDOW_ENERGY,2048,2,10,LONG_WINDOW_NVML_POWER_INTEGRATION,2.0,8.0,40,0.02,2,4900,2.028381628999341,0.41395543448966143,2.029719605999958,50,2.0069857369999227,235.53591594222084,0.04806855427392262,117.35140000000001,117.82,478.0,83.0,PASS_NVML_LONG_WINDOW_SAMPLE_COUNT_RELEASE_QUALITY,TOTAL_DEVICE_ENERGY_NO_IDLE_SUBTRACTION,LONG_WINDOW_REPEATED_GENERATION_TO_LOSS_MATERIALIZATION_NOT_SPEEDUP_TIMING
saa.drcet.accuracy_cost_energy_pareto_gpu_h100_energy_long_window.v2.energy_workload_row,merton_jump_diffusion|d=100|method=gpu_antithetic_mc|paths=512|repeat=0,merton_jump_diffusion,100,gpu_antithetic_mc,NVIDIA_GPU_H100_PCIE_LONG_WINDOW_ENERGY,512,0,10,LONG_WINDOW_NVML_POWER_INTEGRATION,2.0,8.0,40,0.02,2,4131,2.0239559469991946,0.48994334228980746,2.0299377649999997,50,2.002716455999689,215.0187517380728,0.0520500488351665,107.40180000000002,116.88,462.0,82.0,PASS_NVML_LONG_WINDOW_SAMPLE_COUNT_RELEASE_QUALITY,TOTAL_DEVICE_ENERGY_NO_IDLE_SUBTRACTION,LONG_WINDOW_REPEATED_GENERATION_TO_LOSS_MATERIALIZATION_NOT_SPEEDUP_TIMING
saa.drcet.accuracy_cost_energy_pareto_gpu_h100_energy_long_window.v2.energy_workload_row,merton_jump_diffusion|d=100|method=gpu_antithetic_mc|paths=512|repeat=1,merton_jump_diffusion,100,gpu_antithetic_mc,NVIDIA_GPU_H100_PCIE_LONG_WINDOW_ENERGY,512,1,10,LONG_WINDOW_NVML_POWER_INTEGRATION,2.0,8.0,40,0.02,2,4127,2.0267544750004163,0.4910963108796744,2.033835599999975,50,2.005808292000438,209.1525063999906,0.05067906624666601,104.27259999999998,104.34,462.0,57.0,PASS_NVML_LONG_WINDOW_SAMPLE_COUNT_RELEASE_QUALITY,TOTAL_DEVICE_ENERGY_NO_IDLE_SUBTRACTION,LONG_WINDOW_REPEATED_GENERATION_TO_LOSS_MATERIALIZATION_NOT_SPEEDUP_TIMING
saa.drcet.accuracy_cost_energy_pareto_gpu_h100_energy_long_window.v2.energy_workload_row,merton_jump_diffusion|d=100|method=gpu_antithetic_mc|paths=512|repeat=2,merton_jump_diffusion,100,gpu_antithetic_mc,NVIDIA_GPU_H100_PCIE_LONG_WINDOW_ENERGY,512,2,10,LONG_WINDOW_NVML_POWER_INTEGRATION,2.0,8.0,40,0.02,2,4139,2.0294760310007405,0.4903300388984635,2.0299279879999403,50,2.0078091180002957,209.28041151005576,0.050563037330286484,104.2334,104.34,462.0,57.0,PASS_NVML_LONG_WINDOW_SAMPLE_COUNT_RELEASE_QUALITY,TOTAL_DEVICE_ENERGY_NO_IDLE_SUBTRACTION,LONG_WINDOW_REPEATED_GENERATION_TO_LOSS_MATERIALIZATION_NOT_SPEEDUP_TIMING
saa.drcet.accuracy_cost_energy_pareto_gpu_h100_energy_long_window.v2.energy_workload_row,merton_jump_diffusion|d=100|method=gpu_antithetic_mc|paths=2048|repeat=0,merton_jump_diffusion,100,gpu_antithetic_mc,NVIDIA_GPU_H100_PCIE_LONG_WINDOW_ENERGY,2048,0,10,LONG_WINDOW_NVML_POWER_INTEGRATION,2.0,8.0,40,0.02,2,4128,2.037882869000896,0.49367317563006197,2.029767831000072,49,2.0150601210007153,213.02365639753472,0.05160456792575938,105.69448979591839,106.27,464.0,60.0,PASS_NVML_LONG_WINDOW_SAMPLE_COUNT_RELEASE_QUALITY,TOTAL_DEVICE_ENERGY_NO_IDLE_SUBTRACTION,LONG_WINDOW_REPEATED_GENERATION_TO_LOSS_MATERIALIZATION_NOT_SPEEDUP_TIMING
saa.drcet.accuracy_cost_energy_pareto_gpu_h100_energy_long_window.v2.energy_workload_row,merton_jump_diffusion|d=100|method=gpu_antithetic_mc|paths=2048|repeat=1,merton_jump_diffusion,100,gpu_antithetic_mc,NVIDIA_GPU_H100_PCIE_LONG_WINDOW_ENERGY,2048,1,10,LONG_WINDOW_NVML_POWER_INTEGRATION,2.0,8.0,40,0.02,2,4137,2.0269865289992595,0.48996532003849635,2.0319306289999304,50,2.0044831089999207,212.70568079030647,0.051415441331957086,106.1164,106.26,464.0,59.0,PASS_NVML_LONG_WINDOW_SAMPLE_COUNT_RELEASE_QUALITY,TOTAL_DEVICE_ENERGY_NO_IDLE_SUBTRACTION,LONG_WINDOW_REPEATED_GENERATION_TO_LOSS_MATERIALIZATION_NOT_SPEEDUP_TIMING
saa.drcet.accuracy_cost_energy_pareto_gpu_h100_energy_long_window.v2.energy_workload_row,merton_jump_diffusion|d=100|method=gpu_antithetic_mc|paths=2048|repeat=2,merton_jump_diffusion,100,gpu_antithetic_mc,NVIDIA_GPU_H100_PCIE_LONG_WINDOW_ENERGY,2048,2,10,LONG_WINDOW_NVML_POWER_INTEGRATION,2.0,8.0,40,0.02,2,4128,2.035321126000781,0.4930525983529024,2.032627672999979,50,2.0131030560005456,213.70274959064304,0.05176907693571779,106.15520000000001,106.27,464.0,59.0,PASS_NVML_LONG_WINDOW_SAMPLE_COUNT_RELEASE_QUALITY,TOTAL_DEVICE_ENERGY_NO_IDLE_SUBTRACTION,LONG_WINDOW_REPEATED_GENERATION_TO_LOSS_MATERIALIZATION_NOT_SPEEDUP_TIMING
saa.drcet.accuracy_cost_energy_pareto_gpu_h100_energy_long_window.v2.energy_workload_row,merton_jump_diffusion|d=100|method=gpu_importance_sampling|paths=512|repeat=0,merton_jump_diffusion,100,gpu_importance_sampling,NVIDIA_GPU_H100_PCIE_LONG_WINDOW_ENERGY,512,0,10,LONG_WINDOW_NVML_POWER_INTEGRATION,2.0,8.0,40,0.02,2,4963,2.043044876998465,0.41165522405772015,2.0251883500000076,50,2.0220986530002847,212.74404958030615,0.04286601845261055,105.2138,106.04,462.0,64.0,PASS_NVML_LONG_WINDOW_SAMPLE_COUNT_RELEASE_QUALITY,TOTAL_DEVICE_ENERGY_NO_IDLE_SUBTRACTION,LONG_WINDOW_REPEATED_GENERATION_TO_LOSS_MATERIALIZATION_NOT_SPEEDUP_TIMING
saa.drcet.accuracy_cost_energy_pareto_gpu_h100_energy_long_window.v2.energy_workload_row,merton_jump_diffusion|d=100|method=gpu_importance_sampling|paths=512|repeat=1,merton_jump_diffusion,100,gpu_importance_sampling,NVIDIA_GPU_H100_PCIE_LONG_WINDOW_ENERGY,512,1,10,LONG_WINDOW_NVML_POWER_INTEGRATION,2.0,8.0,40,0.02,2,4970,2.032389296000474,0.40893144788741936,2.0247664039999336,50,2.0102564450007776,210.78075668864636,0.042410615027896656,104.85160000000002,105.01,462.0,64.0,PASS_NVML_LONG_WINDOW_SAMPLE_COUNT_RELEASE_QUALITY,TOTAL_DEVICE_ENERGY_NO_IDLE_SUBTRACTION,LONG_WINDOW_REPEATED_GENERATION_TO_LOSS_MATERIALIZATION_NOT_SPEEDUP_TIMING
saa.drcet.accuracy_cost_energy_pareto_gpu_h100_energy_long_window.v2.energy_workload_row,merton_jump_diffusion|d=100|method=gpu_importance_sampling|paths=512|repeat=2,merton_jump_diffusion,100,gpu_importance_sampling,NVIDIA_GPU_H100_PCIE_LONG_WINDOW_ENERGY,512,2,10,LONG_WINDOW_NVML_POWER_INTEGRATION,2.0,8.0,40,0.02,2,4967,2.0218574030004675,0.40705806382131415,2.0248796480000237,50,2.0004562089998217,209.71000763948646,0.042220657869838224,104.83059999999999,104.95,462.0,64.0,PASS_NVML_LONG_WINDOW_SAMPLE_COUNT_RELEASE_QUALITY,TOTAL_DEVICE_ENERGY_NO_IDLE_SUBTRACTION,LONG_WINDOW_REPEATED_GENERATION_TO_LOSS_MATERIALIZATION_NOT_SPEEDUP_TIMING
saa.drcet.accuracy_cost_energy_pareto_gpu_h100_energy_long_window.v2.energy_workload_row,merton_jump_diffusion|d=100|method=gpu_importance_sampling|paths=2048|repeat=0,merton_jump_diffusion,100,gpu_importance_sampling,NVIDIA_GPU_H100_PCIE_LONG_WINDOW_ENERGY,2048,0,10,LONG_WINDOW_NVML_POWER_INTEGRATION,2.0,8.0,40,0.02,2,4944,2.020448061000934,0.40866667900504333,2.025498498000047,48,1.9984990199991444,212.38388478292495,0.04295790549816443,106.25791666666667,106.87,462.0,66.0,PASS_NVML_LONG_WINDOW_SAMPLE_COUNT_RELEASE_QUALITY,TOTAL_DEVICE_ENERGY_NO_IDLE_SUBTRACTION,LONG_WINDOW_REPEATED_GENERATION_TO_LOSS_MATERIALIZATION_NOT_SPEEDUP_TIMING
saa.drcet.accuracy_cost_energy_pareto_gpu_h100_energy_long_window.v2.energy_workload_row,merton_jump_diffusion|d=100|method=gpu_importance_sampling|paths=2048|repeat=1,merton_jump_diffusion,100,gpu_importance_sampling,NVIDIA_GPU_H100_PCIE_LONG_WINDOW_ENERGY,2048,1,10,LONG_WINDOW_NVML_POWER_INTEGRATION,2.0,8.0,40,0.02,2,4941,2.030727214001672,0.41099518599507634,2.026608011999997,50,2.009168480999506,214.4668408569372,0.043405553705107715,106.7424,106.88,462.0,66.0,PASS_NVML_LONG_WINDOW_SAMPLE_COUNT_RELEASE_QUALITY,TOTAL_DEVICE_ENERGY_NO_IDLE_SUBTRACTION,LONG_WINDOW_REPEATED_GENERATION_TO_LOSS_MATERIALIZATION_NOT_SPEEDUP_TIMING
saa.drcet.accuracy_cost_energy_pareto_gpu_h100_energy_long_window.v2.energy_workload_row,merton_jump_diffusion|d=100|method=gpu_importance_sampling|paths=2048|repeat=2,merton_jump_diffusion,100,gpu_importance_sampling,NVIDIA_GPU_H100_PCIE_LONG_WINDOW_ENERGY,2048,2,10,LONG_WINDOW_NVML_POWER_INTEGRATION,2.0,8.0,40,0.02,2,4937,2.0329989609999757,0.41178832509620733,2.0266922569999224,50,2.011520407999342,214.59220052262464,0.04346611312996245,106.67939999999997,106.84,462.0,66.0,PASS_NVML_LONG_WINDOW_SAMPLE_COUNT_RELEASE_QUALITY,TOTAL_DEVICE_ENERGY_NO_IDLE_SUBTRACTION,LONG_WINDOW_REPEATED_GENERATION_TO_LOSS_MATERIALIZATION_NOT_SPEEDUP_TIMING
saa.drcet.accuracy_cost_energy_pareto_gpu_h100_energy_long_window.v2.energy_workload_row,merton_jump_diffusion|d=100|method=gpu_randomized_qmc_cpu_sobol|paths=512|repeat=0,merton_jump_diffusion,100,gpu_randomized_qmc_cpu_sobol,NVIDIA_GPU_H100_PCIE_LONG_WINDOW_ENERGY,512,0,10,LONG_WINDOW_NVML_POWER_INTEGRATION,2.0,8.0,40,0.02,2,451,2.0249414400004753,4.489892328160699,2.018348332999949,47,2.0040256239990413,202.67554498034136,0.4493914522845706,101.16276595744678,106.42,462.0,65.0,PASS_NVML_LONG_WINDOW_SAMPLE_COUNT_RELEASE_QUALITY,TOTAL_DEVICE_ENERGY_NO_IDLE_SUBTRACTION,LONG_WINDOW_REPEATED_GENERATION_TO_LOSS_MATERIALIZATION_NOT_SPEEDUP_TIMING
saa.drcet.accuracy_cost_energy_pareto_gpu_h100_energy_long_window.v2.energy_workload_row,merton_jump_diffusion|d=100|method=gpu_randomized_qmc_cpu_sobol|paths=512|repeat=1,merton_jump_diffusion,100,gpu_randomized_qmc_cpu_sobol,NVIDIA_GPU_H100_PCIE_LONG_WINDOW_ENERGY,512,1,10,LONG_WINDOW_NVML_POWER_INTEGRATION,2.0,8.0,40,0.02,2,450,2.024522994999643,4.498939988888095,2.0183312080000633,47,2.003370800999619,199.00246045189226,0.4422276898930939,99.33319148936172,99.43,462.0,6.0,PASS_NVML_LONG_WINDOW_SAMPLE_COUNT_RELEASE_QUALITY,TOTAL_DEVICE_ENERGY_NO_IDLE_SUBTRACTION,LONG_WINDOW_REPEATED_GENERATION_TO_LOSS_MATERIALIZATION_NOT_SPEEDUP_TIMING
saa.drcet.accuracy_cost_energy_pareto_gpu_h100_energy_long_window.v2.energy_workload_row,merton_jump_diffusion|d=100|method=gpu_randomized_qmc_cpu_sobol|paths=512|repeat=2,merton_jump_diffusion,100,gpu_randomized_qmc_cpu_sobol,NVIDIA_GPU_H100_PCIE_LONG_WINDOW_ENERGY,512,2,10,LONG_WINDOW_NVML_POWER_INTEGRATION,2.0,8.0,40,0.02,2,450,2.0205774220012245,4.49017204889161,2.0144961979999607,47,1.9996935470007884,198.49458267165824,0.44109907260368497,99.26170212765956,99.3,462.0,6.0,PASS_NVML_LONG_WINDOW_SAMPLE_COUNT_RELEASE_QUALITY,TOTAL_DEVICE_ENERGY_NO_IDLE_SUBTRACTION,LONG_WINDOW_REPEATED_GENERATION_TO_LOSS_MATERIALIZATION_NOT_SPEEDUP_TIMING
saa.drcet.accuracy_cost_energy_pareto_gpu_h100_energy_long_window.v2.energy_workload_row,merton_jump_diffusion|d=100|method=gpu_randomized_qmc_cpu_sobol|paths=2048|repeat=0,merton_jump_diffusion,100,gpu_randomized_qmc_cpu_sobol,NVIDIA_GPU_H100_PCIE_LONG_WINDOW_ENERGY,2048,0,10,LONG_WINDOW_NVML_POWER_INTEGRATION,2.0,8.0,40,0.02,2,253,2.0285226910000347,8.017876249011994,2.0236694070000567,48,2.007151337000323,198.80730829324202,0.7857996375226958,99.05104166666668,99.25,462.0,5.0,PASS_NVML_LONG_WINDOW_SAMPLE_COUNT_RELEASE_QUALITY,TOTAL_DEVICE_ENERGY_NO_IDLE_SUBTRACTION,LONG_WINDOW_REPEATED_GENERATION_TO_LOSS_MATERIALIZATION_NOT_SPEEDUP_TIMING
saa.drcet.accuracy_cost_energy_pareto_gpu_h100_energy_long_window.v2.energy_workload_row,merton_jump_diffusion|d=100|method=gpu_randomized_qmc_cpu_sobol|paths=2048|repeat=1,merton_jump_diffusion,100,gpu_randomized_qmc_cpu_sobol,NVIDIA_GPU_H100_PCIE_LONG_WINDOW_ENERGY,2048,1,10,LONG_WINDOW_NVML_POWER_INTEGRATION,2.0,8.0,40,0.02,2,252,2.022413544000301,8.025450571429767,2.0191754679999576,49,2.0016451190003863,198.14832596263327,0.7863028808041003,98.99265306122447,99.0,462.0,4.0,PASS_NVML_LONG_WINDOW_SAMPLE_COUNT_RELEASE_QUALITY,TOTAL_DEVICE_ENERGY_NO_IDLE_SUBTRACTION,LONG_WINDOW_REPEATED_GENERATION_TO_LOSS_MATERIALIZATION_NOT_SPEEDUP_TIMING
saa.drcet.accuracy_cost_energy_pareto_gpu_h100_energy_long_window.v2.energy_workload_row,merton_jump_diffusion|d=100|method=gpu_randomized_qmc_cpu_sobol|paths=2048|repeat=2,merton_jump_diffusion,100,gpu_randomized_qmc_cpu_sobol,NVIDIA_GPU_H100_PCIE_LONG_WINDOW_ENERGY,2048,2,10,LONG_WINDOW_NVML_POWER_INTEGRATION,2.0,8.0,40,0.02,2,254,2.0260961269996187,7.97675640551031,2.0228572480000366,49,2.004939121999996,198.47382670030962,0.781393018505156,98.99224489795918,99.0,462.0,4.0,PASS_NVML_LONG_WINDOW_SAMPLE_COUNT_RELEASE_QUALITY,TOTAL_DEVICE_ENERGY_NO_IDLE_SUBTRACTION,LONG_WINDOW_REPEATED_GENERATION_TO_LOSS_MATERIALIZATION_NOT_SPEEDUP_TIMING
saa.drcet.accuracy_cost_energy_pareto_gpu_h100_energy_long_window.v2.energy_workload_row,merton_jump_diffusion|d=100|method=gpu_raw_mc|paths=512|repeat=0,merton_jump_diffusion,100,gpu_raw_mc,NVIDIA_GPU_H100_PCIE_LONG_WINDOW_ENERGY,512,0,10,LONG_WINDOW_NVML_POWER_INTEGRATION,2.0,8.0,40,0.02,2,5509,2.039843839000241,0.37027479379202055,2.0266790970000557,50,2.0185441040011938,209.02305295754658,0.03794210436695346,103.5376,105.12,462.0,67.0,PASS_NVML_LONG_WINDOW_SAMPLE_COUNT_RELEASE_QUALITY,TOTAL_DEVICE_ENERGY_NO_IDLE_SUBTRACTION,LONG_WINDOW_REPEATED_GENERATION_TO_LOSS_MATERIALIZATION_NOT_SPEEDUP_TIMING
saa.drcet.accuracy_cost_energy_pareto_gpu_h100_energy_long_window.v2.energy_workload_row,merton_jump_diffusion|d=100|method=gpu_raw_mc|paths=512|repeat=1,merton_jump_diffusion,100,gpu_raw_mc,NVIDIA_GPU_H100_PCIE_LONG_WINDOW_ENERGY,512,1,10,LONG_WINDOW_NVML_POWER_INTEGRATION,2.0,8.0,40,0.02,2,5502,2.038453025999843,0.3704930981461001,2.026400722999938,50,2.0162196649998805,211.40420409850756,0.0384231559611973,104.85140000000001,104.99,462.0,67.0,PASS_NVML_LONG_WINDOW_SAMPLE_COUNT_RELEASE_QUALITY,TOTAL_DEVICE_ENERGY_NO_IDLE_SUBTRACTION,LONG_WINDOW_REPEATED_GENERATION_TO_LOSS_MATERIALIZATION_NOT_SPEEDUP_TIMING
saa.drcet.accuracy_cost_energy_pareto_gpu_h100_energy_long_window.v2.energy_workload_row,merton_jump_diffusion|d=100|method=gpu_raw_mc|paths=512|repeat=2,merton_jump_diffusion,100,gpu_raw_mc,NVIDIA_GPU_H100_PCIE_LONG_WINDOW_ENERGY,512,2,10,LONG_WINDOW_NVML_POWER_INTEGRATION,2.0,8.0,40,0.02,2,5513,2.035079940998912,0.3691420172317998,2.024778924999964,50,2.0131525590004458,211.32130487905175,0.03833145381444799,104.9676,105.15,462.0,67.0,PASS_NVML_LONG_WINDOW_SAMPLE_COUNT_RELEASE_QUALITY,TOTAL_DEVICE_ENERGY_NO_IDLE_SUBTRACTION,LONG_WINDOW_REPEATED_GENERATION_TO_LOSS_MATERIALIZATION_NOT_SPEEDUP_TIMING
saa.drcet.accuracy_cost_energy_pareto_gpu_h100_energy_long_window.v2.energy_workload_row,merton_jump_diffusion|d=100|method=gpu_raw_mc|paths=2048|repeat=0,merton_jump_diffusion,100,gpu_raw_mc,NVIDIA_GPU_H100_PCIE_LONG_WINDOW_ENERGY,2048,0,10,LONG_WINDOW_NVML_POWER_INTEGRATION,2.0,8.0,40,0.02,2,5536,2.0403910289987834,0.3685677436775259,2.0248281589999806,48,2.0189539040002273,215.1450045024829,0.038862898212153704,106.57562500000002,107.2,462.0,70.0,PASS_NVML_LONG_WINDOW_SAMPLE_COUNT_RELEASE_QUALITY,TOTAL_DEVICE_ENERGY_NO_IDLE_SUBTRACTION,LONG_WINDOW_REPEATED_GENERATION_TO_LOSS_MATERIALIZATION_NOT_SPEEDUP_TIMING
saa.drcet.accuracy_cost_energy_pareto_gpu_h100_energy_long_window.v2.energy_workload_row,merton_jump_diffusion|d=100|method=gpu_raw_mc|paths=2048|repeat=1,merton_jump_diffusion,100,gpu_raw_mc,NVIDIA_GPU_H100_PCIE_LONG_WINDOW_ENERGY,2048,1,10,LONG_WINDOW_NVML_POWER_INTEGRATION,2.0,8.0,40,0.02,2,5538,2.021088581001095,0.3649491840016423,2.0250210550000247,49,1.9992295570009446,214.0426665113709,0.03864981338233494,107.06122448979593,107.24,462.0,70.0,PASS_NVML_LONG_WINDOW_SAMPLE_COUNT_RELEASE_QUALITY,TOTAL_DEVICE_ENERGY_NO_IDLE_SUBTRACTION,LONG_WINDOW_REPEATED_GENERATION_TO_LOSS_MATERIALIZATION_NOT_SPEEDUP_TIMING
saa.drcet.accuracy_cost_energy_pareto_gpu_h100_energy_long_window.v2.energy_workload_row,merton_jump_diffusion|d=100|method=gpu_raw_mc|paths=2048|repeat=2,merton_jump_diffusion,100,gpu_raw_mc,NVIDIA_GPU_H100_PCIE_LONG_WINDOW_ENERGY,2048,2,10,LONG_WINDOW_NVML_POWER_INTEGRATION,2.0,8.0,40,0.02,2,5543,2.020898576000036,0.3645857073786823,2.027228032000039,49,1.998777472999791,214.11285449230778,0.03862761221221501,107.12142857142857,107.22,462.0,69.0,PASS_NVML_LONG_WINDOW_SAMPLE_COUNT_RELEASE_QUALITY,TOTAL_DEVICE_ENERGY_NO_IDLE_SUBTRACTION,LONG_WINDOW_REPEATED_GENERATION_TO_LOSS_MATERIALIZATION_NOT_SPEEDUP_TIMING
saa.drcet.accuracy_cost_energy_pareto_gpu_h100_energy_long_window.v2.energy_workload_row,merton_jump_diffusion|d=250|method=gpu_antithetic_mc|paths=512|repeat=0,merton_jump_diffusion,250,gpu_antithetic_mc,NVIDIA_GPU_H100_PCIE_LONG_WINDOW_ENERGY,512,0,10,LONG_WINDOW_NVML_POWER_INTEGRATION,2.0,8.0,40,0.02,2,4140,2.0214620060014568,0.48827584686025527,2.032432181000104,49,1.9982835069986322,210.33695661650023,0.05080602816823677,105.27081632653064,107.02,464.0,69.0,PASS_NVML_LONG_WINDOW_SAMPLE_COUNT_RELEASE_QUALITY,TOTAL_DEVICE_ENERGY_NO_IDLE_SUBTRACTION,LONG_WINDOW_REPEATED_GENERATION_TO_LOSS_MATERIALIZATION_NOT_SPEEDUP_TIMING
saa.drcet.accuracy_cost_energy_pareto_gpu_h100_energy_long_window.v2.energy_workload_row,merton_jump_diffusion|d=250|method=gpu_antithetic_mc|paths=512|repeat=1,merton_jump_diffusion,250,gpu_antithetic_mc,NVIDIA_GPU_H100_PCIE_LONG_WINDOW_ENERGY,512,1,10,LONG_WINDOW_NVML_POWER_INTEGRATION,2.0,8.0,40,0.02,2,4131,2.0211500620007428,0.48926411571066153,2.0306599809999852,49,1.9982966900006431,209.07574557518714,0.05061141263015908,104.62714285714284,104.71,464.0,58.0,PASS_NVML_LONG_WINDOW_SAMPLE_COUNT_RELEASE_QUALITY,TOTAL_DEVICE_ENERGY_NO_IDLE_SUBTRACTION,LONG_WINDOW_REPEATED_GENERATION_TO_LOSS_MATERIALIZATION_NOT_SPEEDUP_TIMING
saa.drcet.accuracy_cost_energy_pareto_gpu_h100_energy_long_window.v2.energy_workload_row,merton_jump_diffusion|d=250|method=gpu_antithetic_mc|paths=512|repeat=2,merton_jump_diffusion,250,gpu_antithetic_mc,NVIDIA_GPU_H100_PCIE_LONG_WINDOW_ENERGY,512,2,10,LONG_WINDOW_NVML_POWER_INTEGRATION,2.0,8.0,40,0.02,2,4124,2.021013765999669,0.4900615339475434,2.0315416529999766,49,1.9995607290002226,209.2791004378584,0.05074662959210922,104.66244897959184,104.76,464.0,58.0,PASS_NVML_LONG_WINDOW_SAMPLE_COUNT_RELEASE_QUALITY,TOTAL_DEVICE_ENERGY_NO_IDLE_SUBTRACTION,LONG_WINDOW_REPEATED_GENERATION_TO_LOSS_MATERIALIZATION_NOT_SPEEDUP_TIMING
saa.drcet.accuracy_cost_energy_pareto_gpu_h100_energy_long_window.v2.energy_workload_row,merton_jump_diffusion|d=250|method=gpu_antithetic_mc|paths=2048|repeat=0,merton_jump_diffusion,250,gpu_antithetic_mc,NVIDIA_GPU_H100_PCIE_LONG_WINDOW_ENERGY,2048,0,10,LONG_WINDOW_NVML_POWER_INTEGRATION,2.0,8.0,40,0.02,2,4099,2.029162445000111,0.4950384105879753,2.0297709449999957,48,2.00751585999933,216.06240328746378,0.05271100348559741,107.66895833333335,108.7,470.0,61.0,PASS_NVML_LONG_WINDOW_SAMPLE_COUNT_RELEASE_QUALITY,TOTAL_DEVICE_ENERGY_NO_IDLE_SUBTRACTION,LONG_WINDOW_REPEATED_GENERATION_TO_LOSS_MATERIALIZATION_NOT_SPEEDUP_TIMING
saa.drcet.accuracy_cost_energy_pareto_gpu_h100_energy_long_window.v2.energy_workload_row,merton_jump_diffusion|d=250|method=gpu_antithetic_mc|paths=2048|repeat=1,merton_jump_diffusion,250,gpu_antithetic_mc,NVIDIA_GPU_H100_PCIE_LONG_WINDOW_ENERGY,2048,1,10,LONG_WINDOW_NVML_POWER_INTEGRATION,2.0,8.0,40,0.02,2,4112,2.041332650998811,0.4964330376942634,2.0305395430000317,50,2.0199397550004505,219.2891698833141,0.05332907827901607,108.56,108.75,470.0,60.0,PASS_NVML_LONG_WINDOW_SAMPLE_COUNT_RELEASE_QUALITY,TOTAL_DEVICE_ENERGY_NO_IDLE_SUBTRACTION,LONG_WINDOW_REPEATED_GENERATION_TO_LOSS_MATERIALIZATION_NOT_SPEEDUP_TIMING
saa.drcet.accuracy_cost_energy_pareto_gpu_h100_energy_long_window.v2.energy_workload_row,merton_jump_diffusion|d=250|method=gpu_antithetic_mc|paths=2048|repeat=2,merton_jump_diffusion,250,gpu_antithetic_mc,NVIDIA_GPU_H100_PCIE_LONG_WINDOW_ENERGY,2048,2,10,LONG_WINDOW_NVML_POWER_INTEGRATION,2.0,8.0,40,0.02,2,4102,2.03915527099889,0.4971124502678913,2.032273721000024,50,2.0168497979993845,218.94572588959807,0.053375359797561694,108.5548,108.8,470.0,60.0,PASS_NVML_LONG_WINDOW_SAMPLE_COUNT_RELEASE_QUALITY,TOTAL_DEVICE_ENERGY_NO_IDLE_SUBTRACTION,LONG_WINDOW_REPEATED_GENERATION_TO_LOSS_MATERIALIZATION_NOT_SPEEDUP_TIMING
saa.drcet.accuracy_cost_energy_pareto_gpu_h100_energy_long_window.v2.energy_workload_row,merton_jump_diffusion|d=250|method=gpu_importance_sampling|paths=512|repeat=0,merton_jump_diffusion,250,gpu_importance_sampling,NVIDIA_GPU_H100_PCIE_LONG_WINDOW_ENERGY,512,0,10,LONG_WINDOW_NVML_POWER_INTEGRATION,2.0,8.0,40,0.02,2,4962,2.034161248999226,0.40994785348634133,2.0262856819999797,50,2.0125228939996305,213.1709396769753,0.0429606891731107,105.9298,108.28,462.0,64.0,PASS_NVML_LONG_WINDOW_SAMPLE_COUNT_RELEASE_QUALITY,TOTAL_DEVICE_ENERGY_NO_IDLE_SUBTRACTION,LONG_WINDOW_REPEATED_GENERATION_TO_LOSS_MATERIALIZATION_NOT_SPEEDUP_TIMING
saa.drcet.accuracy_cost_energy_pareto_gpu_h100_energy_long_window.v2.energy_workload_row,merton_jump_diffusion|d=250|method=gpu_importance_sampling|paths=512|repeat=1,merton_jump_diffusion,250,gpu_importance_sampling,NVIDIA_GPU_H100_PCIE_LONG_WINDOW_ENERGY,512,1,10,LONG_WINDOW_NVML_POWER_INTEGRATION,2.0,8.0,40,0.02,2,4941,2.0210168619996693,0.40902992552108264,2.0264908399999513,49,1.9998711150001327,210.32730217342393,0.042567760002716844,105.16877551020409,105.33,462.0,64.0,PASS_NVML_LONG_WINDOW_SAMPLE_COUNT_RELEASE_QUALITY,TOTAL_DEVICE_ENERGY_NO_IDLE_SUBTRACTION,LONG_WINDOW_REPEATED_GENERATION_TO_LOSS_MATERIALIZATION_NOT_SPEEDUP_TIMING
saa.drcet.accuracy_cost_energy_pareto_gpu_h100_energy_long_window.v2.energy_workload_row,merton_jump_diffusion|d=250|method=gpu_importance_sampling|paths=512|repeat=2,merton_jump_diffusion,250,gpu_importance_sampling,NVIDIA_GPU_H100_PCIE_LONG_WINDOW_ENERGY,512,2,10,LONG_WINDOW_NVML_POWER_INTEGRATION,2.0,8.0,40,0.02,2,4945,2.0275228959999367,0.41001474135489113,2.0260608500000217,50,2.0053724919998785,210.99822303571736,0.04266900364726337,105.21699999999998,105.4,462.0,64.0,PASS_NVML_LONG_WINDOW_SAMPLE_COUNT_RELEASE_QUALITY,TOTAL_DEVICE_ENERGY_NO_IDLE_SUBTRACTION,LONG_WINDOW_REPEATED_GENERATION_TO_LOSS_MATERIALIZATION_NOT_SPEEDUP_TIMING
saa.drcet.accuracy_cost_energy_pareto_gpu_h100_energy_long_window.v2.energy_workload_row,merton_jump_diffusion|d=250|method=gpu_importance_sampling|paths=2048|repeat=0,merton_jump_diffusion,250,gpu_importance_sampling,NVIDIA_GPU_H100_PCIE_LONG_WINDOW_ENERGY,2048,0,10,LONG_WINDOW_NVML_POWER_INTEGRATION,2.0,8.0,40,0.02,2,4935,2.027157909999005,0.41077161296839004,2.025563232999957,48,2.005825513000673,215.97879223639154,0.043764699541315406,107.73270833333332,108.64,466.0,69.0,PASS_NVML_LONG_WINDOW_SAMPLE_COUNT_RELEASE_QUALITY,TOTAL_DEVICE_ENERGY_NO_IDLE_SUBTRACTION,LONG_WINDOW_REPEATED_GENERATION_TO_LOSS_MATERIALIZATION_NOT_SPEEDUP_TIMING
saa.drcet.accuracy_cost_energy_pareto_gpu_h100_energy_long_window.v2.energy_workload_row,merton_jump_diffusion|d=250|method=gpu_importance_sampling|paths=2048|repeat=1,merton_jump_diffusion,250,gpu_importance_sampling,NVIDIA_GPU_H100_PCIE_LONG_WINDOW_ENERGY,2048,1,10,LONG_WINDOW_NVML_POWER_INTEGRATION,2.0,8.0,40,0.02,2,4937,2.0380784810004116,0.412817192829737,2.0261508969999795,50,2.0157052369995654,218.6309282899878,0.04428416615150654,108.4614,108.65,466.0,69.0,PASS_NVML_LONG_WINDOW_SAMPLE_COUNT_RELEASE_QUALITY,TOTAL_DEVICE_ENERGY_NO_IDLE_SUBTRACTION,LONG_WINDOW_REPEATED_GENERATION_TO_LOSS_MATERIALIZATION_NOT_SPEEDUP_TIMING
saa.drcet.accuracy_cost_energy_pareto_gpu_h100_energy_long_window.v2.energy_workload_row,merton_jump_diffusion|d=250|method=gpu_importance_sampling|paths=2048|repeat=2,merton_jump_diffusion,250,gpu_importance_sampling,NVIDIA_GPU_H100_PCIE_LONG_WINDOW_ENERGY,2048,2,10,LONG_WINDOW_NVML_POWER_INTEGRATION,2.0,8.0,40,0.02,2,4931,2.0247675120008353,0.4106200592173667,2.0253551289999905,50,2.0034614960004546,217.24934619932398,0.044057867815721755,108.4394,108.73,466.0,68.0,PASS_NVML_LONG_WINDOW_SAMPLE_COUNT_RELEASE_QUALITY,TOTAL_DEVICE_ENERGY_NO_IDLE_SUBTRACTION,LONG_WINDOW_REPEATED_GENERATION_TO_LOSS_MATERIALIZATION_NOT_SPEEDUP_TIMING
saa.drcet.accuracy_cost_energy_pareto_gpu_h100_energy_long_window.v2.energy_workload_row,merton_jump_diffusion|d=250|method=gpu_randomized_qmc_cpu_sobol|paths=512|repeat=0,merton_jump_diffusion,250,gpu_randomized_qmc_cpu_sobol,NVIDIA_GPU_H100_PCIE_LONG_WINDOW_ENERGY,512,0,10,LONG_WINDOW_NVML_POWER_INTEGRATION,2.0,8.0,40,0.02,2,206,2.0398694109990174,9.902278694169988,2.0173940970000785,49,2.0138807889998134,203.69901015051568,0.9888301463617266,101.18122448979592,108.25,462.0,68.0,PASS_NVML_LONG_WINDOW_SAMPLE_COUNT_RELEASE_QUALITY,TOTAL_DEVICE_ENERGY_NO_IDLE_SUBTRACTION,LONG_WINDOW_REPEATED_GENERATION_TO_LOSS_MATERIALIZATION_NOT_SPEEDUP_TIMING
saa.drcet.accuracy_cost_energy_pareto_gpu_h100_energy_long_window.v2.energy_workload_row,merton_jump_diffusion|d=250|method=gpu_randomized_qmc_cpu_sobol|paths=512|repeat=1,merton_jump_diffusion,250,gpu_randomized_qmc_cpu_sobol,NVIDIA_GPU_H100_PCIE_LONG_WINDOW_ENERGY,512,1,10,LONG_WINDOW_NVML_POWER_INTEGRATION,2.0,8.0,40,0.02,2,207,2.0295546659999673,9.80461191304332,2.024745736,48,2.0034866819987656,198.1175661170979,0.9570896913869464,98.88625,98.92,462.0,3.0,PASS_NVML_LONG_WINDOW_SAMPLE_COUNT_RELEASE_QUALITY,TOTAL_DEVICE_ENERGY_NO_IDLE_SUBTRACTION,LONG_WINDOW_REPEATED_GENERATION_TO_LOSS_MATERIALIZATION_NOT_SPEEDUP_TIMING
saa.drcet.accuracy_cost_energy_pareto_gpu_h100_energy_long_window.v2.energy_workload_row,merton_jump_diffusion|d=250|method=gpu_randomized_qmc_cpu_sobol|paths=512|repeat=2,merton_jump_diffusion,250,gpu_randomized_qmc_cpu_sobol,NVIDIA_GPU_H100_PCIE_LONG_WINDOW_ENERGY,512,2,10,LONG_WINDOW_NVML_POWER_INTEGRATION,2.0,8.0,40,0.02,2,207,2.038877799999682,9.849651207727932,2.0251276819999475,49,2.0179225119991315,199.35563716096917,0.9630707109225564,98.79244897959185,98.89,462.0,3.0,PASS_NVML_LONG_WINDOW_SAMPLE_COUNT_RELEASE_QUALITY,TOTAL_DEVICE_ENERGY_NO_IDLE_SUBTRACTION,LONG_WINDOW_REPEATED_GENERATION_TO_LOSS_MATERIALIZATION_NOT_SPEEDUP_TIMING
saa.drcet.accuracy_cost_energy_pareto_gpu_h100_energy_long_window.v2.energy_workload_row,merton_jump_diffusion|d=250|method=gpu_randomized_qmc_cpu_sobol|paths=2048|repeat=0,merton_jump_diffusion,250,gpu_randomized_qmc_cpu_sobol,NVIDIA_GPU_H100_PCIE_LONG_WINDOW_ENERGY,2048,0,10,LONG_WINDOW_NVML_POWER_INTEGRATION,2.0,8.0,40,0.02,2,58,2.051565648000178,35.37182151724445,2.0423607330000095,50,2.03022042900011,200.09364165703562,3.449890373397166,98.5588,98.75,466.0,1.0,PASS_NVML_LONG_WINDOW_SAMPLE_COUNT_RELEASE_QUALITY,TOTAL_DEVICE_ENERGY_NO_IDLE_SUBTRACTION,LONG_WINDOW_REPEATED_GENERATION_TO_LOSS_MATERIALIZATION_NOT_SPEEDUP_TIMING
saa.drcet.accuracy_cost_energy_pareto_gpu_h100_energy_long_window.v2.energy_workload_row,merton_jump_diffusion|d=250|method=gpu_randomized_qmc_cpu_sobol|paths=2048|repeat=1,merton_jump_diffusion,250,gpu_randomized_qmc_cpu_sobol,NVIDIA_GPU_H100_PCIE_LONG_WINDOW_ENERGY,2048,1,10,LONG_WINDOW_NVML_POWER_INTEGRATION,2.0,8.0,40,0.02,2,58,2.0516715200010367,35.373646896569596,2.0442621350000536,50,2.030301722999866,199.98359550032674,3.4479930258677025,98.49939999999998,98.52,466.0,1.0,PASS_NVML_LONG_WINDOW_SAMPLE_COUNT_RELEASE_QUALITY,TOTAL_DEVICE_ENERGY_NO_IDLE_SUBTRACTION,LONG_WINDOW_REPEATED_GENERATION_TO_LOSS_MATERIALIZATION_NOT_SPEEDUP_TIMING
saa.drcet.accuracy_cost_energy_pareto_gpu_h100_energy_long_window.v2.energy_workload_row,merton_jump_diffusion|d=250|method=gpu_randomized_qmc_cpu_sobol|paths=2048|repeat=2,merton_jump_diffusion,250,gpu_randomized_qmc_cpu_sobol,NVIDIA_GPU_H100_PCIE_LONG_WINDOW_ENERGY,2048,2,10,LONG_WINDOW_NVML_POWER_INTEGRATION,2.0,8.0,40,0.02,2,57,2.0223554789990885,35.47992068419453,2.019251848000067,49,2.0007193719993666,197.0521174832826,3.457054692689168,98.49061224489795,98.5,466.0,1.0,PASS_NVML_LONG_WINDOW_SAMPLE_COUNT_RELEASE_QUALITY,TOTAL_DEVICE_ENERGY_NO_IDLE_SUBTRACTION,LONG_WINDOW_REPEATED_GENERATION_TO_LOSS_MATERIALIZATION_NOT_SPEEDUP_TIMING
saa.drcet.accuracy_cost_energy_pareto_gpu_h100_energy_long_window.v2.energy_workload_row,merton_jump_diffusion|d=250|method=gpu_raw_mc|paths=512|repeat=0,merton_jump_diffusion,250,gpu_raw_mc,NVIDIA_GPU_H100_PCIE_LONG_WINDOW_ENERGY,512,0,10,LONG_WINDOW_NVML_POWER_INTEGRATION,2.0,8.0,40,0.02,2,5537,2.0375081680012954,0.3679805251943824,2.0281830950000312,50,2.016011689998777,209.27598644755014,0.03779591591973093,103.78280000000001,105.62,462.0,68.0,PASS_NVML_LONG_WINDOW_SAMPLE_COUNT_RELEASE_QUALITY,TOTAL_DEVICE_ENERGY_NO_IDLE_SUBTRACTION,LONG_WINDOW_REPEATED_GENERATION_TO_LOSS_MATERIALIZATION_NOT_SPEEDUP_TIMING
saa.drcet.accuracy_cost_energy_pareto_gpu_h100_energy_long_window.v2.energy_workload_row,merton_jump_diffusion|d=250|method=gpu_raw_mc|paths=512|repeat=1,merton_jump_diffusion,250,gpu_raw_mc,NVIDIA_GPU_H100_PCIE_LONG_WINDOW_ENERGY,512,1,10,LONG_WINDOW_NVML_POWER_INTEGRATION,2.0,8.0,40,0.02,2,5549,2.028044098000464,0.36547920309974125,2.0259771110000884,50,2.006944310000108,211.60540555736648,0.03813397108620769,105.4382,105.67,462.0,67.0,PASS_NVML_LONG_WINDOW_SAMPLE_COUNT_RELEASE_QUALITY,TOTAL_DEVICE_ENERGY_NO_IDLE_SUBTRACTION,LONG_WINDOW_REPEATED_GENERATION_TO_LOSS_MATERIALIZATION_NOT_SPEEDUP_TIMING
saa.drcet.accuracy_cost_energy_pareto_gpu_h100_energy_long_window.v2.energy_workload_row,merton_jump_diffusion|d=250|method=gpu_raw_mc|paths=512|repeat=2,merton_jump_diffusion,250,gpu_raw_mc,NVIDIA_GPU_H100_PCIE_LONG_WINDOW_ENERGY,512,2,10,LONG_WINDOW_NVML_POWER_INTEGRATION,2.0,8.0,40,0.02,2,5384,2.0261225960002776,0.37632291901936804,2.0277380180000364,48,2.0036757509988092,211.1484135519296,0.03921775883208202,105.37770833333332,105.51,462.0,68.0,PASS_NVML_LONG_WINDOW_SAMPLE_COUNT_RELEASE_QUALITY,TOTAL_DEVICE_ENERGY_NO_IDLE_SUBTRACTION,LONG_WINDOW_REPEATED_GENERATION_TO_LOSS_MATERIALIZATION_NOT_SPEEDUP_TIMING
saa.drcet.accuracy_cost_energy_pareto_gpu_h100_energy_long_window.v2.energy_workload_row,merton_jump_diffusion|d=250|method=gpu_raw_mc|paths=2048|repeat=0,merton_jump_diffusion,250,gpu_raw_mc,NVIDIA_GPU_H100_PCIE_LONG_WINDOW_ENERGY,2048,0,10,LONG_WINDOW_NVML_POWER_INTEGRATION,2.0,8.0,40,0.02,2,5287,2.0206519849998585,0.3821925449214788,2.02624627900002,49,1.9978173590006918,215.44062155505213,0.040749124561197676,107.82693877551023,108.85,466.0,69.0,PASS_NVML_LONG_WINDOW_SAMPLE_COUNT_RELEASE_QUALITY,TOTAL_DEVICE_ENERGY_NO_IDLE_SUBTRACTION,LONG_WINDOW_REPEATED_GENERATION_TO_LOSS_MATERIALIZATION_NOT_SPEEDUP_TIMING
saa.drcet.accuracy_cost_energy_pareto_gpu_h100_energy_long_window.v2.energy_workload_row,merton_jump_diffusion|d=250|method=gpu_raw_mc|paths=2048|repeat=1,merton_jump_diffusion,250,gpu_raw_mc,NVIDIA_GPU_H100_PCIE_LONG_WINDOW_ENERGY,2048,1,10,LONG_WINDOW_NVML_POWER_INTEGRATION,2.0,8.0,40,0.02,2,5295,2.0209726159991988,0.3816756593010763,2.0258798759999763,49,1.9993458070002816,217.43290195898058,0.041063815289703605,108.74979591836734,108.91,466.0,69.0,PASS_NVML_LONG_WINDOW_SAMPLE_COUNT_RELEASE_QUALITY,TOTAL_DEVICE_ENERGY_NO_IDLE_SUBTRACTION,LONG_WINDOW_REPEATED_GENERATION_TO_LOSS_MATERIALIZATION_NOT_SPEEDUP_TIMING
saa.drcet.accuracy_cost_energy_pareto_gpu_h100_energy_long_window.v2.energy_workload_row,merton_jump_diffusion|d=250|method=gpu_raw_mc|paths=2048|repeat=2,merton_jump_diffusion,250,gpu_raw_mc,NVIDIA_GPU_H100_PCIE_LONG_WINDOW_ENERGY,2048,2,10,LONG_WINDOW_NVML_POWER_INTEGRATION,2.0,8.0,40,0.02,2,5482,2.039902042999529,0.37210909211957843,2.026817274999985,50,2.0189784840003995,220.20667871480816,0.040169040261730786,109.0652,109.46,466.0,72.0,PASS_NVML_LONG_WINDOW_SAMPLE_COUNT_RELEASE_QUALITY,TOTAL_DEVICE_ENERGY_NO_IDLE_SUBTRACTION,LONG_WINDOW_REPEATED_GENERATION_TO_LOSS_MATERIALIZATION_NOT_SPEEDUP_TIMING
saa.drcet.accuracy_cost_energy_pareto_gpu_h100_energy_long_window.v2.energy_workload_row,merton_jump_diffusion|d=500|method=gpu_antithetic_mc|paths=512|repeat=0,merton_jump_diffusion,500,gpu_antithetic_mc,NVIDIA_GPU_H100_PCIE_LONG_WINDOW_ENERGY,512,0,10,LONG_WINDOW_NVML_POWER_INTEGRATION,2.0,8.0,40,0.02,2,4102,2.0208589099984238,0.492652098975725,2.0338928529999976,49,1.9988742139994429,212.6011038546345,0.05182864550332386,106.37306122448979,108.93,466.0,59.0,PASS_NVML_LONG_WINDOW_SAMPLE_COUNT_RELEASE_QUALITY,TOTAL_DEVICE_ENERGY_NO_IDLE_SUBTRACTION,LONG_WINDOW_REPEATED_GENERATION_TO_LOSS_MATERIALIZATION_NOT_SPEEDUP_TIMING
saa.drcet.accuracy_cost_energy_pareto_gpu_h100_energy_long_window.v2.energy_workload_row,merton_jump_diffusion|d=500|method=gpu_antithetic_mc|paths=512|repeat=1,merton_jump_diffusion,500,gpu_antithetic_mc,NVIDIA_GPU_H100_PCIE_LONG_WINDOW_ENERGY,512,1,10,LONG_WINDOW_NVML_POWER_INTEGRATION,2.0,8.0,40,0.02,2,4095,2.0360878289993707,0.49721314505479136,2.0315524419999065,50,2.0143118019987014,212.512413144753,0.05189558318553187,105.499,105.6,466.0,59.0,PASS_NVML_LONG_WINDOW_SAMPLE_COUNT_RELEASE_QUALITY,TOTAL_DEVICE_ENERGY_NO_IDLE_SUBTRACTION,LONG_WINDOW_REPEATED_GENERATION_TO_LOSS_MATERIALIZATION_NOT_SPEEDUP_TIMING
saa.drcet.accuracy_cost_energy_pareto_gpu_h100_energy_long_window.v2.energy_workload_row,merton_jump_diffusion|d=500|method=gpu_antithetic_mc|paths=512|repeat=2,merton_jump_diffusion,500,gpu_antithetic_mc,NVIDIA_GPU_H100_PCIE_LONG_WINDOW_ENERGY,512,2,10,LONG_WINDOW_NVML_POWER_INTEGRATION,2.0,8.0,40,0.02,2,4099,2.0213622720002604,0.4931354652354868,2.031000701000039,48,1.9996577540005092,210.84825412452378,0.05143894953025708,105.43708333333332,105.59,466.0,59.0,PASS_NVML_LONG_WINDOW_SAMPLE_COUNT_RELEASE_QUALITY,TOTAL_DEVICE_ENERGY_NO_IDLE_SUBTRACTION,LONG_WINDOW_REPEATED_GENERATION_TO_LOSS_MATERIALIZATION_NOT_SPEEDUP_TIMING
saa.drcet.accuracy_cost_energy_pareto_gpu_h100_energy_long_window.v2.energy_workload_row,merton_jump_diffusion|d=500|method=gpu_antithetic_mc|paths=2048|repeat=0,merton_jump_diffusion,500,gpu_antithetic_mc,NVIDIA_GPU_H100_PCIE_LONG_WINDOW_ENERGY,2048,0,10,LONG_WINDOW_NVML_POWER_INTEGRATION,2.0,8.0,40,0.02,2,4105,2.034404149000693,0.4955917537151506,2.0299822309999627,50,2.0123965699986,221.34451774731687,0.053920710778883524,109.9794,111.6,478.0,63.0,PASS_NVML_LONG_WINDOW_SAMPLE_COUNT_RELEASE_QUALITY,TOTAL_DEVICE_ENERGY_NO_IDLE_SUBTRACTION,LONG_WINDOW_REPEATED_GENERATION_TO_LOSS_MATERIALIZATION_NOT_SPEEDUP_TIMING
saa.drcet.accuracy_cost_energy_pareto_gpu_h100_energy_long_window.v2.energy_workload_row,merton_jump_diffusion|d=500|method=gpu_antithetic_mc|paths=2048|repeat=1,merton_jump_diffusion,500,gpu_antithetic_mc,NVIDIA_GPU_H100_PCIE_LONG_WINDOW_ENERGY,2048,1,10,LONG_WINDOW_NVML_POWER_INTEGRATION,2.0,8.0,40,0.02,2,4057,2.0212326090004353,0.498208678580339,2.0352650329999733,49,1.9997606799988716,222.25043395406976,0.054781965480421434,111.14265306122448,111.5,478.0,63.0,PASS_NVML_LONG_WINDOW_SAMPLE_COUNT_RELEASE_QUALITY,TOTAL_DEVICE_ENERGY_NO_IDLE_SUBTRACTION,LONG_WINDOW_REPEATED_GENERATION_TO_LOSS_MATERIALIZATION_NOT_SPEEDUP_TIMING
saa.drcet.accuracy_cost_energy_pareto_gpu_h100_energy_long_window.v2.energy_workload_row,merton_jump_diffusion|d=500|method=gpu_antithetic_mc|paths=2048|repeat=2,merton_jump_diffusion,500,gpu_antithetic_mc,NVIDIA_GPU_H100_PCIE_LONG_WINDOW_ENERGY,2048,2,10,LONG_WINDOW_NVML_POWER_INTEGRATION,2.0,8.0,40,0.02,2,4045,2.0216401889992994,0.4997874385659578,2.0340909730000476,49,2.0010444470008224,222.69128738784147,0.05505347030601767,111.28836734693878,111.43,478.0,63.0,PASS_NVML_LONG_WINDOW_SAMPLE_COUNT_RELEASE_QUALITY,TOTAL_DEVICE_ENERGY_NO_IDLE_SUBTRACTION,LONG_WINDOW_REPEATED_GENERATION_TO_LOSS_MATERIALIZATION_NOT_SPEEDUP_TIMING
saa.drcet.accuracy_cost_energy_pareto_gpu_h100_energy_long_window.v2.energy_workload_row,merton_jump_diffusion|d=500|method=gpu_importance_sampling|paths=512|repeat=0,merton_jump_diffusion,500,gpu_importance_sampling,NVIDIA_GPU_H100_PCIE_LONG_WINDOW_ENERGY,512,0,10,LONG_WINDOW_NVML_POWER_INTEGRATION,2.0,8.0,40,0.02,2,4964,2.0322692110003118,0.40940153323938594,2.0264148630000136,50,2.0098520960000315,215.60485139691397,0.04343369286803263,107.2816,111.13,464.0,66.0,PASS_NVML_LONG_WINDOW_SAMPLE_COUNT_RELEASE_QUALITY,TOTAL_DEVICE_ENERGY_NO_IDLE_SUBTRACTION,LONG_WINDOW_REPEATED_GENERATION_TO_LOSS_MATERIALIZATION_NOT_SPEEDUP_TIMING
saa.drcet.accuracy_cost_energy_pareto_gpu_h100_energy_long_window.v2.energy_workload_row,merton_jump_diffusion|d=500|method=gpu_importance_sampling|paths=512|repeat=1,merton_jump_diffusion,500,gpu_importance_sampling,NVIDIA_GPU_H100_PCIE_LONG_WINDOW_ENERGY,512,1,10,LONG_WINDOW_NVML_POWER_INTEGRATION,2.0,8.0,40,0.02,2,4947,2.034118658000807,0.4111822635942606,2.026361685000097,50,2.0126359469995805,213.1751294712204,0.04309179896325458,105.91659999999997,106.1,464.0,66.0,PASS_NVML_LONG_WINDOW_SAMPLE_COUNT_RELEASE_QUALITY,TOTAL_DEVICE_ENERGY_NO_IDLE_SUBTRACTION,LONG_WINDOW_REPEATED_GENERATION_TO_LOSS_MATERIALIZATION_NOT_SPEEDUP_TIMING
saa.drcet.accuracy_cost_energy_pareto_gpu_h100_energy_long_window.v2.energy_workload_row,merton_jump_diffusion|d=500|method=gpu_importance_sampling|paths=512|repeat=2,merton_jump_diffusion,500,gpu_importance_sampling,NVIDIA_GPU_H100_PCIE_LONG_WINDOW_ENERGY,512,2,10,LONG_WINDOW_NVML_POWER_INTEGRATION,2.0,8.0,40,0.02,2,4962,2.0209516459999577,0.4072857005239737,2.0252650509999057,48,1.9992033799990168,211.67768010506077,0.04265975012193889,105.87541666666665,106.07,464.0,66.0,PASS_NVML_LONG_WINDOW_SAMPLE_COUNT_RELEASE_QUALITY,TOTAL_DEVICE_ENERGY_NO_IDLE_SUBTRACTION,LONG_WINDOW_REPEATED_GENERATION_TO_LOSS_MATERIALIZATION_NOT_SPEEDUP_TIMING
saa.drcet.accuracy_cost_energy_pareto_gpu_h100_energy_long_window.v2.energy_workload_row,merton_jump_diffusion|d=500|method=gpu_importance_sampling|paths=2048|repeat=0,merton_jump_diffusion,500,gpu_importance_sampling,NVIDIA_GPU_H100_PCIE_LONG_WINDOW_ENERGY,2048,0,10,LONG_WINDOW_NVML_POWER_INTEGRATION,2.0,8.0,40,0.02,2,4930,2.0280142499996145,0.4113619168356216,2.0249079419999134,50,2.0064684389999456,220.86654838264485,0.04480051691331539,110.0534,111.61,470.0,73.0,PASS_NVML_LONG_WINDOW_SAMPLE_COUNT_RELEASE_QUALITY,TOTAL_DEVICE_ENERGY_NO_IDLE_SUBTRACTION,LONG_WINDOW_REPEATED_GENERATION_TO_LOSS_MATERIALIZATION_NOT_SPEEDUP_TIMING
saa.drcet.accuracy_cost_energy_pareto_gpu_h100_energy_long_window.v2.energy_workload_row,merton_jump_diffusion|d=500|method=gpu_importance_sampling|paths=2048|repeat=1,merton_jump_diffusion,500,gpu_importance_sampling,NVIDIA_GPU_H100_PCIE_LONG_WINDOW_ENERGY,2048,1,10,LONG_WINDOW_NVML_POWER_INTEGRATION,2.0,8.0,40,0.02,2,4928,2.028985836999709,0.41172602211844744,2.025014611000074,50,2.00715554099952,223.4319593644417,0.04533927746843379,111.3142,111.62,470.0,73.0,PASS_NVML_LONG_WINDOW_SAMPLE_COUNT_RELEASE_QUALITY,TOTAL_DEVICE_ENERGY_NO_IDLE_SUBTRACTION,LONG_WINDOW_REPEATED_GENERATION_TO_LOSS_MATERIALIZATION_NOT_SPEEDUP_TIMING
saa.drcet.accuracy_cost_energy_pareto_gpu_h100_energy_long_window.v2.energy_workload_row,merton_jump_diffusion|d=500|method=gpu_importance_sampling|paths=2048|repeat=2,merton_jump_diffusion,500,gpu_importance_sampling,NVIDIA_GPU_H100_PCIE_LONG_WINDOW_ENERGY,2048,2,10,LONG_WINDOW_NVML_POWER_INTEGRATION,2.0,8.0,40,0.02,2,4928,2.0350197829993704,0.4129504429787683,2.0263819519999515,50,2.0140339030003815,224.40699411550253,0.04553713354616529,111.41739999999999,111.68,470.0,73.0,PASS_NVML_LONG_WINDOW_SAMPLE_COUNT_RELEASE_QUALITY,TOTAL_DEVICE_ENERGY_NO_IDLE_SUBTRACTION,LONG_WINDOW_REPEATED_GENERATION_TO_LOSS_MATERIALIZATION_NOT_SPEEDUP_TIMING
saa.drcet.accuracy_cost_energy_pareto_gpu_h100_energy_long_window.v2.energy_workload_row,merton_jump_diffusion|d=500|method=gpu_randomized_qmc_cpu_sobol|paths=512|repeat=0,merton_jump_diffusion,500,gpu_randomized_qmc_cpu_sobol,NVIDIA_GPU_H100_PCIE_LONG_WINDOW_ENERGY,512,0,10,LONG_WINDOW_NVML_POWER_INTEGRATION,2.0,8.0,40,0.02,2,107,2.03888690399981,19.055017794390746,2.016716906000056,47,2.007168312999056,203.69513080397505,1.9036928112521032,101.52212765957447,110.36,464.0,10.0,PASS_NVML_LONG_WINDOW_SAMPLE_COUNT_RELEASE_QUALITY,TOTAL_DEVICE_ENERGY_NO_IDLE_SUBTRACTION,LONG_WINDOW_REPEATED_GENERATION_TO_LOSS_MATERIALIZATION_NOT_SPEEDUP_TIMING
saa.drcet.accuracy_cost_energy_pareto_gpu_h100_energy_long_window.v2.energy_workload_row,merton_jump_diffusion|d=500|method=gpu_randomized_qmc_cpu_sobol|paths=512|repeat=1,merton_jump_diffusion,500,gpu_randomized_qmc_cpu_sobol,NVIDIA_GPU_H100_PCIE_LONG_WINDOW_ENERGY,512,1,10,LONG_WINDOW_NVML_POWER_INTEGRATION,2.0,8.0,40,0.02,2,107,2.040808301000652,19.072974775707028,2.017272544000093,47,2.0092227179993642,198.2622934865872,1.8529186307157681,98.67659574468085,98.77,464.0,2.0,PASS_NVML_LONG_WINDOW_SAMPLE_COUNT_RELEASE_QUALITY,TOTAL_DEVICE_ENERGY_NO_IDLE_SUBTRACTION,LONG_WINDOW_REPEATED_GENERATION_TO_LOSS_MATERIALIZATION_NOT_SPEEDUP_TIMING
saa.drcet.accuracy_cost_energy_pareto_gpu_h100_energy_long_window.v2.energy_workload_row,merton_jump_diffusion|d=500|method=gpu_randomized_qmc_cpu_sobol|paths=512|repeat=2,merton_jump_diffusion,500,gpu_randomized_qmc_cpu_sobol,NVIDIA_GPU_H100_PCIE_LONG_WINDOW_ENERGY,512,2,10,LONG_WINDOW_NVML_POWER_INTEGRATION,2.0,8.0,40,0.02,2,107,2.0220600360007666,18.897757345801555,2.017270066999913,45,1.9904813030007062,196.27811934868967,1.8343749471840156,98.6068888888889,98.67,464.0,2.0,PASS_NVML_LONG_WINDOW_SAMPLE_COUNT_RELEASE_QUALITY,TOTAL_DEVICE_ENERGY_NO_IDLE_SUBTRACTION,LONG_WINDOW_REPEATED_GENERATION_TO_LOSS_MATERIALIZATION_NOT_SPEEDUP_TIMING
saa.drcet.accuracy_cost_energy_pareto_gpu_h100_energy_long_window.v2.energy_workload_row,merton_jump_diffusion|d=500|method=gpu_randomized_qmc_cpu_sobol|paths=2048|repeat=0,merton_jump_diffusion,500,gpu_randomized_qmc_cpu_sobol,NVIDIA_GPU_H100_PCIE_LONG_WINDOW_ENERGY,2048,0,10,LONG_WINDOW_NVML_POWER_INTEGRATION,2.0,8.0,40,0.02,2,41,2.041236522998588,49.78625665850215,2.0322466710000526,43,2.0196933740007808,199.01487099239193,4.854021243716876,98.53720930232559,98.56,470.0,1.0,PASS_NVML_LONG_WINDOW_SAMPLE_COUNT_RELEASE_QUALITY,TOTAL_DEVICE_ENERGY_NO_IDLE_SUBTRACTION,LONG_WINDOW_REPEATED_GENERATION_TO_LOSS_MATERIALIZATION_NOT_SPEEDUP_TIMING
saa.drcet.accuracy_cost_energy_pareto_gpu_h100_energy_long_window.v2.energy_workload_row,merton_jump_diffusion|d=500|method=gpu_randomized_qmc_cpu_sobol|paths=2048|repeat=1,merton_jump_diffusion,500,gpu_randomized_qmc_cpu_sobol,NVIDIA_GPU_H100_PCIE_LONG_WINDOW_ENERGY,2048,1,10,LONG_WINDOW_NVML_POWER_INTEGRATION,2.0,8.0,40,0.02,2,41,2.038417195000875,49.71749256099695,2.02924325999993,43,2.017258824000237,198.76915699565822,4.848028219406298,98.53395348837209,98.56,470.0,1.0,PASS_NVML_LONG_WINDOW_SAMPLE_COUNT_RELEASE_QUALITY,TOTAL_DEVICE_ENERGY_NO_IDLE_SUBTRACTION,LONG_WINDOW_REPEATED_GENERATION_TO_LOSS_MATERIALIZATION_NOT_SPEEDUP_TIMING
saa.drcet.accuracy_cost_energy_pareto_gpu_h100_energy_long_window.v2.energy_workload_row,merton_jump_diffusion|d=500|method=gpu_randomized_qmc_cpu_sobol|paths=2048|repeat=2,merton_jump_diffusion,500,gpu_randomized_qmc_cpu_sobol,NVIDIA_GPU_H100_PCIE_LONG_WINDOW_ENERGY,2048,2,10,LONG_WINDOW_NVML_POWER_INTEGRATION,2.0,8.0,40,0.02,2,41,2.0358408619995316,49.65465517072028,2.031720005000011,43,2.0145299430005252,198.44708859885174,4.840172892654921,98.5079069767442,98.52,470.0,1.0,PASS_NVML_LONG_WINDOW_SAMPLE_COUNT_RELEASE_QUALITY,TOTAL_DEVICE_ENERGY_NO_IDLE_SUBTRACTION,LONG_WINDOW_REPEATED_GENERATION_TO_LOSS_MATERIALIZATION_NOT_SPEEDUP_TIMING
saa.drcet.accuracy_cost_energy_pareto_gpu_h100_energy_long_window.v2.energy_workload_row,merton_jump_diffusion|d=500|method=gpu_raw_mc|paths=512|repeat=0,merton_jump_diffusion,500,gpu_raw_mc,NVIDIA_GPU_H100_PCIE_LONG_WINDOW_ENERGY,512,0,10,LONG_WINDOW_NVML_POWER_INTEGRATION,2.0,8.0,40,0.02,2,5557,2.0288270239998383,0.365093939895598,2.026352062000001,50,2.007839841999157,209.7563748710036,0.037746333430088826,104.4464,106.49,464.0,69.0,PASS_NVML_LONG_WINDOW_SAMPLE_COUNT_RELEASE_QUALITY,TOTAL_DEVICE_ENERGY_NO_IDLE_SUBTRACTION,LONG_WINDOW_REPEATED_GENERATION_TO_LOSS_MATERIALIZATION_NOT_SPEEDUP_TIMING
saa.drcet.accuracy_cost_energy_pareto_gpu_h100_energy_long_window.v2.energy_workload_row,merton_jump_diffusion|d=500|method=gpu_raw_mc|paths=512|repeat=1,merton_jump_diffusion,500,gpu_raw_mc,NVIDIA_GPU_H100_PCIE_LONG_WINDOW_ENERGY,512,1,10,LONG_WINDOW_NVML_POWER_INTEGRATION,2.0,8.0,40,0.02,2,5563,2.0363342849996116,0.36604966474916617,2.025910129999943,50,2.0147823249990324,214.332593800357,0.03852823904374564,106.37840000000001,106.56,464.0,69.0,PASS_NVML_LONG_WINDOW_SAMPLE_COUNT_RELEASE_QUALITY,TOTAL_DEVICE_ENERGY_NO_IDLE_SUBTRACTION,LONG_WINDOW_REPEATED_GENERATION_TO_LOSS_MATERIALIZATION_NOT_SPEEDUP_TIMING
saa.drcet.accuracy_cost_energy_pareto_gpu_h100_energy_long_window.v2.energy_workload_row,merton_jump_diffusion|d=500|method=gpu_raw_mc|paths=512|repeat=2,merton_jump_diffusion,500,gpu_raw_mc,NVIDIA_GPU_H100_PCIE_LONG_WINDOW_ENERGY,512,2,10,LONG_WINDOW_NVML_POWER_INTEGRATION,2.0,8.0,40,0.02,2,5560,2.020572589999574,0.3634123363308587,2.0246309569999994,48,1.9997284870005387,212.70414311354244,0.03825614084775943,106.37124999999999,106.56,464.0,70.0,PASS_NVML_LONG_WINDOW_SAMPLE_COUNT_RELEASE_QUALITY,TOTAL_DEVICE_ENERGY_NO_IDLE_SUBTRACTION,LONG_WINDOW_REPEATED_GENERATION_TO_LOSS_MATERIALIZATION_NOT_SPEEDUP_TIMING
saa.drcet.accuracy_cost_energy_pareto_gpu_h100_energy_long_window.v2.energy_workload_row,merton_jump_diffusion|d=500|method=gpu_raw_mc|paths=2048|repeat=0,merton_jump_diffusion,500,gpu_raw_mc,NVIDIA_GPU_H100_PCIE_LONG_WINDOW_ENERGY,2048,0,10,LONG_WINDOW_NVML_POWER_INTEGRATION,2.0,8.0,40,0.02,2,5523,2.0242217110007914,0.3665076427667556,2.02468494499999,50,2.002634329999637,222.17478897577732,0.04022719336878097,110.925,112.58,470.0,77.0,PASS_NVML_LONG_WINDOW_SAMPLE_COUNT_RELEASE_QUALITY,TOTAL_DEVICE_ENERGY_NO_IDLE_SUBTRACTION,LONG_WINDOW_REPEATED_GENERATION_TO_LOSS_MATERIALIZATION_NOT_SPEEDUP_TIMING
saa.drcet.accuracy_cost_energy_pareto_gpu_h100_energy_long_window.v2.energy_workload_row,merton_jump_diffusion|d=500|method=gpu_raw_mc|paths=2048|repeat=1,merton_jump_diffusion,500,gpu_raw_mc,NVIDIA_GPU_H100_PCIE_LONG_WINDOW_ENERGY,2048,1,10,LONG_WINDOW_NVML_POWER_INTEGRATION,2.0,8.0,40,0.02,2,5548,2.0214657100004843,0.3643593565249611,2.0251287769999635,49,1.9981152639993525,224.64943782277226,0.04049196788442182,112.43,112.72,470.0,78.0,PASS_NVML_LONG_WINDOW_SAMPLE_COUNT_RELEASE_QUALITY,TOTAL_DEVICE_ENERGY_NO_IDLE_SUBTRACTION,LONG_WINDOW_REPEATED_GENERATION_TO_LOSS_MATERIALIZATION_NOT_SPEEDUP_TIMING
saa.drcet.accuracy_cost_energy_pareto_gpu_h100_energy_long_window.v2.energy_workload_row,merton_jump_diffusion|d=500|method=gpu_raw_mc|paths=2048|repeat=2,merton_jump_diffusion,500,gpu_raw_mc,NVIDIA_GPU_H100_PCIE_LONG_WINDOW_ENERGY,2048,2,10,LONG_WINDOW_NVML_POWER_INTEGRATION,2.0,8.0,40,0.02,2,5538,2.03774224800145,0.36795634669581984,2.0263185640000074,50,2.0163861349992658,226.80985567807264,0.04095519243013229,112.47999999999998,112.66,470.0,77.0,PASS_NVML_LONG_WINDOW_SAMPLE_COUNT_RELEASE_QUALITY,TOTAL_DEVICE_ENERGY_NO_IDLE_SUBTRACTION,LONG_WINDOW_REPEATED_GENERATION_TO_LOSS_MATERIALIZATION_NOT_SPEEDUP_TIMING
saa.drcet.accuracy_cost_energy_pareto_gpu_h100_energy_long_window.v2.energy_workload_row,merton_jump_diffusion|d=1000|method=gpu_antithetic_mc|paths=512|repeat=0,merton_jump_diffusion,1000,gpu_antithetic_mc,NVIDIA_GPU_H100_PCIE_LONG_WINDOW_ENERGY,512,0,10,LONG_WINDOW_NVML_POWER_INTEGRATION,2.0,8.0,40,0.02,2,4120,2.0374654779989214,0.49453045582498095,2.0314257890000817,50,2.0168234440006927,219.57506786317464,0.05329491938426569,108.87939999999999,112.1,470.0,77.0,PASS_NVML_LONG_WINDOW_SAMPLE_COUNT_RELEASE_QUALITY,TOTAL_DEVICE_ENERGY_NO_IDLE_SUBTRACTION,LONG_WINDOW_REPEATED_GENERATION_TO_LOSS_MATERIALIZATION_NOT_SPEEDUP_TIMING
saa.drcet.accuracy_cost_energy_pareto_gpu_h100_energy_long_window.v2.energy_workload_row,merton_jump_diffusion|d=1000|method=gpu_antithetic_mc|paths=512|repeat=1,merton_jump_diffusion,1000,gpu_antithetic_mc,NVIDIA_GPU_H100_PCIE_LONG_WINDOW_ENERGY,512,1,10,LONG_WINDOW_NVML_POWER_INTEGRATION,2.0,8.0,40,0.02,2,4107,2.0265243899993948,0.49343179693191985,2.0288327909998998,50,2.0056404570004815,216.06571089737707,0.05260913340574071,107.72820000000002,107.94,470.0,60.0,PASS_NVML_LONG_WINDOW_SAMPLE_COUNT_RELEASE_QUALITY,TOTAL_DEVICE_ENERGY_NO_IDLE_SUBTRACTION,LONG_WINDOW_REPEATED_GENERATION_TO_LOSS_MATERIALIZATION_NOT_SPEEDUP_TIMING
saa.drcet.accuracy_cost_energy_pareto_gpu_h100_energy_long_window.v2.energy_workload_row,merton_jump_diffusion|d=1000|method=gpu_antithetic_mc|paths=512|repeat=2,merton_jump_diffusion,1000,gpu_antithetic_mc,NVIDIA_GPU_H100_PCIE_LONG_WINDOW_ENERGY,512,2,10,LONG_WINDOW_NVML_POWER_INTEGRATION,2.0,8.0,40,0.02,2,4114,2.022922080999706,0.49171659722890276,2.0274797639999633,48,2.002657306000401,215.78359891077827,0.05245104494671324,107.75354166666666,107.92,470.0,61.0,PASS_NVML_LONG_WINDOW_SAMPLE_COUNT_RELEASE_QUALITY,TOTAL_DEVICE_ENERGY_NO_IDLE_SUBTRACTION,LONG_WINDOW_REPEATED_GENERATION_TO_LOSS_MATERIALIZATION_NOT_SPEEDUP_TIMING
saa.drcet.accuracy_cost_energy_pareto_gpu_h100_energy_long_window.v2.energy_workload_row,merton_jump_diffusion|d=1000|method=gpu_antithetic_mc|paths=2048|repeat=0,merton_jump_diffusion,1000,gpu_antithetic_mc,NVIDIA_GPU_H100_PCIE_LONG_WINDOW_ENERGY,2048,0,10,LONG_WINDOW_NVML_POWER_INTEGRATION,2.0,8.0,40,0.02,2,3912,2.021665035999831,0.5167855408997524,2.029939872,48,1.9980197189997853,233.45367618168638,0.059676297592455615,116.79583333333333,119.99,494.0,71.0,PASS_NVML_LONG_WINDOW_SAMPLE_COUNT_RELEASE_QUALITY,TOTAL_DEVICE_ENERGY_NO_IDLE_SUBTRACTION,LONG_WINDOW_REPEATED_GENERATION_TO_LOSS_MATERIALIZATION_NOT_SPEEDUP_TIMING
saa.drcet.accuracy_cost_energy_pareto_gpu_h100_energy_long_window.v2.energy_workload_row,merton_jump_diffusion|d=1000|method=gpu_antithetic_mc|paths=2048|repeat=1,merton_jump_diffusion,1000,gpu_antithetic_mc,NVIDIA_GPU_H100_PCIE_LONG_WINDOW_ENERGY,2048,1,10,LONG_WINDOW_NVML_POWER_INTEGRATION,2.0,8.0,40,0.02,2,3906,2.0283788769993407,0.5192982275983975,2.030522330999929,48,2.00505738100037,240.109968799889,0.061472086226290065,119.751875,120.06,494.0,71.0,PASS_NVML_LONG_WINDOW_SAMPLE_COUNT_RELEASE_QUALITY,TOTAL_DEVICE_ENERGY_NO_IDLE_SUBTRACTION,LONG_WINDOW_REPEATED_GENERATION_TO_LOSS_MATERIALIZATION_NOT_SPEEDUP_TIMING
saa.drcet.accuracy_cost_energy_pareto_gpu_h100_energy_long_window.v2.energy_workload_row,merton_jump_diffusion|d=1000|method=gpu_antithetic_mc|paths=2048|repeat=2,merton_jump_diffusion,1000,gpu_antithetic_mc,NVIDIA_GPU_H100_PCIE_LONG_WINDOW_ENERGY,2048,2,10,LONG_WINDOW_NVML_POWER_INTEGRATION,2.0,8.0,40,0.02,2,3908,2.0255634269997245,0.518312033520912,2.030021544999954,48,2.0024125479994836,239.95434634992318,0.06140080510489334,119.82833333333333,120.19,494.0,71.0,PASS_NVML_LONG_WINDOW_SAMPLE_COUNT_RELEASE_QUALITY,TOTAL_DEVICE_ENERGY_NO_IDLE_SUBTRACTION,LONG_WINDOW_REPEATED_GENERATION_TO_LOSS_MATERIALIZATION_NOT_SPEEDUP_TIMING
saa.drcet.accuracy_cost_energy_pareto_gpu_h100_energy_long_window.v2.energy_workload_row,merton_jump_diffusion|d=1000|method=gpu_importance_sampling|paths=512|repeat=0,merton_jump_diffusion,1000,gpu_importance_sampling,NVIDIA_GPU_H100_PCIE_LONG_WINDOW_ENERGY,512,0,10,LONG_WINDOW_NVML_POWER_INTEGRATION,2.0,8.0,40,0.02,2,4929,2.031622131000404,0.41217734449186527,2.024981840999999,50,2.0101710890012328,222.17122248224052,0.04507429955005894,110.55500000000002,119.42,466.0,70.0,PASS_NVML_LONG_WINDOW_SAMPLE_COUNT_RELEASE_QUALITY,TOTAL_DEVICE_ENERGY_NO_IDLE_SUBTRACTION,LONG_WINDOW_REPEATED_GENERATION_TO_LOSS_MATERIALIZATION_NOT_SPEEDUP_TIMING
saa.drcet.accuracy_cost_energy_pareto_gpu_h100_energy_long_window.v2.energy_workload_row,merton_jump_diffusion|d=1000|method=gpu_importance_sampling|paths=512|repeat=1,merton_jump_diffusion,1000,gpu_importance_sampling,NVIDIA_GPU_H100_PCIE_LONG_WINDOW_ENERGY,512,1,10,LONG_WINDOW_NVML_POWER_INTEGRATION,2.0,8.0,40,0.02,2,4924,2.033775545000026,0.41303321385053327,2.0256189339999082,50,2.012308313000176,216.4159326608842,0.04395124546321775,107.54540000000001,107.79,466.0,68.0,PASS_NVML_LONG_WINDOW_SAMPLE_COUNT_RELEASE_QUALITY,TOTAL_DEVICE_ENERGY_NO_IDLE_SUBTRACTION,LONG_WINDOW_REPEATED_GENERATION_TO_LOSS_MATERIALIZATION_NOT_SPEEDUP_TIMING
saa.drcet.accuracy_cost_energy_pareto_gpu_h100_energy_long_window.v2.energy_workload_row,merton_jump_diffusion|d=1000|method=gpu_importance_sampling|paths=512|repeat=2,merton_jump_diffusion,1000,gpu_importance_sampling,NVIDIA_GPU_H100_PCIE_LONG_WINDOW_ENERGY,512,2,10,LONG_WINDOW_NVML_POWER_INTEGRATION,2.0,8.0,40,0.02,2,4926,2.0410006279998925,0.41433224279331965,2.03104772100005,48,2.0199278939999203,217.24601316458654,0.04410191091445119,107.55520833333333,107.72,466.0,69.0,PASS_NVML_LONG_WINDOW_SAMPLE_COUNT_RELEASE_QUALITY,TOTAL_DEVICE_ENERGY_NO_IDLE_SUBTRACTION,LONG_WINDOW_REPEATED_GENERATION_TO_LOSS_MATERIALIZATION_NOT_SPEEDUP_TIMING
saa.drcet.accuracy_cost_energy_pareto_gpu_h100_energy_long_window.v2.energy_workload_row,merton_jump_diffusion|d=1000|method=gpu_importance_sampling|paths=2048|repeat=0,merton_jump_diffusion,1000,gpu_importance_sampling,NVIDIA_GPU_H100_PCIE_LONG_WINDOW_ENERGY,2048,0,10,LONG_WINDOW_NVML_POWER_INTEGRATION,2.0,8.0,40,0.02,2,4948,2.0298741179994977,0.4102413334679664,2.0256319759999997,50,2.0069035589986015,230.24324240699593,0.04653258739025787,114.71480000000001,117.48,478.0,83.0,PASS_NVML_LONG_WINDOW_SAMPLE_COUNT_RELEASE_QUALITY,TOTAL_DEVICE_ENERGY_NO_IDLE_SUBTRACTION,LONG_WINDOW_REPEATED_GENERATION_TO_LOSS_MATERIALIZATION_NOT_SPEEDUP_TIMING
saa.drcet.accuracy_cost_energy_pareto_gpu_h100_energy_long_window.v2.energy_workload_row,merton_jump_diffusion|d=1000|method=gpu_importance_sampling|paths=2048|repeat=1,merton_jump_diffusion,1000,gpu_importance_sampling,NVIDIA_GPU_H100_PCIE_LONG_WINDOW_ENERGY,2048,1,10,LONG_WINDOW_NVML_POWER_INTEGRATION,2.0,8.0,40,0.02,2,4950,2.0211512930000026,0.40831339252525306,2.0263102580000805,49,1.998965822000173,234.20599974336545,0.04731434338249807,117.16122448979591,117.47,478.0,83.0,PASS_NVML_LONG_WINDOW_SAMPLE_COUNT_RELEASE_QUALITY,TOTAL_DEVICE_ENERGY_NO_IDLE_SUBTRACTION,LONG_WINDOW_REPEATED_GENERATION_TO_LOSS_MATERIALIZATION_NOT_SPEEDUP_TIMING
saa.drcet.accuracy_cost_energy_pareto_gpu_h100_energy_long_window.v2.energy_workload_row,merton_jump_diffusion|d=1000|method=gpu_importance_sampling|paths=2048|repeat=2,merton_jump_diffusion,1000,gpu_importance_sampling,NVIDIA_GPU_H100_PCIE_LONG_WINDOW_ENERGY,2048,2,10,LONG_WINDOW_NVML_POWER_INTEGRATION,2.0,8.0,40,0.02,2,4948,2.0255630709998513,0.4093700628536482,2.0253703690000293,50,2.003746319000129,234.79786244017987,0.04745308456753837,117.17620000000001,117.51,478.0,83.0,PASS_NVML_LONG_WINDOW_SAMPLE_COUNT_RELEASE_QUALITY,TOTAL_DEVICE_ENERGY_NO_IDLE_SUBTRACTION,LONG_WINDOW_REPEATED_GENERATION_TO_LOSS_MATERIALIZATION_NOT_SPEEDUP_TIMING
saa.drcet.accuracy_cost_energy_pareto_gpu_h100_energy_long_window.v2.energy_workload_row,merton_jump_diffusion|d=1000|method=gpu_randomized_qmc_cpu_sobol|paths=512|repeat=0,merton_jump_diffusion,1000,gpu_randomized_qmc_cpu_sobol,NVIDIA_GPU_H100_PCIE_LONG_WINDOW_ENERGY,512,0,10,LONG_WINDOW_NVML_POWER_INTEGRATION,2.0,8.0,40,0.02,2,40,2.1059202599990385,52.64800649997596,2.088476433999972,42,2.0801445389988658,213.037084827456,5.3259271206864,102.47333333333333,115.01,466.0,1.0,PASS_NVML_LONG_WINDOW_SAMPLE_COUNT_RELEASE_QUALITY,TOTAL_DEVICE_ENERGY_NO_IDLE_SUBTRACTION,LONG_WINDOW_REPEATED_GENERATION_TO_LOSS_MATERIALIZATION_NOT_SPEEDUP_TIMING
saa.drcet.accuracy_cost_energy_pareto_gpu_h100_energy_long_window.v2.energy_workload_row,merton_jump_diffusion|d=1000|method=gpu_randomized_qmc_cpu_sobol|paths=512|repeat=1,merton_jump_diffusion,1000,gpu_randomized_qmc_cpu_sobol,NVIDIA_GPU_H100_PCIE_LONG_WINDOW_ENERGY,512,1,10,LONG_WINDOW_NVML_POWER_INTEGRATION,2.0,8.0,40,0.02,2,41,2.154324082999665,52.544489829260115,2.1503049200000532,41,2.1286509199999273,210.7275218194728,5.139695654133483,98.99585365853659,99.0,466.0,1.0,PASS_NVML_LONG_WINDOW_SAMPLE_COUNT_RELEASE_QUALITY,TOTAL_DEVICE_ENERGY_NO_IDLE_SUBTRACTION,LONG_WINDOW_REPEATED_GENERATION_TO_LOSS_MATERIALIZATION_NOT_SPEEDUP_TIMING
saa.drcet.accuracy_cost_energy_pareto_gpu_h100_energy_long_window.v2.energy_workload_row,merton_jump_diffusion|d=1000|method=gpu_randomized_qmc_cpu_sobol|paths=512|repeat=2,merton_jump_diffusion,1000,gpu_randomized_qmc_cpu_sobol,NVIDIA_GPU_H100_PCIE_LONG_WINDOW_ENERGY,512,2,10,LONG_WINDOW_NVML_POWER_INTEGRATION,2.0,8.0,40,0.02,2,40,2.121199903998786,53.02999759996965,2.103531051999994,42,2.0953782419983327,207.382710647485,5.184567766187125,98.9707142857143,99.0,466.0,1.0,PASS_NVML_LONG_WINDOW_SAMPLE_COUNT_RELEASE_QUALITY,TOTAL_DEVICE_ENERGY_NO_IDLE_SUBTRACTION,LONG_WINDOW_REPEATED_GENERATION_TO_LOSS_MATERIALIZATION_NOT_SPEEDUP_TIMING
saa.drcet.accuracy_cost_energy_pareto_gpu_h100_energy_long_window.v2.energy_workload_row,merton_jump_diffusion|d=1000|method=gpu_randomized_qmc_cpu_sobol|paths=2048|repeat=0,merton_jump_diffusion,1000,gpu_randomized_qmc_cpu_sobol,NVIDIA_GPU_H100_PCIE_LONG_WINDOW_ENERGY,2048,0,10,LONG_WINDOW_NVML_POWER_INTEGRATION,2.0,8.0,40,0.02,2,23,2.0850687509991985,90.65516308692168,2.0654546380000056,48,2.059269139001117,203.6828124194354,8.855774453018931,98.90895833333333,98.96,478.0,1.0,PASS_NVML_LONG_WINDOW_SAMPLE_COUNT_RELEASE_QUALITY,TOTAL_DEVICE_ENERGY_NO_IDLE_SUBTRACTION,LONG_WINDOW_REPEATED_GENERATION_TO_LOSS_MATERIALIZATION_NOT_SPEEDUP_TIMING
saa.drcet.accuracy_cost_energy_pareto_gpu_h100_energy_long_window.v2.energy_workload_row,merton_jump_diffusion|d=1000|method=gpu_randomized_qmc_cpu_sobol|paths=2048|repeat=1,merton_jump_diffusion,1000,gpu_randomized_qmc_cpu_sobol,NVIDIA_GPU_H100_PCIE_LONG_WINDOW_ENERGY,2048,1,10,LONG_WINDOW_NVML_POWER_INTEGRATION,2.0,8.0,40,0.02,2,23,2.095959023001342,91.12865317397139,2.076896470999941,48,2.0717008669998904,204.61390262718425,8.896256635964532,98.76604166666668,98.82,478.0,1.0,PASS_NVML_LONG_WINDOW_SAMPLE_COUNT_RELEASE_QUALITY,TOTAL_DEVICE_ENERGY_NO_IDLE_SUBTRACTION,LONG_WINDOW_REPEATED_GENERATION_TO_LOSS_MATERIALIZATION_NOT_SPEEDUP_TIMING
saa.drcet.accuracy_cost_energy_pareto_gpu_h100_energy_long_window.v2.energy_workload_row,merton_jump_diffusion|d=1000|method=gpu_randomized_qmc_cpu_sobol|paths=2048|repeat=2,merton_jump_diffusion,1000,gpu_randomized_qmc_cpu_sobol,NVIDIA_GPU_H100_PCIE_LONG_WINDOW_ENERGY,2048,2,10,LONG_WINDOW_NVML_POWER_INTEGRATION,2.0,8.0,40,0.02,2,23,2.095079368998995,91.09040734778239,2.0751679400000285,48,2.069454926000617,204.1650062836409,8.876739403636561,98.65645833333333,98.73,478.0,1.0,PASS_NVML_LONG_WINDOW_SAMPLE_COUNT_RELEASE_QUALITY,TOTAL_DEVICE_ENERGY_NO_IDLE_SUBTRACTION,LONG_WINDOW_REPEATED_GENERATION_TO_LOSS_MATERIALIZATION_NOT_SPEEDUP_TIMING
saa.drcet.accuracy_cost_energy_pareto_gpu_h100_energy_long_window.v2.energy_workload_row,merton_jump_diffusion|d=1000|method=gpu_raw_mc|paths=512|repeat=0,merton_jump_diffusion,1000,gpu_raw_mc,NVIDIA_GPU_H100_PCIE_LONG_WINDOW_ENERGY,512,0,10,LONG_WINDOW_NVML_POWER_INTEGRATION,2.0,8.0,40,0.02,2,5520,2.038261018000412,0.3692501844203645,2.02577582899994,50,2.017092894000598,213.63117465024274,0.03870129975547876,105.8836,108.36,466.0,72.0,PASS_NVML_LONG_WINDOW_SAMPLE_COUNT_RELEASE_QUALITY,TOTAL_DEVICE_ENERGY_NO_IDLE_SUBTRACTION,LONG_WINDOW_REPEATED_GENERATION_TO_LOSS_MATERIALIZATION_NOT_SPEEDUP_TIMING
saa.drcet.accuracy_cost_energy_pareto_gpu_h100_energy_long_window.v2.energy_workload_row,merton_jump_diffusion|d=1000|method=gpu_raw_mc|paths=512|repeat=1,merton_jump_diffusion,1000,gpu_raw_mc,NVIDIA_GPU_H100_PCIE_LONG_WINDOW_ENERGY,512,1,10,LONG_WINDOW_NVML_POWER_INTEGRATION,2.0,8.0,40,0.02,2,5522,2.0346806879988435,0.36846807098856277,2.024767809000082,49,2.013438234000205,217.68307029121215,0.03942105582962915,108.11897959183673,108.28,466.0,72.0,PASS_NVML_LONG_WINDOW_SAMPLE_COUNT_RELEASE_QUALITY,TOTAL_DEVICE_ENERGY_NO_IDLE_SUBTRACTION,LONG_WINDOW_REPEATED_GENERATION_TO_LOSS_MATERIALIZATION_NOT_SPEEDUP_TIMING
saa.drcet.accuracy_cost_energy_pareto_gpu_h100_energy_long_window.v2.energy_workload_row,merton_jump_diffusion|d=1000|method=gpu_raw_mc|paths=512|repeat=2,merton_jump_diffusion,1000,gpu_raw_mc,NVIDIA_GPU_H100_PCIE_LONG_WINDOW_ENERGY,512,2,10,LONG_WINDOW_NVML_POWER_INTEGRATION,2.0,8.0,40,0.02,2,5529,2.0369738530007453,0.3684163235667834,2.0269299789999877,50,2.014608411000154,217.8732504250366,0.0394055435747941,108.14479999999999,108.33,466.0,72.0,PASS_NVML_LONG_WINDOW_SAMPLE_COUNT_RELEASE_QUALITY,TOTAL_DEVICE_ENERGY_NO_IDLE_SUBTRACTION,LONG_WINDOW_REPEATED_GENERATION_TO_LOSS_MATERIALIZATION_NOT_SPEEDUP_TIMING
saa.drcet.accuracy_cost_energy_pareto_gpu_h100_energy_long_window.v2.energy_workload_row,merton_jump_diffusion|d=1000|method=gpu_raw_mc|paths=2048|repeat=0,merton_jump_diffusion,1000,gpu_raw_mc,NVIDIA_GPU_H100_PCIE_LONG_WINDOW_ENERGY,2048,0,10,LONG_WINDOW_NVML_POWER_INTEGRATION,2.0,8.0,40,0.02,2,5551,2.020922644998791,0.36406460907922733,2.0262515020000365,49,1.9978782449998107,232.33251729996803,0.041854173536294004,116.26142857142857,119.25,478.0,89.0,PASS_NVML_LONG_WINDOW_SAMPLE_COUNT_RELEASE_QUALITY,TOTAL_DEVICE_ENERGY_NO_IDLE_SUBTRACTION,LONG_WINDOW_REPEATED_GENERATION_TO_LOSS_MATERIALIZATION_NOT_SPEEDUP_TIMING
saa.drcet.accuracy_cost_energy_pareto_gpu_h100_energy_long_window.v2.energy_workload_row,merton_jump_diffusion|d=1000|method=gpu_raw_mc|paths=2048|repeat=1,merton_jump_diffusion,1000,gpu_raw_mc,NVIDIA_GPU_H100_PCIE_LONG_WINDOW_ENERGY,2048,1,10,LONG_WINDOW_NVML_POWER_INTEGRATION,2.0,8.0,40,0.02,2,5530,2.0206476759994985,0.36539740976482793,2.026721025000029,49,1.9989652330004901,237.8756645912481,0.04301549088449333,118.99897959183673,119.28,478.0,88.0,PASS_NVML_LONG_WINDOW_SAMPLE_COUNT_RELEASE_QUALITY,TOTAL_DEVICE_ENERGY_NO_IDLE_SUBTRACTION,LONG_WINDOW_REPEATED_GENERATION_TO_LOSS_MATERIALIZATION_NOT_SPEEDUP_TIMING
saa.drcet.accuracy_cost_energy_pareto_gpu_h100_energy_long_window.v2.energy_workload_row,merton_jump_diffusion|d=1000|method=gpu_raw_mc|paths=2048|repeat=2,merton_jump_diffusion,1000,gpu_raw_mc,NVIDIA_GPU_H100_PCIE_LONG_WINDOW_ENERGY,2048,2,10,LONG_WINDOW_NVML_POWER_INTEGRATION,2.0,8.0,40,0.02,2,5530,2.0208947759983857,0.3654420933089305,2.027725155999974,49,1.9999024310000095,238.1432897976309,0.04306388603935459,119.07673469387755,119.39,478.0,88.0,PASS_NVML_LONG_WINDOW_SAMPLE_COUNT_RELEASE_QUALITY,TOTAL_DEVICE_ENERGY_NO_IDLE_SUBTRACTION,LONG_WINDOW_REPEATED_GENERATION_TO_LOSS_MATERIALIZATION_NOT_SPEEDUP_TIMING
saa.drcet.accuracy_cost_energy_pareto_gpu_h100_energy_long_window.v2.energy_workload_row,near_singular_correlation|d=100|method=gpu_antithetic_mc|paths=512|repeat=0,near_singular_correlation,100,gpu_antithetic_mc,NVIDIA_GPU_H100_PCIE_LONG_WINDOW_ENERGY,512,0,10,LONG_WINDOW_NVML_POWER_INTEGRATION,2.0,8.0,40,0.02,2,4302,2.02115118599977,0.46981664016731056,2.0323952409999038,49,1.9994370509994042,216.10671267812796,0.05023401038543188,108.14326530612246,118.75,462.0,77.0,PASS_NVML_LONG_WINDOW_SAMPLE_COUNT_RELEASE_QUALITY,TOTAL_DEVICE_ENERGY_NO_IDLE_SUBTRACTION,LONG_WINDOW_REPEATED_GENERATION_TO_LOSS_MATERIALIZATION_NOT_SPEEDUP_TIMING
saa.drcet.accuracy_cost_energy_pareto_gpu_h100_energy_long_window.v2.energy_workload_row,near_singular_correlation|d=100|method=gpu_antithetic_mc|paths=512|repeat=1,near_singular_correlation,100,gpu_antithetic_mc,NVIDIA_GPU_H100_PCIE_LONG_WINDOW_ENERGY,512,1,10,LONG_WINDOW_NVML_POWER_INTEGRATION,2.0,8.0,40,0.02,2,4346,2.020873006000329,0.4649960897377655,2.028723512000056,48,1.9976351959994645,208.72665982619415,0.04802730322738016,104.48791666666666,104.57,462.0,60.0,PASS_NVML_LONG_WINDOW_SAMPLE_COUNT_RELEASE_QUALITY,TOTAL_DEVICE_ENERGY_NO_IDLE_SUBTRACTION,LONG_WINDOW_REPEATED_GENERATION_TO_LOSS_MATERIALIZATION_NOT_SPEEDUP_TIMING
saa.drcet.accuracy_cost_energy_pareto_gpu_h100_energy_long_window.v2.energy_workload_row,near_singular_correlation|d=100|method=gpu_antithetic_mc|paths=512|repeat=2,near_singular_correlation,100,gpu_antithetic_mc,NVIDIA_GPU_H100_PCIE_LONG_WINDOW_ENERGY,512,2,10,LONG_WINDOW_NVML_POWER_INTEGRATION,2.0,8.0,40,0.02,2,4344,2.0371434739990946,0.46895568001820775,2.030918908999979,50,2.0159553279991087,210.55880691712187,0.04847118022954003,104.44360000000002,104.54,462.0,60.0,PASS_NVML_LONG_WINDOW_SAMPLE_COUNT_RELEASE_QUALITY,TOTAL_DEVICE_ENERGY_NO_IDLE_SUBTRACTION,LONG_WINDOW_REPEATED_GENERATION_TO_LOSS_MATERIALIZATION_NOT_SPEEDUP_TIMING
saa.drcet.accuracy_cost_energy_pareto_gpu_h100_energy_long_window.v2.energy_workload_row,near_singular_correlation|d=100|method=gpu_antithetic_mc|paths=2048|repeat=0,near_singular_correlation,100,gpu_antithetic_mc,NVIDIA_GPU_H100_PCIE_LONG_WINDOW_ENERGY,2048,0,10,LONG_WINDOW_NVML_POWER_INTEGRATION,2.0,8.0,40,0.02,2,4329,2.0342140909997397,0.4699039249248648,2.030940014999942,50,2.013705643999856,213.4807877440387,0.04931411128298423,106.0068,106.68,464.0,61.0,PASS_NVML_LONG_WINDOW_SAMPLE_COUNT_RELEASE_QUALITY,TOTAL_DEVICE_ENERGY_NO_IDLE_SUBTRACTION,LONG_WINDOW_REPEATED_GENERATION_TO_LOSS_MATERIALIZATION_NOT_SPEEDUP_TIMING
saa.drcet.accuracy_cost_energy_pareto_gpu_h100_energy_long_window.v2.energy_workload_row,near_singular_correlation|d=100|method=gpu_antithetic_mc|paths=2048|repeat=1,near_singular_correlation,100,gpu_antithetic_mc,NVIDIA_GPU_H100_PCIE_LONG_WINDOW_ENERGY,2048,1,10,LONG_WINDOW_NVML_POWER_INTEGRATION,2.0,8.0,40,0.02,2,4330,2.0308059500002855,0.46900830254048165,2.0296367359999294,50,2.009922784000082,214.0800631825886,0.04944112313685649,106.5106,106.69,464.0,61.0,PASS_NVML_LONG_WINDOW_SAMPLE_COUNT_RELEASE_QUALITY,TOTAL_DEVICE_ENERGY_NO_IDLE_SUBTRACTION,LONG_WINDOW_REPEATED_GENERATION_TO_LOSS_MATERIALIZATION_NOT_SPEEDUP_TIMING
saa.drcet.accuracy_cost_energy_pareto_gpu_h100_energy_long_window.v2.energy_workload_row,near_singular_correlation|d=100|method=gpu_antithetic_mc|paths=2048|repeat=2,near_singular_correlation,100,gpu_antithetic_mc,NVIDIA_GPU_H100_PCIE_LONG_WINDOW_ENERGY,2048,2,10,LONG_WINDOW_NVML_POWER_INTEGRATION,2.0,8.0,40,0.02,2,4334,2.033195145000718,0.46912670627612324,2.0296296770000026,50,2.0113582699996186,214.27797509878948,0.04944115715246642,106.5332,106.68,464.0,61.0,PASS_NVML_LONG_WINDOW_SAMPLE_COUNT_RELEASE_QUALITY,TOTAL_DEVICE_ENERGY_NO_IDLE_SUBTRACTION,LONG_WINDOW_REPEATED_GENERATION_TO_LOSS_MATERIALIZATION_NOT_SPEEDUP_TIMING
saa.drcet.accuracy_cost_energy_pareto_gpu_h100_energy_long_window.v2.energy_workload_row,near_singular_correlation|d=100|method=gpu_importance_sampling|paths=512|repeat=0,near_singular_correlation,100,gpu_importance_sampling,NVIDIA_GPU_H100_PCIE_LONG_WINDOW_ENERGY,512,0,10,LONG_WINDOW_NVML_POWER_INTEGRATION,2.0,8.0,40,0.02,2,5217,2.0274454789996526,0.388622863523031,2.024500046999947,50,2.0059148830005142,211.60046306749877,0.04055979740607605,105.492,106.41,462.0,67.0,PASS_NVML_LONG_WINDOW_SAMPLE_COUNT_RELEASE_QUALITY,TOTAL_DEVICE_ENERGY_NO_IDLE_SUBTRACTION,LONG_WINDOW_REPEATED_GENERATION_TO_LOSS_MATERIALIZATION_NOT_SPEEDUP_TIMING
saa.drcet.accuracy_cost_energy_pareto_gpu_h100_energy_long_window.v2.energy_workload_row,near_singular_correlation|d=100|method=gpu_importance_sampling|paths=512|repeat=1,near_singular_correlation,100,gpu_importance_sampling,NVIDIA_GPU_H100_PCIE_LONG_WINDOW_ENERGY,512,1,10,LONG_WINDOW_NVML_POWER_INTEGRATION,2.0,8.0,40,0.02,2,5223,2.0212117450009828,0.3869829111623555,2.024277248999965,48,1.9986068119997071,210.18276078612922,0.04024176924873238,105.16770833333332,105.25,462.0,67.0,PASS_NVML_LONG_WINDOW_SAMPLE_COUNT_RELEASE_QUALITY,TOTAL_DEVICE_ENERGY_NO_IDLE_SUBTRACTION,LONG_WINDOW_REPEATED_GENERATION_TO_LOSS_MATERIALIZATION_NOT_SPEEDUP_TIMING
saa.drcet.accuracy_cost_energy_pareto_gpu_h100_energy_long_window.v2.energy_workload_row,near_singular_correlation|d=100|method=gpu_importance_sampling|paths=512|repeat=2,near_singular_correlation,100,gpu_importance_sampling,NVIDIA_GPU_H100_PCIE_LONG_WINDOW_ENERGY,512,2,10,LONG_WINDOW_NVML_POWER_INTEGRATION,2.0,8.0,40,0.02,2,5226,2.0308195300003717,0.388599221201755,2.024170562999984,50,2.0092768449994765,211.33887560433496,0.040439892002360305,105.18159999999997,105.29,462.0,67.0,PASS_NVML_LONG_WINDOW_SAMPLE_COUNT_RELEASE_QUALITY,TOTAL_DEVICE_ENERGY_NO_IDLE_SUBTRACTION,LONG_WINDOW_REPEATED_GENERATION_TO_LOSS_MATERIALIZATION_NOT_SPEEDUP_TIMING
saa.drcet.accuracy_cost_energy_pareto_gpu_h100_energy_long_window.v2.energy_workload_row,near_singular_correlation|d=100|method=gpu_importance_sampling|paths=2048|repeat=0,near_singular_correlation,100,gpu_importance_sampling,NVIDIA_GPU_H100_PCIE_LONG_WINDOW_ENERGY,2048,0,10,LONG_WINDOW_NVML_POWER_INTEGRATION,2.0,8.0,40,0.02,2,5235,2.03499395900144,0.3887285499525196,2.0241825680000147,50,2.013083154999549,214.6982401332314,0.04101208025467648,106.6452,107.25,462.0,69.0,PASS_NVML_LONG_WINDOW_SAMPLE_COUNT_RELEASE_QUALITY,TOTAL_DEVICE_ENERGY_NO_IDLE_SUBTRACTION,LONG_WINDOW_REPEATED_GENERATION_TO_LOSS_MATERIALIZATION_NOT_SPEEDUP_TIMING
saa.drcet.accuracy_cost_energy_pareto_gpu_h100_energy_long_window.v2.energy_workload_row,near_singular_correlation|d=100|method=gpu_importance_sampling|paths=2048|repeat=1,near_singular_correlation,100,gpu_importance_sampling,NVIDIA_GPU_H100_PCIE_LONG_WINDOW_ENERGY,2048,1,10,LONG_WINDOW_NVML_POWER_INTEGRATION,2.0,8.0,40,0.02,2,5235,2.0306940499995108,0.38790717287478715,2.0256989320000685,50,2.01015056200049,215.31074039807254,0.0411290812603768,107.11199999999997,107.26,462.0,69.0,PASS_NVML_LONG_WINDOW_SAMPLE_COUNT_RELEASE_QUALITY,TOTAL_DEVICE_ENERGY_NO_IDLE_SUBTRACTION,LONG_WINDOW_REPEATED_GENERATION_TO_LOSS_MATERIALIZATION_NOT_SPEEDUP_TIMING
saa.drcet.accuracy_cost_energy_pareto_gpu_h100_energy_long_window.v2.energy_workload_row,near_singular_correlation|d=100|method=gpu_importance_sampling|paths=2048|repeat=2,near_singular_correlation,100,gpu_importance_sampling,NVIDIA_GPU_H100_PCIE_LONG_WINDOW_ENERGY,2048,2,10,LONG_WINDOW_NVML_POWER_INTEGRATION,2.0,8.0,40,0.02,2,5235,2.022037001001081,0.38625348634213585,2.025621749000038,50,2.000098948001323,214.20933222547677,0.04091868810419805,107.0998,107.24,462.0,69.0,PASS_NVML_LONG_WINDOW_SAMPLE_COUNT_RELEASE_QUALITY,TOTAL_DEVICE_ENERGY_NO_IDLE_SUBTRACTION,LONG_WINDOW_REPEATED_GENERATION_TO_LOSS_MATERIALIZATION_NOT_SPEEDUP_TIMING
saa.drcet.accuracy_cost_energy_pareto_gpu_h100_energy_long_window.v2.energy_workload_row,near_singular_correlation|d=100|method=gpu_randomized_qmc_cpu_sobol|paths=512|repeat=0,near_singular_correlation,100,gpu_randomized_qmc_cpu_sobol,NVIDIA_GPU_H100_PCIE_LONG_WINDOW_ENERGY,512,0,10,LONG_WINDOW_NVML_POWER_INTEGRATION,2.0,8.0,40,0.02,2,473,2.0974014709991025,4.4342525813934515,2.014810701999977,49,2.076572973999646,209.49458535156836,0.44290610010902404,100.97367346938776,106.97,462.0,68.0,PASS_NVML_LONG_WINDOW_SAMPLE_COUNT_RELEASE_QUALITY,TOTAL_DEVICE_ENERGY_NO_IDLE_SUBTRACTION,LONG_WINDOW_REPEATED_GENERATION_TO_LOSS_MATERIALIZATION_NOT_SPEEDUP_TIMING
saa.drcet.accuracy_cost_energy_pareto_gpu_h100_energy_long_window.v2.energy_workload_row,near_singular_correlation|d=100|method=gpu_randomized_qmc_cpu_sobol|paths=512|repeat=1,near_singular_correlation,100,gpu_randomized_qmc_cpu_sobol,NVIDIA_GPU_H100_PCIE_LONG_WINDOW_ENERGY,512,1,10,LONG_WINDOW_NVML_POWER_INTEGRATION,2.0,8.0,40,0.02,2,474,2.0340752310003154,4.291297955696868,2.015679437000017,49,2.0132902529985586,199.30508689110732,0.4204748668588762,98.99448979591835,99.0,462.0,2.0,PASS_NVML_LONG_WINDOW_SAMPLE_COUNT_RELEASE_QUALITY,TOTAL_DEVICE_ENERGY_NO_IDLE_SUBTRACTION,LONG_WINDOW_REPEATED_GENERATION_TO_LOSS_MATERIALIZATION_NOT_SPEEDUP_TIMING
saa.drcet.accuracy_cost_energy_pareto_gpu_h100_energy_long_window.v2.energy_workload_row,near_singular_correlation|d=100|method=gpu_randomized_qmc_cpu_sobol|paths=512|repeat=2,near_singular_correlation,100,gpu_randomized_qmc_cpu_sobol,NVIDIA_GPU_H100_PCIE_LONG_WINDOW_ENERGY,512,2,10,LONG_WINDOW_NVML_POWER_INTEGRATION,2.0,8.0,40,0.02,2,474,2.0367208730003767,4.296879478903748,2.01629995899998,49,2.0120041059999494,199.161253701255,0.42017142131066454,98.9865306122449,99.0,462.0,2.0,PASS_NVML_LONG_WINDOW_SAMPLE_COUNT_RELEASE_QUALITY,TOTAL_DEVICE_ENERGY_NO_IDLE_SUBTRACTION,LONG_WINDOW_REPEATED_GENERATION_TO_LOSS_MATERIALIZATION_NOT_SPEEDUP_TIMING
saa.drcet.accuracy_cost_energy_pareto_gpu_h100_energy_long_window.v2.energy_workload_row,near_singular_correlation|d=100|method=gpu_randomized_qmc_cpu_sobol|paths=2048|repeat=0,near_singular_correlation,100,gpu_randomized_qmc_cpu_sobol,NVIDIA_GPU_H100_PCIE_LONG_WINDOW_ENERGY,2048,0,10,LONG_WINDOW_NVML_POWER_INTEGRATION,2.0,8.0,40,0.02,2,261,2.0211212930007605,7.743759743297933,2.017975938999939,50,2.0007050140011415,198.00029257123296,0.7586218106177508,98.96519999999998,98.98,462.0,2.0,PASS_NVML_LONG_WINDOW_SAMPLE_COUNT_RELEASE_QUALITY,TOTAL_DEVICE_ENERGY_NO_IDLE_SUBTRACTION,LONG_WINDOW_REPEATED_GENERATION_TO_LOSS_MATERIALIZATION_NOT_SPEEDUP_TIMING
saa.drcet.accuracy_cost_energy_pareto_gpu_h100_energy_long_window.v2.energy_workload_row,near_singular_correlation|d=100|method=gpu_randomized_qmc_cpu_sobol|paths=2048|repeat=1,near_singular_correlation,100,gpu_randomized_qmc_cpu_sobol,NVIDIA_GPU_H100_PCIE_LONG_WINDOW_ENERGY,2048,1,10,LONG_WINDOW_NVML_POWER_INTEGRATION,2.0,8.0,40,0.02,2,261,2.026635477999662,7.7648868888875935,2.02405236300001,50,2.0060818499987363,198.44553696124993,0.760327727820881,98.92200000000001,98.95,462.0,1.0,PASS_NVML_LONG_WINDOW_SAMPLE_COUNT_RELEASE_QUALITY,TOTAL_DEVICE_ENERGY_NO_IDLE_SUBTRACTION,LONG_WINDOW_REPEATED_GENERATION_TO_LOSS_MATERIALIZATION_NOT_SPEEDUP_TIMING
saa.drcet.accuracy_cost_energy_pareto_gpu_h100_energy_long_window.v2.energy_workload_row,near_singular_correlation|d=100|method=gpu_randomized_qmc_cpu_sobol|paths=2048|repeat=2,near_singular_correlation,100,gpu_randomized_qmc_cpu_sobol,NVIDIA_GPU_H100_PCIE_LONG_WINDOW_ENERGY,2048,2,10,LONG_WINDOW_NVML_POWER_INTEGRATION,2.0,8.0,40,0.02,2,261,2.0260603400001855,7.762683295019868,2.0227516060000426,50,2.005191661999561,198.14751804648645,0.7591858928984155,98.818,98.9,462.0,1.0,PASS_NVML_LONG_WINDOW_SAMPLE_COUNT_RELEASE_QUALITY,TOTAL_DEVICE_ENERGY_NO_IDLE_SUBTRACTION,LONG_WINDOW_REPEATED_GENERATION_TO_LOSS_MATERIALIZATION_NOT_SPEEDUP_TIMING
saa.drcet.accuracy_cost_energy_pareto_gpu_h100_energy_long_window.v2.energy_workload_row,near_singular_correlation|d=100|method=gpu_raw_mc|paths=512|repeat=0,near_singular_correlation,100,gpu_raw_mc,NVIDIA_GPU_H100_PCIE_LONG_WINDOW_ENERGY,512,0,10,LONG_WINDOW_NVML_POWER_INTEGRATION,2.0,8.0,40,0.02,2,5853,2.020650532000218,0.34523330463014146,2.0237163929999724,48,1.9988636569996743,207.2740983413061,0.035413309130583645,103.62124999999999,105.39,462.0,71.0,PASS_NVML_LONG_WINDOW_SAMPLE_COUNT_RELEASE_QUALITY,TOTAL_DEVICE_ENERGY_NO_IDLE_SUBTRACTION,LONG_WINDOW_REPEATED_GENERATION_TO_LOSS_MATERIALIZATION_NOT_SPEEDUP_TIMING
saa.drcet.accuracy_cost_energy_pareto_gpu_h100_energy_long_window.v2.energy_workload_row,near_singular_correlation|d=100|method=gpu_raw_mc|paths=512|repeat=1,near_singular_correlation,100,gpu_raw_mc,NVIDIA_GPU_H100_PCIE_LONG_WINDOW_ENERGY,512,1,10,LONG_WINDOW_NVML_POWER_INTEGRATION,2.0,8.0,40,0.02,2,5858,2.021713109999837,0.34512002560598104,2.0240607650000584,50,2.0001570129988977,210.63144117105406,0.03595620368232401,105.3064,105.4,462.0,70.0,PASS_NVML_LONG_WINDOW_SAMPLE_COUNT_RELEASE_QUALITY,TOTAL_DEVICE_ENERGY_NO_IDLE_SUBTRACTION,LONG_WINDOW_REPEATED_GENERATION_TO_LOSS_MATERIALIZATION_NOT_SPEEDUP_TIMING
saa.drcet.accuracy_cost_energy_pareto_gpu_h100_energy_long_window.v2.energy_workload_row,near_singular_correlation|d=100|method=gpu_raw_mc|paths=512|repeat=2,near_singular_correlation,100,gpu_raw_mc,NVIDIA_GPU_H100_PCIE_LONG_WINDOW_ENERGY,512,2,10,LONG_WINDOW_NVML_POWER_INTEGRATION,2.0,8.0,40,0.02,2,5856,2.0335267490008846,0.3472552508539762,2.023214122000013,50,2.0112093839998124,211.7377399024553,0.03615740093962693,105.27799999999999,105.38,462.0,71.0,PASS_NVML_LONG_WINDOW_SAMPLE_COUNT_RELEASE_QUALITY,TOTAL_DEVICE_ENERGY_NO_IDLE_SUBTRACTION,LONG_WINDOW_REPEATED_GENERATION_TO_LOSS_MATERIALIZATION_NOT_SPEEDUP_TIMING
saa.drcet.accuracy_cost_energy_pareto_gpu_h100_energy_long_window.v2.energy_workload_row,near_singular_correlation|d=100|method=gpu_raw_mc|paths=2048|repeat=0,near_singular_correlation,100,gpu_raw_mc,NVIDIA_GPU_H100_PCIE_LONG_WINDOW_ENERGY,2048,0,10,LONG_WINDOW_NVML_POWER_INTEGRATION,2.0,8.0,40,0.02,2,5788,2.0208383499993943,0.3491427695230467,2.0237487499999816,49,1.9996544440000434,213.84749393556834,0.036946699021349054,106.92102040816329,107.73,462.0,72.0,PASS_NVML_LONG_WINDOW_SAMPLE_COUNT_RELEASE_QUALITY,TOTAL_DEVICE_ENERGY_NO_IDLE_SUBTRACTION,LONG_WINDOW_REPEATED_GENERATION_TO_LOSS_MATERIALIZATION_NOT_SPEEDUP_TIMING
saa.drcet.accuracy_cost_energy_pareto_gpu_h100_energy_long_window.v2.energy_workload_row,near_singular_correlation|d=100|method=gpu_raw_mc|paths=2048|repeat=1,near_singular_correlation,100,gpu_raw_mc,NVIDIA_GPU_H100_PCIE_LONG_WINDOW_ENERGY,2048,1,10,LONG_WINDOW_NVML_POWER_INTEGRATION,2.0,8.0,40,0.02,2,5744,2.0300516269999207,0.3534212442548608,2.025628380999933,49,2.0081770889992185,215.6527784580862,0.0375440073917281,107.38755102040815,107.56,462.0,72.0,PASS_NVML_LONG_WINDOW_SAMPLE_COUNT_RELEASE_QUALITY,TOTAL_DEVICE_ENERGY_NO_IDLE_SUBTRACTION,LONG_WINDOW_REPEATED_GENERATION_TO_LOSS_MATERIALIZATION_NOT_SPEEDUP_TIMING
saa.drcet.accuracy_cost_energy_pareto_gpu_h100_energy_long_window.v2.energy_workload_row,near_singular_correlation|d=100|method=gpu_raw_mc|paths=2048|repeat=2,near_singular_correlation,100,gpu_raw_mc,NVIDIA_GPU_H100_PCIE_LONG_WINDOW_ENERGY,2048,2,10,LONG_WINDOW_NVML_POWER_INTEGRATION,2.0,8.0,40,0.02,2,5885,2.0210565489996952,0.3434250720475268,2.023645997000017,50,1.9993529929997749,215.0635503296611,0.03654435859467478,107.56599999999999,107.73,462.0,72.0,PASS_NVML_LONG_WINDOW_SAMPLE_COUNT_RELEASE_QUALITY,TOTAL_DEVICE_ENERGY_NO_IDLE_SUBTRACTION,LONG_WINDOW_REPEATED_GENERATION_TO_LOSS_MATERIALIZATION_NOT_SPEEDUP_TIMING
saa.drcet.accuracy_cost_energy_pareto_gpu_h100_energy_long_window.v2.energy_workload_row,near_singular_correlation|d=250|method=gpu_antithetic_mc|paths=512|repeat=0,near_singular_correlation,250,gpu_antithetic_mc,NVIDIA_GPU_H100_PCIE_LONG_WINDOW_ENERGY,512,0,10,LONG_WINDOW_NVML_POWER_INTEGRATION,2.0,8.0,40,0.02,2,4348,2.039348352998786,0.4690313599353234,2.02733318300011,49,2.017659757000729,212.9361788111931,0.04897336219208673,105.56265306122451,107.54,464.0,72.0,PASS_NVML_LONG_WINDOW_SAMPLE_COUNT_RELEASE_QUALITY,TOTAL_DEVICE_ENERGY_NO_IDLE_SUBTRACTION,LONG_WINDOW_REPEATED_GENERATION_TO_LOSS_MATERIALIZATION_NOT_SPEEDUP_TIMING
saa.drcet.accuracy_cost_energy_pareto_gpu_h100_energy_long_window.v2.energy_workload_row,near_singular_correlation|d=250|method=gpu_antithetic_mc|paths=512|repeat=1,near_singular_correlation,250,gpu_antithetic_mc,NVIDIA_GPU_H100_PCIE_LONG_WINDOW_ENERGY,512,1,10,LONG_WINDOW_NVML_POWER_INTEGRATION,2.0,8.0,40,0.02,2,4348,2.0235664900010306,0.4654016766331717,2.029004117999989,50,2.002193233000071,209.79074450956736,0.04824994123955091,104.78080000000001,104.91,464.0,60.0,PASS_NVML_LONG_WINDOW_SAMPLE_COUNT_RELEASE_QUALITY,TOTAL_DEVICE_ENERGY_NO_IDLE_SUBTRACTION,LONG_WINDOW_REPEATED_GENERATION_TO_LOSS_MATERIALIZATION_NOT_SPEEDUP_TIMING
saa.drcet.accuracy_cost_energy_pareto_gpu_h100_energy_long_window.v2.energy_workload_row,near_singular_correlation|d=250|method=gpu_antithetic_mc|paths=512|repeat=2,near_singular_correlation,250,gpu_antithetic_mc,NVIDIA_GPU_H100_PCIE_LONG_WINDOW_ENERGY,512,2,10,LONG_WINDOW_NVML_POWER_INTEGRATION,2.0,8.0,40,0.02,2,4342,2.0214233650003735,0.4655512125749363,2.0276992130000053,50,2.0000719179988664,209.67514503086127,0.04828999194630614,104.8326,104.94,464.0,60.0,PASS_NVML_LONG_WINDOW_SAMPLE_COUNT_RELEASE_QUALITY,TOTAL_DEVICE_ENERGY_NO_IDLE_SUBTRACTION,LONG_WINDOW_REPEATED_GENERATION_TO_LOSS_MATERIALIZATION_NOT_SPEEDUP_TIMING
saa.drcet.accuracy_cost_energy_pareto_gpu_h100_energy_long_window.v2.energy_workload_row,near_singular_correlation|d=250|method=gpu_antithetic_mc|paths=2048|repeat=0,near_singular_correlation,250,gpu_antithetic_mc,NVIDIA_GPU_H100_PCIE_LONG_WINDOW_ENERGY,2048,0,10,LONG_WINDOW_NVML_POWER_INTEGRATION,2.0,8.0,40,0.02,2,4334,2.02464451600099,0.4671537877251938,2.0282165040000564,50,2.002578410998467,216.41646285682165,0.049934578416433235,108.05340000000002,109.25,470.0,63.0,PASS_NVML_LONG_WINDOW_SAMPLE_COUNT_RELEASE_QUALITY,TOTAL_DEVICE_ENERGY_NO_IDLE_SUBTRACTION,LONG_WINDOW_REPEATED_GENERATION_TO_LOSS_MATERIALIZATION_NOT_SPEEDUP_TIMING
saa.drcet.accuracy_cost_energy_pareto_gpu_h100_energy_long_window.v2.energy_workload_row,near_singular_correlation|d=250|method=gpu_antithetic_mc|paths=2048|repeat=1,near_singular_correlation,250,gpu_antithetic_mc,NVIDIA_GPU_H100_PCIE_LONG_WINDOW_ENERGY,2048,1,10,LONG_WINDOW_NVML_POWER_INTEGRATION,2.0,8.0,40,0.02,2,4334,2.0213120320004236,0.46638487125067457,2.026874088999989,50,2.0004685439998866,218.3327880527827,0.05037673928306015,109.14039999999999,109.32,470.0,63.0,PASS_NVML_LONG_WINDOW_SAMPLE_COUNT_RELEASE_QUALITY,TOTAL_DEVICE_ENERGY_NO_IDLE_SUBTRACTION,LONG_WINDOW_REPEATED_GENERATION_TO_LOSS_MATERIALIZATION_NOT_SPEEDUP_TIMING
saa.drcet.accuracy_cost_energy_pareto_gpu_h100_energy_long_window.v2.energy_workload_row,near_singular_correlation|d=250|method=gpu_antithetic_mc|paths=2048|repeat=2,near_singular_correlation,250,gpu_antithetic_mc,NVIDIA_GPU_H100_PCIE_LONG_WINDOW_ENERGY,2048,2,10,LONG_WINDOW_NVML_POWER_INTEGRATION,2.0,8.0,40,0.02,2,4340,2.0214191019986174,0.4657647700457644,2.027511259999983,50,1.9991596359996038,218.34017765435163,0.050308796694551065,109.21500000000002,109.37,470.0,63.0,PASS_NVML_LONG_WINDOW_SAMPLE_COUNT_RELEASE_QUALITY,TOTAL_DEVICE_ENERGY_NO_IDLE_SUBTRACTION,LONG_WINDOW_REPEATED_GENERATION_TO_LOSS_MATERIALIZATION_NOT_SPEEDUP_TIMING
saa.drcet.accuracy_cost_energy_pareto_gpu_h100_energy_long_window.v2.energy_workload_row,near_singular_correlation|d=250|method=gpu_importance_sampling|paths=512|repeat=0,near_singular_correlation,250,gpu_importance_sampling,NVIDIA_GPU_H100_PCIE_LONG_WINDOW_ENERGY,512,0,10,LONG_WINDOW_NVML_POWER_INTEGRATION,2.0,8.0,40,0.02,2,5273,2.0280242640001234,0.3846053980656407,2.023651739999991,48,2.0064018270004453,213.68927828324814,0.0405251807857478,106.54333333333334,109.09,462.0,67.0,PASS_NVML_LONG_WINDOW_SAMPLE_COUNT_RELEASE_QUALITY,TOTAL_DEVICE_ENERGY_NO_IDLE_SUBTRACTION,LONG_WINDOW_REPEATED_GENERATION_TO_LOSS_MATERIALIZATION_NOT_SPEEDUP_TIMING
saa.drcet.accuracy_cost_energy_pareto_gpu_h100_energy_long_window.v2.energy_workload_row,near_singular_correlation|d=250|method=gpu_importance_sampling|paths=512|repeat=1,near_singular_correlation,250,gpu_importance_sampling,NVIDIA_GPU_H100_PCIE_LONG_WINDOW_ENERGY,512,1,10,LONG_WINDOW_NVML_POWER_INTEGRATION,2.0,8.0,40,0.02,2,5264,2.02362480499869,0.3844272045970155,2.025094856999999,50,2.0010109480008396,211.39558240575371,0.04015873525945169,105.64359999999999,105.75,462.0,67.0,PASS_NVML_LONG_WINDOW_SAMPLE_COUNT_RELEASE_QUALITY,TOTAL_DEVICE_ENERGY_NO_IDLE_SUBTRACTION,LONG_WINDOW_REPEATED_GENERATION_TO_LOSS_MATERIALIZATION_NOT_SPEEDUP_TIMING
saa.drcet.accuracy_cost_energy_pareto_gpu_h100_energy_long_window.v2.energy_workload_row,near_singular_correlation|d=250|method=gpu_importance_sampling|paths=512|repeat=2,near_singular_correlation,250,gpu_importance_sampling,NVIDIA_GPU_H100_PCIE_LONG_WINDOW_ENERGY,512,2,10,LONG_WINDOW_NVML_POWER_INTEGRATION,2.0,8.0,40,0.02,2,5257,2.020462832000703,0.3843376130874459,2.025154031999932,50,1.9984888350008987,211.152032319055,0.04016588022047841,105.65539999999999,105.78,462.0,67.0,PASS_NVML_LONG_WINDOW_SAMPLE_COUNT_RELEASE_QUALITY,TOTAL_DEVICE_ENERGY_NO_IDLE_SUBTRACTION,LONG_WINDOW_REPEATED_GENERATION_TO_LOSS_MATERIALIZATION_NOT_SPEEDUP_TIMING
saa.drcet.accuracy_cost_energy_pareto_gpu_h100_energy_long_window.v2.energy_workload_row,near_singular_correlation|d=250|method=gpu_importance_sampling|paths=2048|repeat=0,near_singular_correlation,250,gpu_importance_sampling,NVIDIA_GPU_H100_PCIE_LONG_WINDOW_ENERGY,2048,0,10,LONG_WINDOW_NVML_POWER_INTEGRATION,2.0,8.0,40,0.02,2,5232,2.0205516179994447,0.3861910584861324,2.023977043000059,50,1.9995408510003472,216.42692098264186,0.0413660017168658,108.2294,109.22,466.0,72.0,PASS_NVML_LONG_WINDOW_SAMPLE_COUNT_RELEASE_QUALITY,TOTAL_DEVICE_ENERGY_NO_IDLE_SUBTRACTION,LONG_WINDOW_REPEATED_GENERATION_TO_LOSS_MATERIALIZATION_NOT_SPEEDUP_TIMING
saa.drcet.accuracy_cost_energy_pareto_gpu_h100_energy_long_window.v2.energy_workload_row,near_singular_correlation|d=250|method=gpu_importance_sampling|paths=2048|repeat=1,near_singular_correlation,250,gpu_importance_sampling,NVIDIA_GPU_H100_PCIE_LONG_WINDOW_ENERGY,2048,1,10,LONG_WINDOW_NVML_POWER_INTEGRATION,2.0,8.0,40,0.02,2,5245,2.0206966280002234,0.3852615115348376,2.0238018390000434,50,1.999005241001214,218.0775338068225,0.041578176130948045,109.09299999999998,109.23,466.0,72.0,PASS_NVML_LONG_WINDOW_SAMPLE_COUNT_RELEASE_QUALITY,TOTAL_DEVICE_ENERGY_NO_IDLE_SUBTRACTION,LONG_WINDOW_REPEATED_GENERATION_TO_LOSS_MATERIALIZATION_NOT_SPEEDUP_TIMING
saa.drcet.accuracy_cost_energy_pareto_gpu_h100_energy_long_window.v2.energy_workload_row,near_singular_correlation|d=250|method=gpu_importance_sampling|paths=2048|repeat=2,near_singular_correlation,250,gpu_importance_sampling,NVIDIA_GPU_H100_PCIE_LONG_WINDOW_ENERGY,2048,2,10,LONG_WINDOW_NVML_POWER_INTEGRATION,2.0,8.0,40,0.02,2,5232,2.0205327170006058,0.3861874459099017,2.0243370370000093,50,1.9993776489991433,218.1498046529466,0.04169529905446227,109.109,109.25,466.0,72.0,PASS_NVML_LONG_WINDOW_SAMPLE_COUNT_RELEASE_QUALITY,TOTAL_DEVICE_ENERGY_NO_IDLE_SUBTRACTION,LONG_WINDOW_REPEATED_GENERATION_TO_LOSS_MATERIALIZATION_NOT_SPEEDUP_TIMING
saa.drcet.accuracy_cost_energy_pareto_gpu_h100_energy_long_window.v2.energy_workload_row,near_singular_correlation|d=250|method=gpu_randomized_qmc_cpu_sobol|paths=512|repeat=0,near_singular_correlation,250,gpu_randomized_qmc_cpu_sobol,NVIDIA_GPU_H100_PCIE_LONG_WINDOW_ENERGY,512,0,10,LONG_WINDOW_NVML_POWER_INTEGRATION,2.0,8.0,40,0.02,2,212,2.0250727250004275,9.552229834907676,2.020855761000007,46,1.9994173270006286,202.55191911151658,0.9554335807147009,101.42434782608697,108.82,462.0,71.0,PASS_NVML_LONG_WINDOW_SAMPLE_COUNT_RELEASE_QUALITY,TOTAL_DEVICE_ENERGY_NO_IDLE_SUBTRACTION,LONG_WINDOW_REPEATED_GENERATION_TO_LOSS_MATERIALIZATION_NOT_SPEEDUP_TIMING
saa.drcet.accuracy_cost_energy_pareto_gpu_h100_energy_long_window.v2.energy_workload_row,near_singular_correlation|d=250|method=gpu_randomized_qmc_cpu_sobol|paths=512|repeat=1,near_singular_correlation,250,gpu_randomized_qmc_cpu_sobol,NVIDIA_GPU_H100_PCIE_LONG_WINDOW_ENERGY,512,1,10,LONG_WINDOW_NVML_POWER_INTEGRATION,2.0,8.0,40,0.02,2,212,2.033460193000792,9.591793363211284,2.0184170010001026,48,2.0079247249996115,198.1831151727218,0.934826014965669,98.69937500000002,98.8,462.0,1.0,PASS_NVML_LONG_WINDOW_SAMPLE_COUNT_RELEASE_QUALITY,TOTAL_DEVICE_ENERGY_NO_IDLE_SUBTRACTION,LONG_WINDOW_REPEATED_GENERATION_TO_LOSS_MATERIALIZATION_NOT_SPEEDUP_TIMING
saa.drcet.accuracy_cost_energy_pareto_gpu_h100_energy_long_window.v2.energy_workload_row,near_singular_correlation|d=250|method=gpu_randomized_qmc_cpu_sobol|paths=512|repeat=2,near_singular_correlation,250,gpu_randomized_qmc_cpu_sobol,NVIDIA_GPU_H100_PCIE_LONG_WINDOW_ENERGY,512,2,10,LONG_WINDOW_NVML_POWER_INTEGRATION,2.0,8.0,40,0.02,2,212,2.024463753999953,9.549357330188458,2.0187159419999716,48,1.9985469370003557,196.98252821872507,0.9291628689562503,98.563125,98.62,462.0,1.0,PASS_NVML_LONG_WINDOW_SAMPLE_COUNT_RELEASE_QUALITY,TOTAL_DEVICE_ENERGY_NO_IDLE_SUBTRACTION,LONG_WINDOW_REPEATED_GENERATION_TO_LOSS_MATERIALIZATION_NOT_SPEEDUP_TIMING
saa.drcet.accuracy_cost_energy_pareto_gpu_h100_energy_long_window.v2.energy_workload_row,near_singular_correlation|d=250|method=gpu_randomized_qmc_cpu_sobol|paths=2048|repeat=0,near_singular_correlation,250,gpu_randomized_qmc_cpu_sobol,NVIDIA_GPU_H100_PCIE_LONG_WINDOW_ENERGY,2048,0,10,LONG_WINDOW_NVML_POWER_INTEGRATION,2.0,8.0,40,0.02,2,59,2.021891439000683,34.26934642374039,2.0199031749999676,50,2.0005935600001976,197.0826901462645,3.3403845787502457,98.51219999999999,98.55,466.0,1.0,PASS_NVML_LONG_WINDOW_SAMPLE_COUNT_RELEASE_QUALITY,TOTAL_DEVICE_ENERGY_NO_IDLE_SUBTRACTION,LONG_WINDOW_REPEATED_GENERATION_TO_LOSS_MATERIALIZATION_NOT_SPEEDUP_TIMING
saa.drcet.accuracy_cost_energy_pareto_gpu_h100_energy_long_window.v2.energy_workload_row,near_singular_correlation|d=250|method=gpu_randomized_qmc_cpu_sobol|paths=2048|repeat=1,near_singular_correlation,250,gpu_randomized_qmc_cpu_sobol,NVIDIA_GPU_H100_PCIE_LONG_WINDOW_ENERGY,2048,1,10,LONG_WINDOW_NVML_POWER_INTEGRATION,2.0,8.0,40,0.02,2,59,2.0527411040002335,34.792222101698876,2.0376806290000786,51,2.03142579499945,200.07142803365585,3.391041153112811,98.48823529411764,98.5,466.0,0.0,PASS_NVML_LONG_WINDOW_SAMPLE_COUNT_RELEASE_QUALITY,TOTAL_DEVICE_ENERGY_NO_IDLE_SUBTRACTION,LONG_WINDOW_REPEATED_GENERATION_TO_LOSS_MATERIALIZATION_NOT_SPEEDUP_TIMING
saa.drcet.accuracy_cost_energy_pareto_gpu_h100_energy_long_window.v2.energy_workload_row,near_singular_correlation|d=250|method=gpu_randomized_qmc_cpu_sobol|paths=2048|repeat=2,near_singular_correlation,250,gpu_randomized_qmc_cpu_sobol,NVIDIA_GPU_H100_PCIE_LONG_WINDOW_ENERGY,2048,2,10,LONG_WINDOW_NVML_POWER_INTEGRATION,2.0,8.0,40,0.02,2,59,2.0637207469990244,34.978317745746175,2.04832482300003,51,2.0424243190009292,201.16941517314154,3.4096511046295177,98.49529411764706,98.5,466.0,0.0,PASS_NVML_LONG_WINDOW_SAMPLE_COUNT_RELEASE_QUALITY,TOTAL_DEVICE_ENERGY_NO_IDLE_SUBTRACTION,LONG_WINDOW_REPEATED_GENERATION_TO_LOSS_MATERIALIZATION_NOT_SPEEDUP_TIMING
saa.drcet.accuracy_cost_energy_pareto_gpu_h100_energy_long_window.v2.energy_workload_row,near_singular_correlation|d=250|method=gpu_raw_mc|paths=512|repeat=0,near_singular_correlation,250,gpu_raw_mc,NVIDIA_GPU_H100_PCIE_LONG_WINDOW_ENERGY,512,0,10,LONG_WINDOW_NVML_POWER_INTEGRATION,2.0,8.0,40,0.02,2,5906,2.0213056079992384,0.3422461239416252,2.0234930269999722,48,1.9997298300004331,208.12306367780857,0.03523925900403125,104.02354166666669,106.0,462.0,71.0,PASS_NVML_LONG_WINDOW_SAMPLE_COUNT_RELEASE_QUALITY,TOTAL_DEVICE_ENERGY_NO_IDLE_SUBTRACTION,LONG_WINDOW_REPEATED_GENERATION_TO_LOSS_MATERIALIZATION_NOT_SPEEDUP_TIMING
saa.drcet.accuracy_cost_energy_pareto_gpu_h100_energy_long_window.v2.energy_workload_row,near_singular_correlation|d=250|method=gpu_raw_mc|paths=512|repeat=1,near_singular_correlation,250,gpu_raw_mc,NVIDIA_GPU_H100_PCIE_LONG_WINDOW_ENERGY,512,1,10,LONG_WINDOW_NVML_POWER_INTEGRATION,2.0,8.0,40,0.02,2,5904,2.020832476999203,0.34228192361097615,2.023814758999947,50,1.9992022280002857,211.65843737652014,0.035850006330711406,105.87019999999998,105.94,462.0,71.0,PASS_NVML_LONG_WINDOW_SAMPLE_COUNT_RELEASE_QUALITY,TOTAL_DEVICE_ENERGY_NO_IDLE_SUBTRACTION,LONG_WINDOW_REPEATED_GENERATION_TO_LOSS_MATERIALIZATION_NOT_SPEEDUP_TIMING
saa.drcet.accuracy_cost_energy_pareto_gpu_h100_energy_long_window.v2.energy_workload_row,near_singular_correlation|d=250|method=gpu_raw_mc|paths=512|repeat=2,near_singular_correlation,250,gpu_raw_mc,NVIDIA_GPU_H100_PCIE_LONG_WINDOW_ENERGY,512,2,10,LONG_WINDOW_NVML_POWER_INTEGRATION,2.0,8.0,40,0.02,2,5904,2.0305994320005993,0.3439362181572831,2.023013369999944,50,2.0089754330001597,212.66802887333697,0.03602100760049745,105.85880000000002,105.97,462.0,71.0,PASS_NVML_LONG_WINDOW_SAMPLE_COUNT_RELEASE_QUALITY,TOTAL_DEVICE_ENERGY_NO_IDLE_SUBTRACTION,LONG_WINDOW_REPEATED_GENERATION_TO_LOSS_MATERIALIZATION_NOT_SPEEDUP_TIMING
saa.drcet.accuracy_cost_energy_pareto_gpu_h100_energy_long_window.v2.energy_workload_row,near_singular_correlation|d=250|method=gpu_raw_mc|paths=2048|repeat=0,near_singular_correlation,250,gpu_raw_mc,NVIDIA_GPU_H100_PCIE_LONG_WINDOW_ENERGY,2048,0,10,LONG_WINDOW_NVML_POWER_INTEGRATION,2.0,8.0,40,0.02,2,5885,2.02715974900093,0.3444621493629448,2.0245140979999405,50,2.0061457690007956,218.45620727936648,0.03712085085460773,108.883,110.04,466.0,76.0,PASS_NVML_LONG_WINDOW_SAMPLE_COUNT_RELEASE_QUALITY,TOTAL_DEVICE_ENERGY_NO_IDLE_SUBTRACTION,LONG_WINDOW_REPEATED_GENERATION_TO_LOSS_MATERIALIZATION_NOT_SPEEDUP_TIMING
saa.drcet.accuracy_cost_energy_pareto_gpu_h100_energy_long_window.v2.energy_workload_row,near_singular_correlation|d=250|method=gpu_raw_mc|paths=2048|repeat=1,near_singular_correlation,250,gpu_raw_mc,NVIDIA_GPU_H100_PCIE_LONG_WINDOW_ENERGY,2048,1,10,LONG_WINDOW_NVML_POWER_INTEGRATION,2.0,8.0,40,0.02,2,5875,2.0309801580006024,0.34569875029797487,2.0239565699999957,50,2.00867437099987,220.6700158772308,0.03756085376633716,109.858,110.06,466.0,76.0,PASS_NVML_LONG_WINDOW_SAMPLE_COUNT_RELEASE_QUALITY,TOTAL_DEVICE_ENERGY_NO_IDLE_SUBTRACTION,LONG_WINDOW_REPEATED_GENERATION_TO_LOSS_MATERIALIZATION_NOT_SPEEDUP_TIMING
saa.drcet.accuracy_cost_energy_pareto_gpu_h100_energy_long_window.v2.energy_workload_row,near_singular_correlation|d=250|method=gpu_raw_mc|paths=2048|repeat=2,near_singular_correlation,250,gpu_raw_mc,NVIDIA_GPU_H100_PCIE_LONG_WINDOW_ENERGY,2048,2,10,LONG_WINDOW_NVML_POWER_INTEGRATION,2.0,8.0,40,0.02,2,5882,2.0247269220017188,0.34422423019410386,2.024859375999995,50,2.0030447440003627,220.11759966135466,0.037422237276666895,109.89039999999999,110.14,466.0,76.0,PASS_NVML_LONG_WINDOW_SAMPLE_COUNT_RELEASE_QUALITY,TOTAL_DEVICE_ENERGY_NO_IDLE_SUBTRACTION,LONG_WINDOW_REPEATED_GENERATION_TO_LOSS_MATERIALIZATION_NOT_SPEEDUP_TIMING
saa.drcet.accuracy_cost_energy_pareto_gpu_h100_energy_long_window.v2.energy_workload_row,near_singular_correlation|d=500|method=gpu_antithetic_mc|paths=512|repeat=0,near_singular_correlation,500,gpu_antithetic_mc,NVIDIA_GPU_H100_PCIE_LONG_WINDOW_ENERGY,512,0,10,LONG_WINDOW_NVML_POWER_INTEGRATION,2.0,8.0,40,0.02,2,4337,2.0213460879986087,0.46607011482559574,2.027515329000039,48,1.99913996199939,213.61032306595055,0.04925301431080253,106.85583333333334,109.78,466.0,61.0,PASS_NVML_LONG_WINDOW_SAMPLE_COUNT_RELEASE_QUALITY,TOTAL_DEVICE_ENERGY_NO_IDLE_SUBTRACTION,LONG_WINDOW_REPEATED_GENERATION_TO_LOSS_MATERIALIZATION_NOT_SPEEDUP_TIMING
saa.drcet.accuracy_cost_energy_pareto_gpu_h100_energy_long_window.v2.energy_workload_row,near_singular_correlation|d=500|method=gpu_antithetic_mc|paths=512|repeat=1,near_singular_correlation,500,gpu_antithetic_mc,NVIDIA_GPU_H100_PCIE_LONG_WINDOW_ENERGY,512,1,10,LONG_WINDOW_NVML_POWER_INTEGRATION,2.0,8.0,40,0.02,2,4322,2.0269391530000576,0.46898175682555704,2.030240825000078,50,2.004706134999651,212.17285332175317,0.049091358936083566,105.8368,105.92,466.0,60.0,PASS_NVML_LONG_WINDOW_SAMPLE_COUNT_RELEASE_QUALITY,TOTAL_DEVICE_ENERGY_NO_IDLE_SUBTRACTION,LONG_WINDOW_REPEATED_GENERATION_TO_LOSS_MATERIALIZATION_NOT_SPEEDUP_TIMING
saa.drcet.accuracy_cost_energy_pareto_gpu_h100_energy_long_window.v2.energy_workload_row,near_singular_correlation|d=500|method=gpu_antithetic_mc|paths=512|repeat=2,near_singular_correlation,500,gpu_antithetic_mc,NVIDIA_GPU_H100_PCIE_LONG_WINDOW_ENERGY,512,2,10,LONG_WINDOW_NVML_POWER_INTEGRATION,2.0,8.0,40,0.02,2,4340,2.0271862400004466,0.46709360368673886,2.028938374999939,50,2.004884784000751,212.19704791614453,0.048893329012936526,105.8378,105.99,466.0,61.0,PASS_NVML_LONG_WINDOW_SAMPLE_COUNT_RELEASE_QUALITY,TOTAL_DEVICE_ENERGY_NO_IDLE_SUBTRACTION,LONG_WINDOW_REPEATED_GENERATION_TO_LOSS_MATERIALIZATION_NOT_SPEEDUP_TIMING
saa.drcet.accuracy_cost_energy_pareto_gpu_h100_energy_long_window.v2.energy_workload_row,near_singular_correlation|d=500|method=gpu_antithetic_mc|paths=2048|repeat=0,near_singular_correlation,500,gpu_antithetic_mc,NVIDIA_GPU_H100_PCIE_LONG_WINDOW_ENERGY,2048,0,10,LONG_WINDOW_NVML_POWER_INTEGRATION,2.0,8.0,40,0.02,2,4335,2.03898879100052,0.47035496908893193,2.030299635999995,50,2.0171172030004527,223.02017541607168,0.05144640724707536,110.54060000000001,112.25,478.0,65.0,PASS_NVML_LONG_WINDOW_SAMPLE_COUNT_RELEASE_QUALITY,TOTAL_DEVICE_ENERGY_NO_IDLE_SUBTRACTION,LONG_WINDOW_REPEATED_GENERATION_TO_LOSS_MATERIALIZATION_NOT_SPEEDUP_TIMING
saa.drcet.accuracy_cost_energy_pareto_gpu_h100_energy_long_window.v2.energy_workload_row,near_singular_correlation|d=500|method=gpu_antithetic_mc|paths=2048|repeat=1,near_singular_correlation,500,gpu_antithetic_mc,NVIDIA_GPU_H100_PCIE_LONG_WINDOW_ENERGY,2048,1,10,LONG_WINDOW_NVML_POWER_INTEGRATION,2.0,8.0,40,0.02,2,4326,2.0360299559997657,0.470649550624079,2.0285476339998922,50,2.014277877000495,225.56904051113548,0.05214263534700311,111.9834,112.28,478.0,65.0,PASS_NVML_LONG_WINDOW_SAMPLE_COUNT_RELEASE_QUALITY,TOTAL_DEVICE_ENERGY_NO_IDLE_SUBTRACTION,LONG_WINDOW_REPEATED_GENERATION_TO_LOSS_MATERIALIZATION_NOT_SPEEDUP_TIMING
saa.drcet.accuracy_cost_energy_pareto_gpu_h100_energy_long_window.v2.energy_workload_row,near_singular_correlation|d=500|method=gpu_antithetic_mc|paths=2048|repeat=2,near_singular_correlation,500,gpu_antithetic_mc,NVIDIA_GPU_H100_PCIE_LONG_WINDOW_ENERGY,2048,2,10,LONG_WINDOW_NVML_POWER_INTEGRATION,2.0,8.0,40,0.02,2,4335,2.0385433079991344,0.47025220484409097,2.03013076000002,50,2.01646614099991,225.83932268941476,0.05209672957079925,111.99779999999998,112.32,478.0,65.0,PASS_NVML_LONG_WINDOW_SAMPLE_COUNT_RELEASE_QUALITY,TOTAL_DEVICE_ENERGY_NO_IDLE_SUBTRACTION,LONG_WINDOW_REPEATED_GENERATION_TO_LOSS_MATERIALIZATION_NOT_SPEEDUP_TIMING
saa.drcet.accuracy_cost_energy_pareto_gpu_h100_energy_long_window.v2.energy_workload_row,near_singular_correlation|d=500|method=gpu_importance_sampling|paths=512|repeat=0,near_singular_correlation,500,gpu_importance_sampling,NVIDIA_GPU_H100_PCIE_LONG_WINDOW_ENERGY,512,0,10,LONG_WINDOW_NVML_POWER_INTEGRATION,2.0,8.0,40,0.02,2,5250,2.021185087000049,0.38498763561905697,2.023286882999969,48,1.9985037410006044,215.23787149101076,0.04099768980781157,107.68979166666668,111.69,464.0,69.0,PASS_NVML_LONG_WINDOW_SAMPLE_COUNT_RELEASE_QUALITY,TOTAL_DEVICE_ENERGY_NO_IDLE_SUBTRACTION,LONG_WINDOW_REPEATED_GENERATION_TO_LOSS_MATERIALIZATION_NOT_SPEEDUP_TIMING
saa.drcet.accuracy_cost_energy_pareto_gpu_h100_energy_long_window.v2.energy_workload_row,near_singular_correlation|d=500|method=gpu_importance_sampling|paths=512|repeat=1,near_singular_correlation,500,gpu_importance_sampling,NVIDIA_GPU_H100_PCIE_LONG_WINDOW_ENERGY,512,1,10,LONG_WINDOW_NVML_POWER_INTEGRATION,2.0,8.0,40,0.02,2,5232,2.024998636001328,0.38704102370055965,2.024258001999897,50,2.0026776289996633,213.0651525553392,0.040723461879843124,106.38960000000002,106.46,464.0,69.0,PASS_NVML_LONG_WINDOW_SAMPLE_COUNT_RELEASE_QUALITY,TOTAL_DEVICE_ENERGY_NO_IDLE_SUBTRACTION,LONG_WINDOW_REPEATED_GENERATION_TO_LOSS_MATERIALIZATION_NOT_SPEEDUP_TIMING
saa.drcet.accuracy_cost_energy_pareto_gpu_h100_energy_long_window.v2.energy_workload_row,near_singular_correlation|d=500|method=gpu_importance_sampling|paths=512|repeat=2,near_singular_correlation,500,gpu_importance_sampling,NVIDIA_GPU_H100_PCIE_LONG_WINDOW_ENERGY,512,2,10,LONG_WINDOW_NVML_POWER_INTEGRATION,2.0,8.0,40,0.02,2,5198,2.0212952139991103,0.38886017968432285,2.0250644829999374,50,1.9994675750003807,212.49667531425038,0.04088046850985964,106.27859999999998,106.41,464.0,68.0,PASS_NVML_LONG_WINDOW_SAMPLE_COUNT_RELEASE_QUALITY,TOTAL_DEVICE_ENERGY_NO_IDLE_SUBTRACTION,LONG_WINDOW_REPEATED_GENERATION_TO_LOSS_MATERIALIZATION_NOT_SPEEDUP_TIMING
saa.drcet.accuracy_cost_energy_pareto_gpu_h100_energy_long_window.v2.energy_workload_row,near_singular_correlation|d=500|method=gpu_importance_sampling|paths=2048|repeat=0,near_singular_correlation,500,gpu_importance_sampling,NVIDIA_GPU_H100_PCIE_LONG_WINDOW_ENERGY,2048,0,10,LONG_WINDOW_NVML_POWER_INTEGRATION,2.0,8.0,40,0.02,2,5208,2.0325820650014066,0.3902807344472747,2.0253448569999364,50,2.011020945999917,222.48523090820615,0.042719898407873685,110.6156,112.3,470.0,76.0,PASS_NVML_LONG_WINDOW_SAMPLE_COUNT_RELEASE_QUALITY,TOTAL_DEVICE_ENERGY_NO_IDLE_SUBTRACTION,LONG_WINDOW_REPEATED_GENERATION_TO_LOSS_MATERIALIZATION_NOT_SPEEDUP_TIMING
saa.drcet.accuracy_cost_energy_pareto_gpu_h100_energy_long_window.v2.energy_workload_row,near_singular_correlation|d=500|method=gpu_importance_sampling|paths=2048|repeat=1,near_singular_correlation,500,gpu_importance_sampling,NVIDIA_GPU_H100_PCIE_LONG_WINDOW_ENERGY,2048,1,10,LONG_WINDOW_NVML_POWER_INTEGRATION,2.0,8.0,40,0.02,2,5246,2.0276195149999694,0.38650772302706243,2.023787342999981,50,2.005876106000869,224.8504072027624,0.04286130522355364,112.09500000000001,112.34,470.0,76.0,PASS_NVML_LONG_WINDOW_SAMPLE_COUNT_RELEASE_QUALITY,TOTAL_DEVICE_ENERGY_NO_IDLE_SUBTRACTION,LONG_WINDOW_REPEATED_GENERATION_TO_LOSS_MATERIALIZATION_NOT_SPEEDUP_TIMING
saa.drcet.accuracy_cost_energy_pareto_gpu_h100_energy_long_window.v2.energy_workload_row,near_singular_correlation|d=500|method=gpu_importance_sampling|paths=2048|repeat=2,near_singular_correlation,500,gpu_importance_sampling,NVIDIA_GPU_H100_PCIE_LONG_WINDOW_ENERGY,2048,2,10,LONG_WINDOW_NVML_POWER_INTEGRATION,2.0,8.0,40,0.02,2,5213,2.0305685970015475,0.389520160560435,2.0239500380000663,50,2.0087800460005383,225.15041918714542,0.04319018208078754,112.083,112.35,470.0,76.0,PASS_NVML_LONG_WINDOW_SAMPLE_COUNT_RELEASE_QUALITY,TOTAL_DEVICE_ENERGY_NO_IDLE_SUBTRACTION,LONG_WINDOW_REPEATED_GENERATION_TO_LOSS_MATERIALIZATION_NOT_SPEEDUP_TIMING
saa.drcet.accuracy_cost_energy_pareto_gpu_h100_energy_long_window.v2.energy_workload_row,near_singular_correlation|d=500|method=gpu_randomized_qmc_cpu_sobol|paths=512|repeat=0,near_singular_correlation,500,gpu_randomized_qmc_cpu_sobol,NVIDIA_GPU_H100_PCIE_LONG_WINDOW_ENERGY,512,0,10,LONG_WINDOW_NVML_POWER_INTEGRATION,2.0,8.0,40,0.02,2,109,2.03416607500003,18.662074082569085,2.0291767269999355,45,2.0030759179990127,203.70392738268424,1.8688433704833416,101.58399999999999,111.27,464.0,20.0,PASS_NVML_LONG_WINDOW_SAMPLE_COUNT_RELEASE_QUALITY,TOTAL_DEVICE_ENERGY_NO_IDLE_SUBTRACTION,LONG_WINDOW_REPEATED_GENERATION_TO_LOSS_MATERIALIZATION_NOT_SPEEDUP_TIMING
saa.drcet.accuracy_cost_energy_pareto_gpu_h100_energy_long_window.v2.energy_workload_row,near_singular_correlation|d=500|method=gpu_randomized_qmc_cpu_sobol|paths=512|repeat=1,near_singular_correlation,500,gpu_randomized_qmc_cpu_sobol,NVIDIA_GPU_H100_PCIE_LONG_WINDOW_ENERGY,512,1,10,LONG_WINDOW_NVML_POWER_INTEGRATION,2.0,8.0,40,0.02,2,108,2.033207735999895,18.825997555554583,2.027884239000059,47,2.002113587999702,197.47654794542558,1.828486555050237,98.63255319148938,98.68,464.0,1.0,PASS_NVML_LONG_WINDOW_SAMPLE_COUNT_RELEASE_QUALITY,TOTAL_DEVICE_ENERGY_NO_IDLE_SUBTRACTION,LONG_WINDOW_REPEATED_GENERATION_TO_LOSS_MATERIALIZATION_NOT_SPEEDUP_TIMING
saa.drcet.accuracy_cost_energy_pareto_gpu_h100_energy_long_window.v2.energy_workload_row,near_singular_correlation|d=500|method=gpu_randomized_qmc_cpu_sobol|paths=512|repeat=2,near_singular_correlation,500,gpu_randomized_qmc_cpu_sobol,NVIDIA_GPU_H100_PCIE_LONG_WINDOW_ENERGY,512,2,10,LONG_WINDOW_NVML_POWER_INTEGRATION,2.0,8.0,40,0.02,2,109,2.047471382000367,18.784141119269425,2.024268240999959,47,2.0265946199997416,199.63329196206453,1.8314980913950873,98.50702127659574,98.55,464.0,1.0,PASS_NVML_LONG_WINDOW_SAMPLE_COUNT_RELEASE_QUALITY,TOTAL_DEVICE_ENERGY_NO_IDLE_SUBTRACTION,LONG_WINDOW_REPEATED_GENERATION_TO_LOSS_MATERIALIZATION_NOT_SPEEDUP_TIMING
saa.drcet.accuracy_cost_energy_pareto_gpu_h100_energy_long_window.v2.energy_workload_row,near_singular_correlation|d=500|method=gpu_randomized_qmc_cpu_sobol|paths=2048|repeat=0,near_singular_correlation,500,gpu_randomized_qmc_cpu_sobol,NVIDIA_GPU_H100_PCIE_LONG_WINDOW_ENERGY,2048,0,10,LONG_WINDOW_NVML_POWER_INTEGRATION,2.0,8.0,40,0.02,2,42,2.057773135999014,48.994598476167,2.048687545000007,44,2.03654709500006,200.62905106309086,4.77688216816883,98.51454545454544,98.53,470.0,1.0,PASS_NVML_LONG_WINDOW_SAMPLE_COUNT_RELEASE_QUALITY,TOTAL_DEVICE_ENERGY_NO_IDLE_SUBTRACTION,LONG_WINDOW_REPEATED_GENERATION_TO_LOSS_MATERIALIZATION_NOT_SPEEDUP_TIMING
saa.drcet.accuracy_cost_energy_pareto_gpu_h100_energy_long_window.v2.energy_workload_row,near_singular_correlation|d=500|method=gpu_randomized_qmc_cpu_sobol|paths=2048|repeat=1,near_singular_correlation,500,gpu_randomized_qmc_cpu_sobol,NVIDIA_GPU_H100_PCIE_LONG_WINDOW_ENERGY,2048,1,10,LONG_WINDOW_NVML_POWER_INTEGRATION,2.0,8.0,40,0.02,2,42,2.0550860120001744,48.93061933333748,2.046218901999964,44,2.0339887400004955,200.3870711215638,4.771120740989614,98.51931818181819,98.54,470.0,1.0,PASS_NVML_LONG_WINDOW_SAMPLE_COUNT_RELEASE_QUALITY,TOTAL_DEVICE_ENERGY_NO_IDLE_SUBTRACTION,LONG_WINDOW_REPEATED_GENERATION_TO_LOSS_MATERIALIZATION_NOT_SPEEDUP_TIMING
saa.drcet.accuracy_cost_energy_pareto_gpu_h100_energy_long_window.v2.energy_workload_row,near_singular_correlation|d=500|method=gpu_randomized_qmc_cpu_sobol|paths=2048|repeat=2,near_singular_correlation,500,gpu_randomized_qmc_cpu_sobol,NVIDIA_GPU_H100_PCIE_LONG_WINDOW_ENERGY,2048,2,10,LONG_WINDOW_NVML_POWER_INTEGRATION,2.0,8.0,40,0.02,2,42,2.065135327000462,49.16988873810624,2.0561040960000128,43,2.04401963500095,201.36402939347354,4.79438165222556,98.51302325581395,98.53,470.0,1.0,PASS_NVML_LONG_WINDOW_SAMPLE_COUNT_RELEASE_QUALITY,TOTAL_DEVICE_ENERGY_NO_IDLE_SUBTRACTION,LONG_WINDOW_REPEATED_GENERATION_TO_LOSS_MATERIALIZATION_NOT_SPEEDUP_TIMING
saa.drcet.accuracy_cost_energy_pareto_gpu_h100_energy_long_window.v2.energy_workload_row,near_singular_correlation|d=500|method=gpu_raw_mc|paths=512|repeat=0,near_singular_correlation,500,gpu_raw_mc,NVIDIA_GPU_H100_PCIE_LONG_WINDOW_ENERGY,512,0,10,LONG_WINDOW_NVML_POWER_INTEGRATION,2.0,8.0,40,0.02,2,5854,2.026727682001365,0.34621244994898615,2.0245182779999595,50,2.0054636120003124,210.20817320248008,0.03590846826144176,104.8058,106.95,464.0,72.0,PASS_NVML_LONG_WINDOW_SAMPLE_COUNT_RELEASE_QUALITY,TOTAL_DEVICE_ENERGY_NO_IDLE_SUBTRACTION,LONG_WINDOW_REPEATED_GENERATION_TO_LOSS_MATERIALIZATION_NOT_SPEEDUP_TIMING
saa.drcet.accuracy_cost_energy_pareto_gpu_h100_energy_long_window.v2.energy_workload_row,near_singular_correlation|d=500|method=gpu_raw_mc|paths=512|repeat=1,near_singular_correlation,500,gpu_raw_mc,NVIDIA_GPU_H100_PCIE_LONG_WINDOW_ENERGY,512,1,10,LONG_WINDOW_NVML_POWER_INTEGRATION,2.0,8.0,40,0.02,2,5885,2.022299861000647,0.3436363400171023,2.023918739999999,50,2.000471882000056,213.51959457279585,0.03628200417549632,106.736,106.91,464.0,72.0,PASS_NVML_LONG_WINDOW_SAMPLE_COUNT_RELEASE_QUALITY,TOTAL_DEVICE_ENERGY_NO_IDLE_SUBTRACTION,LONG_WINDOW_REPEATED_GENERATION_TO_LOSS_MATERIALIZATION_NOT_SPEEDUP_TIMING
saa.drcet.accuracy_cost_energy_pareto_gpu_h100_energy_long_window.v2.energy_workload_row,near_singular_correlation|d=500|method=gpu_raw_mc|paths=512|repeat=2,near_singular_correlation,500,gpu_raw_mc,NVIDIA_GPU_H100_PCIE_LONG_WINDOW_ENERGY,512,2,10,LONG_WINDOW_NVML_POWER_INTEGRATION,2.0,8.0,40,0.02,2,5886,2.020383512999615,0.34325238073387954,2.0233113600000934,50,1.9990423919989553,213.7931533395783,0.03632231623166468,106.94760000000001,107.12,464.0,72.0,PASS_NVML_LONG_WINDOW_SAMPLE_COUNT_RELEASE_QUALITY,TOTAL_DEVICE_ENERGY_NO_IDLE_SUBTRACTION,LONG_WINDOW_REPEATED_GENERATION_TO_LOSS_MATERIALIZATION_NOT_SPEEDUP_TIMING
saa.drcet.accuracy_cost_energy_pareto_gpu_h100_energy_long_window.v2.energy_workload_row,near_singular_correlation|d=500|method=gpu_raw_mc|paths=2048|repeat=0,near_singular_correlation,500,gpu_raw_mc,NVIDIA_GPU_H100_PCIE_LONG_WINDOW_ENERGY,2048,0,10,LONG_WINDOW_NVML_POWER_INTEGRATION,2.0,8.0,40,0.02,2,5883,2.0324364230000356,0.3454761895291578,2.0236617910001087,50,2.011709931999576,224.89134943678292,0.038227324398569254,111.77060000000002,113.53,470.0,81.0,PASS_NVML_LONG_WINDOW_SAMPLE_COUNT_RELEASE_QUALITY,TOTAL_DEVICE_ENERGY_NO_IDLE_SUBTRACTION,LONG_WINDOW_REPEATED_GENERATION_TO_LOSS_MATERIALIZATION_NOT_SPEEDUP_TIMING
saa.drcet.accuracy_cost_energy_pareto_gpu_h100_energy_long_window.v2.energy_workload_row,near_singular_correlation|d=500|method=gpu_raw_mc|paths=2048|repeat=1,near_singular_correlation,500,gpu_raw_mc,NVIDIA_GPU_H100_PCIE_LONG_WINDOW_ENERGY,2048,1,10,LONG_WINDOW_NVML_POWER_INTEGRATION,2.0,8.0,40,0.02,2,5882,2.0291955480006436,0.3449839421966412,2.0229656679999835,50,2.0081302160015184,227.3795825044865,0.0386568484366689,113.23019999999998,113.53,470.0,81.0,PASS_NVML_LONG_WINDOW_SAMPLE_COUNT_RELEASE_QUALITY,TOTAL_DEVICE_ENERGY_NO_IDLE_SUBTRACTION,LONG_WINDOW_REPEATED_GENERATION_TO_LOSS_MATERIALIZATION_NOT_SPEEDUP_TIMING
saa.drcet.accuracy_cost_energy_pareto_gpu_h100_energy_long_window.v2.energy_workload_row,near_singular_correlation|d=500|method=gpu_raw_mc|paths=2048|repeat=2,near_singular_correlation,500,gpu_raw_mc,NVIDIA_GPU_H100_PCIE_LONG_WINDOW_ENERGY,2048,2,10,LONG_WINDOW_NVML_POWER_INTEGRATION,2.0,8.0,40,0.02,2,5846,2.0205527449998044,0.34562995980154027,2.024245454000038,48,1.9994123649994435,226.35656842259664,0.038719905648750705,113.20937499999998,113.49,470.0,82.0,PASS_NVML_LONG_WINDOW_SAMPLE_COUNT_RELEASE_QUALITY,TOTAL_DEVICE_ENERGY_NO_IDLE_SUBTRACTION,LONG_WINDOW_REPEATED_GENERATION_TO_LOSS_MATERIALIZATION_NOT_SPEEDUP_TIMING
saa.drcet.accuracy_cost_energy_pareto_gpu_h100_energy_long_window.v2.energy_workload_row,near_singular_correlation|d=1000|method=gpu_antithetic_mc|paths=512|repeat=0,near_singular_correlation,1000,gpu_antithetic_mc,NVIDIA_GPU_H100_PCIE_LONG_WINDOW_ENERGY,512,0,10,LONG_WINDOW_NVML_POWER_INTEGRATION,2.0,8.0,40,0.02,2,4332,2.0339104520007822,0.46950841458928494,2.028739128999973,50,2.013038590999713,220.33063197667954,0.05086118005001836,109.4636,113.05,470.0,80.0,PASS_NVML_LONG_WINDOW_SAMPLE_COUNT_RELEASE_QUALITY,TOTAL_DEVICE_ENERGY_NO_IDLE_SUBTRACTION,LONG_WINDOW_REPEATED_GENERATION_TO_LOSS_MATERIALIZATION_NOT_SPEEDUP_TIMING
saa.drcet.accuracy_cost_energy_pareto_gpu_h100_energy_long_window.v2.energy_workload_row,near_singular_correlation|d=1000|method=gpu_antithetic_mc|paths=512|repeat=1,near_singular_correlation,1000,gpu_antithetic_mc,NVIDIA_GPU_H100_PCIE_LONG_WINDOW_ENERGY,512,1,10,LONG_WINDOW_NVML_POWER_INTEGRATION,2.0,8.0,40,0.02,2,4334,2.0349035270010063,0.46952088763290406,2.0302795819999346,50,2.0136230560001422,217.99259131587513,0.05029824441990658,108.25560000000002,108.43,470.0,62.0,PASS_NVML_LONG_WINDOW_SAMPLE_COUNT_RELEASE_QUALITY,TOTAL_DEVICE_ENERGY_NO_IDLE_SUBTRACTION,LONG_WINDOW_REPEATED_GENERATION_TO_LOSS_MATERIALIZATION_NOT_SPEEDUP_TIMING
saa.drcet.accuracy_cost_energy_pareto_gpu_h100_energy_long_window.v2.energy_workload_row,near_singular_correlation|d=1000|method=gpu_antithetic_mc|paths=512|repeat=2,near_singular_correlation,1000,gpu_antithetic_mc,NVIDIA_GPU_H100_PCIE_LONG_WINDOW_ENERGY,512,2,10,LONG_WINDOW_NVML_POWER_INTEGRATION,2.0,8.0,40,0.02,2,4336,2.0293817189995025,0.46803083925265276,2.0294399980000435,50,2.007603457001096,217.2621346035235,0.05010658085874619,108.21800000000002,108.45,470.0,62.0,PASS_NVML_LONG_WINDOW_SAMPLE_COUNT_RELEASE_QUALITY,TOTAL_DEVICE_ENERGY_NO_IDLE_SUBTRACTION,LONG_WINDOW_REPEATED_GENERATION_TO_LOSS_MATERIALIZATION_NOT_SPEEDUP_TIMING
saa.drcet.accuracy_cost_energy_pareto_gpu_h100_energy_long_window.v2.energy_workload_row,near_singular_correlation|d=1000|method=gpu_antithetic_mc|paths=2048|repeat=0,near_singular_correlation,1000,gpu_antithetic_mc,NVIDIA_GPU_H100_PCIE_LONG_WINDOW_ENERGY,2048,0,10,LONG_WINDOW_NVML_POWER_INTEGRATION,2.0,8.0,40,0.02,2,4095,2.0215062530005525,0.49365232063505554,2.0292894469999965,48,1.9971718979995785,234.99657469312515,0.05738622092628209,117.64479166666668,121.0,494.0,73.0,PASS_NVML_LONG_WINDOW_SAMPLE_COUNT_RELEASE_QUALITY,TOTAL_DEVICE_ENERGY_NO_IDLE_SUBTRACTION,LONG_WINDOW_REPEATED_GENERATION_TO_LOSS_MATERIALIZATION_NOT_SPEEDUP_TIMING
saa.drcet.accuracy_cost_energy_pareto_gpu_h100_energy_long_window.v2.energy_workload_row,near_singular_correlation|d=1000|method=gpu_antithetic_mc|paths=2048|repeat=1,near_singular_correlation,1000,gpu_antithetic_mc,NVIDIA_GPU_H100_PCIE_LONG_WINDOW_ENERGY,2048,1,10,LONG_WINDOW_NVML_POWER_INTEGRATION,2.0,8.0,40,0.02,2,4071,2.021206831001109,0.49648902751194035,2.0272855209999534,48,1.998097023999435,241.19686570551193,0.059247572022970256,120.70833333333333,121.03,494.0,73.0,PASS_NVML_LONG_WINDOW_SAMPLE_COUNT_RELEASE_QUALITY,TOTAL_DEVICE_ENERGY_NO_IDLE_SUBTRACTION,LONG_WINDOW_REPEATED_GENERATION_TO_LOSS_MATERIALIZATION_NOT_SPEEDUP_TIMING
saa.drcet.accuracy_cost_energy_pareto_gpu_h100_energy_long_window.v2.energy_workload_row,near_singular_correlation|d=1000|method=gpu_antithetic_mc|paths=2048|repeat=2,near_singular_correlation,1000,gpu_antithetic_mc,NVIDIA_GPU_H100_PCIE_LONG_WINDOW_ENERGY,2048,2,10,LONG_WINDOW_NVML_POWER_INTEGRATION,2.0,8.0,40,0.02,2,4058,2.0235147229996073,0.49864828068004124,2.028414339000051,47,2.0006692749993817,241.34322249010552,0.05947344073191363,120.62702127659577,121.06,494.0,74.0,PASS_NVML_LONG_WINDOW_SAMPLE_COUNT_RELEASE_QUALITY,TOTAL_DEVICE_ENERGY_NO_IDLE_SUBTRACTION,LONG_WINDOW_REPEATED_GENERATION_TO_LOSS_MATERIALIZATION_NOT_SPEEDUP_TIMING
saa.drcet.accuracy_cost_energy_pareto_gpu_h100_energy_long_window.v2.energy_workload_row,near_singular_correlation|d=1000|method=gpu_importance_sampling|paths=512|repeat=0,near_singular_correlation,1000,gpu_importance_sampling,NVIDIA_GPU_H100_PCIE_LONG_WINDOW_ENERGY,512,0,10,LONG_WINDOW_NVML_POWER_INTEGRATION,2.0,8.0,40,0.02,2,5243,2.0206072269993456,0.3853914222771973,2.024514249000049,50,1.9990574260009453,222.275882300486,0.04239478968157276,111.22840000000001,120.48,466.0,71.0,PASS_NVML_LONG_WINDOW_SAMPLE_COUNT_RELEASE_QUALITY,TOTAL_DEVICE_ENERGY_NO_IDLE_SUBTRACTION,LONG_WINDOW_REPEATED_GENERATION_TO_LOSS_MATERIALIZATION_NOT_SPEEDUP_TIMING
saa.drcet.accuracy_cost_energy_pareto_gpu_h100_energy_long_window.v2.energy_workload_row,near_singular_correlation|d=1000|method=gpu_importance_sampling|paths=512|repeat=1,near_singular_correlation,1000,gpu_importance_sampling,NVIDIA_GPU_H100_PCIE_LONG_WINDOW_ENERGY,512,1,10,LONG_WINDOW_NVML_POWER_INTEGRATION,2.0,8.0,40,0.02,2,5224,2.0203845460000593,0.3867504873660144,2.0244181819999767,50,1.998909822999849,216.0760408401587,0.04136218239666131,108.09700000000002,108.22,466.0,71.0,PASS_NVML_LONG_WINDOW_SAMPLE_COUNT_RELEASE_QUALITY,TOTAL_DEVICE_ENERGY_NO_IDLE_SUBTRACTION,LONG_WINDOW_REPEATED_GENERATION_TO_LOSS_MATERIALIZATION_NOT_SPEEDUP_TIMING
saa.drcet.accuracy_cost_energy_pareto_gpu_h100_energy_long_window.v2.energy_workload_row,near_singular_correlation|d=1000|method=gpu_importance_sampling|paths=512|repeat=2,near_singular_correlation,1000,gpu_importance_sampling,NVIDIA_GPU_H100_PCIE_LONG_WINDOW_ENERGY,512,2,10,LONG_WINDOW_NVML_POWER_INTEGRATION,2.0,8.0,40,0.02,2,5239,2.020073263998711,0.3855837495702827,2.035142024000038,49,1.9972571460002655,215.90855300934376,0.04121178717490814,108.10265306122449,108.22,466.0,71.0,PASS_NVML_LONG_WINDOW_SAMPLE_COUNT_RELEASE_QUALITY,TOTAL_DEVICE_ENERGY_NO_IDLE_SUBTRACTION,LONG_WINDOW_REPEATED_GENERATION_TO_LOSS_MATERIALIZATION_NOT_SPEEDUP_TIMING
saa.drcet.accuracy_cost_energy_pareto_gpu_h100_energy_long_window.v2.energy_workload_row,near_singular_correlation|d=1000|method=gpu_importance_sampling|paths=2048|repeat=0,near_singular_correlation,1000,gpu_importance_sampling,NVIDIA_GPU_H100_PCIE_LONG_WINDOW_ENERGY,2048,0,10,LONG_WINDOW_NVML_POWER_INTEGRATION,2.0,8.0,40,0.02,2,5196,2.0243090510011825,0.38958988664379957,2.024725518999958,50,2.0030912879992684,231.53490998097513,0.04456022132043401,115.56800000000001,118.43,478.0,86.0,PASS_NVML_LONG_WINDOW_SAMPLE_COUNT_RELEASE_QUALITY,TOTAL_DEVICE_ENERGY_NO_IDLE_SUBTRACTION,LONG_WINDOW_REPEATED_GENERATION_TO_LOSS_MATERIALIZATION_NOT_SPEEDUP_TIMING
saa.drcet.accuracy_cost_energy_pareto_gpu_h100_energy_long_window.v2.energy_workload_row,near_singular_correlation|d=1000|method=gpu_importance_sampling|paths=2048|repeat=1,near_singular_correlation,1000,gpu_importance_sampling,NVIDIA_GPU_H100_PCIE_LONG_WINDOW_ENERGY,2048,1,10,LONG_WINDOW_NVML_POWER_INTEGRATION,2.0,8.0,40,0.02,2,5222,2.0310422239999752,0.3889395296821094,2.0244042819999777,50,2.0094211119994725,237.58847494665284,0.04549760148346473,118.23360000000001,118.6,478.0,86.0,PASS_NVML_LONG_WINDOW_SAMPLE_COUNT_RELEASE_QUALITY,TOTAL_DEVICE_ENERGY_NO_IDLE_SUBTRACTION,LONG_WINDOW_REPEATED_GENERATION_TO_LOSS_MATERIALIZATION_NOT_SPEEDUP_TIMING
saa.drcet.accuracy_cost_energy_pareto_gpu_h100_energy_long_window.v2.energy_workload_row,near_singular_correlation|d=1000|method=gpu_importance_sampling|paths=2048|repeat=2,near_singular_correlation,1000,gpu_importance_sampling,NVIDIA_GPU_H100_PCIE_LONG_WINDOW_ENERGY,2048,2,10,LONG_WINDOW_NVML_POWER_INTEGRATION,2.0,8.0,40,0.02,2,5233,2.0275208490002115,0.3874490443340744,2.023518804000105,49,2.0046589099983976,236.9259905880508,0.04527536605924915,118.17979591836733,118.6,478.0,86.0,PASS_NVML_LONG_WINDOW_SAMPLE_COUNT_RELEASE_QUALITY,TOTAL_DEVICE_ENERGY_NO_IDLE_SUBTRACTION,LONG_WINDOW_REPEATED_GENERATION_TO_LOSS_MATERIALIZATION_NOT_SPEEDUP_TIMING
saa.drcet.accuracy_cost_energy_pareto_gpu_h100_energy_long_window.v2.energy_workload_row,near_singular_correlation|d=1000|method=gpu_randomized_qmc_cpu_sobol|paths=512|repeat=0,near_singular_correlation,1000,gpu_randomized_qmc_cpu_sobol,NVIDIA_GPU_H100_PCIE_LONG_WINDOW_ENERGY,512,0,10,LONG_WINDOW_NVML_POWER_INTEGRATION,2.0,8.0,40,0.02,2,40,2.110275440998521,52.75688602496302,2.093577789000051,42,2.0847109079986694,213.8921614717221,5.347304036793052,102.62666666666667,115.8,466.0,19.0,PASS_NVML_LONG_WINDOW_SAMPLE_COUNT_RELEASE_QUALITY,TOTAL_DEVICE_ENERGY_NO_IDLE_SUBTRACTION,LONG_WINDOW_REPEATED_GENERATION_TO_LOSS_MATERIALIZATION_NOT_SPEEDUP_TIMING
saa.drcet.accuracy_cost_energy_pareto_gpu_h100_energy_long_window.v2.energy_workload_row,near_singular_correlation|d=1000|method=gpu_randomized_qmc_cpu_sobol|paths=512|repeat=1,near_singular_correlation,1000,gpu_randomized_qmc_cpu_sobol,NVIDIA_GPU_H100_PCIE_LONG_WINDOW_ENERGY,512,1,10,LONG_WINDOW_NVML_POWER_INTEGRATION,2.0,8.0,40,0.02,2,40,2.110776358000294,52.769408950007346,2.094667417999972,42,2.0853168060002645,206.4403104292862,5.161007760732155,98.99690476190476,99.0,466.0,0.0,PASS_NVML_LONG_WINDOW_SAMPLE_COUNT_RELEASE_QUALITY,TOTAL_DEVICE_ENERGY_NO_IDLE_SUBTRACTION,LONG_WINDOW_REPEATED_GENERATION_TO_LOSS_MATERIALIZATION_NOT_SPEEDUP_TIMING
saa.drcet.accuracy_cost_energy_pareto_gpu_h100_energy_long_window.v2.energy_workload_row,near_singular_correlation|d=1000|method=gpu_randomized_qmc_cpu_sobol|paths=512|repeat=2,near_singular_correlation,1000,gpu_randomized_qmc_cpu_sobol,NVIDIA_GPU_H100_PCIE_LONG_WINDOW_ENERGY,512,2,10,LONG_WINDOW_NVML_POWER_INTEGRATION,2.0,8.0,40,0.02,2,40,2.1223888810000062,53.059722025000156,2.103549391999991,42,2.096629378000216,207.53623032126646,5.188405758031662,98.9857142857143,99.0,466.0,0.0,PASS_NVML_LONG_WINDOW_SAMPLE_COUNT_RELEASE_QUALITY,TOTAL_DEVICE_ENERGY_NO_IDLE_SUBTRACTION,LONG_WINDOW_REPEATED_GENERATION_TO_LOSS_MATERIALIZATION_NOT_SPEEDUP_TIMING
saa.drcet.accuracy_cost_energy_pareto_gpu_h100_energy_long_window.v2.energy_workload_row,near_singular_correlation|d=1000|method=gpu_randomized_qmc_cpu_sobol|paths=2048|repeat=0,near_singular_correlation,1000,gpu_randomized_qmc_cpu_sobol,NVIDIA_GPU_H100_PCIE_LONG_WINDOW_ENERGY,2048,0,10,LONG_WINDOW_NVML_POWER_INTEGRATION,2.0,8.0,40,0.02,2,23,2.1077343720007775,91.64062486959902,2.090349358000026,48,2.0819641489997593,205.95552657334122,8.954588111884402,98.92395833333332,98.96,478.0,1.0,PASS_NVML_LONG_WINDOW_SAMPLE_COUNT_RELEASE_QUALITY,TOTAL_DEVICE_ENERGY_NO_IDLE_SUBTRACTION,LONG_WINDOW_REPEATED_GENERATION_TO_LOSS_MATERIALIZATION_NOT_SPEEDUP_TIMING
saa.drcet.accuracy_cost_energy_pareto_gpu_h100_energy_long_window.v2.energy_workload_row,near_singular_correlation|d=1000|method=gpu_randomized_qmc_cpu_sobol|paths=2048|repeat=1,near_singular_correlation,1000,gpu_randomized_qmc_cpu_sobol,NVIDIA_GPU_H100_PCIE_LONG_WINDOW_ENERGY,2048,1,10,LONG_WINDOW_NVML_POWER_INTEGRATION,2.0,8.0,40,0.02,2,23,2.107237410999005,91.61901786952195,2.0829396089999364,47,2.081463339000038,205.6941070981088,8.94322204774386,98.82255319148939,98.9,478.0,1.0,PASS_NVML_LONG_WINDOW_SAMPLE_COUNT_RELEASE_QUALITY,TOTAL_DEVICE_ENERGY_NO_IDLE_SUBTRACTION,LONG_WINDOW_REPEATED_GENERATION_TO_LOSS_MATERIALIZATION_NOT_SPEEDUP_TIMING
saa.drcet.accuracy_cost_energy_pareto_gpu_h100_energy_long_window.v2.energy_workload_row,near_singular_correlation|d=1000|method=gpu_randomized_qmc_cpu_sobol|paths=2048|repeat=2,near_singular_correlation,1000,gpu_randomized_qmc_cpu_sobol,NVIDIA_GPU_H100_PCIE_LONG_WINDOW_ENERGY,2048,2,10,LONG_WINDOW_NVML_POWER_INTEGRATION,2.0,8.0,40,0.02,2,23,2.105954583001221,91.56324273918354,2.087372899000002,48,2.0801879499995266,205.32766675976325,8.92728985912014,98.70541666666666,98.75,478.0,1.0,PASS_NVML_LONG_WINDOW_SAMPLE_COUNT_RELEASE_QUALITY,TOTAL_DEVICE_ENERGY_NO_IDLE_SUBTRACTION,LONG_WINDOW_REPEATED_GENERATION_TO_LOSS_MATERIALIZATION_NOT_SPEEDUP_TIMING
saa.drcet.accuracy_cost_energy_pareto_gpu_h100_energy_long_window.v2.energy_workload_row,near_singular_correlation|d=1000|method=gpu_raw_mc|paths=512|repeat=0,near_singular_correlation,1000,gpu_raw_mc,NVIDIA_GPU_H100_PCIE_LONG_WINDOW_ENERGY,512,0,10,LONG_WINDOW_NVML_POWER_INTEGRATION,2.0,8.0,40,0.02,2,5853,2.0236605219997728,0.34574756910981935,2.0235380550000173,50,2.0015703110002505,212.6369190400908,0.03632956074493265,106.20679999999999,108.79,466.0,75.0,PASS_NVML_LONG_WINDOW_SAMPLE_COUNT_RELEASE_QUALITY,TOTAL_DEVICE_ENERGY_NO_IDLE_SUBTRACTION,LONG_WINDOW_REPEATED_GENERATION_TO_LOSS_MATERIALIZATION_NOT_SPEEDUP_TIMING
saa.drcet.accuracy_cost_energy_pareto_gpu_h100_energy_long_window.v2.energy_workload_row,near_singular_correlation|d=1000|method=gpu_raw_mc|paths=512|repeat=1,near_singular_correlation,1000,gpu_raw_mc,NVIDIA_GPU_H100_PCIE_LONG_WINDOW_ENERGY,512,1,10,LONG_WINDOW_NVML_POWER_INTEGRATION,2.0,8.0,40,0.02,2,5849,2.027073332001237,0.34656750418896165,2.025734883000041,50,2.0054997600000206,218.00957758353735,0.03727296590588773,108.70579999999998,108.86,466.0,75.0,PASS_NVML_LONG_WINDOW_SAMPLE_COUNT_RELEASE_QUALITY,TOTAL_DEVICE_ENERGY_NO_IDLE_SUBTRACTION,LONG_WINDOW_REPEATED_GENERATION_TO_LOSS_MATERIALIZATION_NOT_SPEEDUP_TIMING
saa.drcet.accuracy_cost_energy_pareto_gpu_h100_energy_long_window.v2.energy_workload_row,near_singular_correlation|d=1000|method=gpu_raw_mc|paths=512|repeat=2,near_singular_correlation,1000,gpu_raw_mc,NVIDIA_GPU_H100_PCIE_LONG_WINDOW_ENERGY,512,2,10,LONG_WINDOW_NVML_POWER_INTEGRATION,2.0,8.0,40,0.02,2,5835,2.036886936000883,0.34908088020580685,2.025266422999948,50,2.014488516999336,219.15379227486773,0.0375584905355386,108.78540000000001,108.95,466.0,75.0,PASS_NVML_LONG_WINDOW_SAMPLE_COUNT_RELEASE_QUALITY,TOTAL_DEVICE_ENERGY_NO_IDLE_SUBTRACTION,LONG_WINDOW_REPEATED_GENERATION_TO_LOSS_MATERIALIZATION_NOT_SPEEDUP_TIMING
saa.drcet.accuracy_cost_energy_pareto_gpu_h100_energy_long_window.v2.energy_workload_row,near_singular_correlation|d=1000|method=gpu_raw_mc|paths=2048|repeat=0,near_singular_correlation,1000,gpu_raw_mc,NVIDIA_GPU_H100_PCIE_LONG_WINDOW_ENERGY,2048,0,10,LONG_WINDOW_NVML_POWER_INTEGRATION,2.0,8.0,40,0.02,2,5861,2.034500890000345,0.3471252158335344,2.0245534040000166,50,2.0132613059995492,236.1895103614641,0.04029850031760179,117.29379999999999,120.38,478.0,92.0,PASS_NVML_LONG_WINDOW_SAMPLE_COUNT_RELEASE_QUALITY,TOTAL_DEVICE_ENERGY_NO_IDLE_SUBTRACTION,LONG_WINDOW_REPEATED_GENERATION_TO_LOSS_MATERIALIZATION_NOT_SPEEDUP_TIMING
saa.drcet.accuracy_cost_energy_pareto_gpu_h100_energy_long_window.v2.energy_workload_row,near_singular_correlation|d=1000|method=gpu_raw_mc|paths=2048|repeat=1,near_singular_correlation,1000,gpu_raw_mc,NVIDIA_GPU_H100_PCIE_LONG_WINDOW_ENERGY,2048,1,10,LONG_WINDOW_NVML_POWER_INTEGRATION,2.0,8.0,40,0.02,2,5852,2.020538286998999,0.3452731180791181,2.0244727250000096,48,1.99858429500091,239.8531440321935,0.040986524954236755,119.996875,120.44,478.0,92.0,PASS_NVML_LONG_WINDOW_SAMPLE_COUNT_RELEASE_QUALITY,TOTAL_DEVICE_ENERGY_NO_IDLE_SUBTRACTION,LONG_WINDOW_REPEATED_GENERATION_TO_LOSS_MATERIALIZATION_NOT_SPEEDUP_TIMING
saa.drcet.accuracy_cost_energy_pareto_gpu_h100_energy_long_window.v2.energy_workload_row,near_singular_correlation|d=1000|method=gpu_raw_mc|paths=2048|repeat=2,near_singular_correlation,1000,gpu_raw_mc,NVIDIA_GPU_H100_PCIE_LONG_WINDOW_ENERGY,2048,2,10,LONG_WINDOW_NVML_POWER_INTEGRATION,2.0,8.0,40,0.02,2,5854,2.03198040999996,0.3471097386402392,2.024073035000015,50,2.011259623999649,241.7551604483927,0.041297430893131655,120.195,120.54,478.0,92.0,PASS_NVML_LONG_WINDOW_SAMPLE_COUNT_RELEASE_QUALITY,TOTAL_DEVICE_ENERGY_NO_IDLE_SUBTRACTION,LONG_WINDOW_REPEATED_GENERATION_TO_LOSS_MATERIALIZATION_NOT_SPEEDUP_TIMING
saa.drcet.accuracy_cost_energy_pareto_gpu_h100_energy_long_window.v2.energy_workload_row,regime_switching_volatility|d=100|method=gpu_antithetic_mc|paths=512|repeat=0,regime_switching_volatility,100,gpu_antithetic_mc,NVIDIA_GPU_H100_PCIE_LONG_WINDOW_ENERGY,512,0,10,LONG_WINDOW_NVML_POWER_INTEGRATION,2.0,8.0,40,0.02,2,4464,2.0417842940005357,0.457388954749224,2.029478114999961,50,2.0204367019996425,218.73712843141848,0.04900025278481597,108.30199999999999,119.57,462.0,91.0,PASS_NVML_LONG_WINDOW_SAMPLE_COUNT_RELEASE_QUALITY,TOTAL_DEVICE_ENERGY_NO_IDLE_SUBTRACTION,LONG_WINDOW_REPEATED_GENERATION_TO_LOSS_MATERIALIZATION_NOT_SPEEDUP_TIMING
saa.drcet.accuracy_cost_energy_pareto_gpu_h100_energy_long_window.v2.energy_workload_row,regime_switching_volatility|d=100|method=gpu_antithetic_mc|paths=512|repeat=1,regime_switching_volatility,100,gpu_antithetic_mc,NVIDIA_GPU_H100_PCIE_LONG_WINDOW_ENERGY,512,1,10,LONG_WINDOW_NVML_POWER_INTEGRATION,2.0,8.0,40,0.02,2,4472,2.0334810289987217,0.4547140046955997,2.02881930500007,50,2.0115003579994664,210.35032123469904,0.047037191689333416,104.5728,104.75,462.0,59.0,PASS_NVML_LONG_WINDOW_SAMPLE_COUNT_RELEASE_QUALITY,TOTAL_DEVICE_ENERGY_NO_IDLE_SUBTRACTION,LONG_WINDOW_REPEATED_GENERATION_TO_LOSS_MATERIALIZATION_NOT_SPEEDUP_TIMING
saa.drcet.accuracy_cost_energy_pareto_gpu_h100_energy_long_window.v2.energy_workload_row,regime_switching_volatility|d=100|method=gpu_antithetic_mc|paths=512|repeat=2,regime_switching_volatility,100,gpu_antithetic_mc,NVIDIA_GPU_H100_PCIE_LONG_WINDOW_ENERGY,512,2,10,LONG_WINDOW_NVML_POWER_INTEGRATION,2.0,8.0,40,0.02,2,4444,2.030303241999718,0.4568639158415207,2.0307004549999874,50,2.0082432819999667,209.8646824871265,0.04722427598720218,104.50079999999998,104.61,462.0,59.0,PASS_NVML_LONG_WINDOW_SAMPLE_COUNT_RELEASE_QUALITY,TOTAL_DEVICE_ENERGY_NO_IDLE_SUBTRACTION,LONG_WINDOW_REPEATED_GENERATION_TO_LOSS_MATERIALIZATION_NOT_SPEEDUP_TIMING
saa.drcet.accuracy_cost_energy_pareto_gpu_h100_energy_long_window.v2.energy_workload_row,regime_switching_volatility|d=100|method=gpu_antithetic_mc|paths=2048|repeat=0,regime_switching_volatility,100,gpu_antithetic_mc,NVIDIA_GPU_H100_PCIE_LONG_WINDOW_ENERGY,2048,0,10,LONG_WINDOW_NVML_POWER_INTEGRATION,2.0,8.0,40,0.02,2,4452,2.033898133000548,0.45685043418700544,2.0304288970000925,50,2.0116351609995036,213.4404417971071,0.047942596989467005,106.09720000000002,106.75,464.0,61.0,PASS_NVML_LONG_WINDOW_SAMPLE_COUNT_RELEASE_QUALITY,TOTAL_DEVICE_ENERGY_NO_IDLE_SUBTRACTION,LONG_WINDOW_REPEATED_GENERATION_TO_LOSS_MATERIALIZATION_NOT_SPEEDUP_TIMING
saa.drcet.accuracy_cost_energy_pareto_gpu_h100_energy_long_window.v2.energy_workload_row,regime_switching_volatility|d=100|method=gpu_antithetic_mc|paths=2048|repeat=1,regime_switching_volatility,100,gpu_antithetic_mc,NVIDIA_GPU_H100_PCIE_LONG_WINDOW_ENERGY,2048,1,10,LONG_WINDOW_NVML_POWER_INTEGRATION,2.0,8.0,40,0.02,2,4430,2.026740213999801,0.45750343431146756,2.027602194999986,48,2.0057624199998827,213.69469413021778,0.04823807993910108,106.53979166666666,106.75,464.0,61.0,PASS_NVML_LONG_WINDOW_SAMPLE_COUNT_RELEASE_QUALITY,TOTAL_DEVICE_ENERGY_NO_IDLE_SUBTRACTION,LONG_WINDOW_REPEATED_GENERATION_TO_LOSS_MATERIALIZATION_NOT_SPEEDUP_TIMING
saa.drcet.accuracy_cost_energy_pareto_gpu_h100_energy_long_window.v2.energy_workload_row,regime_switching_volatility|d=100|method=gpu_antithetic_mc|paths=2048|repeat=2,regime_switching_volatility,100,gpu_antithetic_mc,NVIDIA_GPU_H100_PCIE_LONG_WINDOW_ENERGY,2048,2,10,LONG_WINDOW_NVML_POWER_INTEGRATION,2.0,8.0,40,0.02,2,4486,2.0217307530001563,0.45067560254127426,2.026761098999941,50,1.9993048109990923,213.17879912885323,0.047520909302018105,106.62800000000001,106.76,464.0,61.0,PASS_NVML_LONG_WINDOW_SAMPLE_COUNT_RELEASE_QUALITY,TOTAL_DEVICE_ENERGY_NO_IDLE_SUBTRACTION,LONG_WINDOW_REPEATED_GENERATION_TO_LOSS_MATERIALIZATION_NOT_SPEEDUP_TIMING
saa.drcet.accuracy_cost_energy_pareto_gpu_h100_energy_long_window.v2.energy_workload_row,regime_switching_volatility|d=100|method=gpu_importance_sampling|paths=512|repeat=0,regime_switching_volatility,100,gpu_importance_sampling,NVIDIA_GPU_H100_PCIE_LONG_WINDOW_ENERGY,512,0,10,LONG_WINDOW_NVML_POWER_INTEGRATION,2.0,8.0,40,0.02,2,5446,2.026697248998971,0.3721441882113425,2.0235148369999933,50,2.0060215329995117,211.78518390421277,0.03888820857587454,105.57799999999999,106.58,462.0,67.0,PASS_NVML_LONG_WINDOW_SAMPLE_COUNT_RELEASE_QUALITY,TOTAL_DEVICE_ENERGY_NO_IDLE_SUBTRACTION,LONG_WINDOW_REPEATED_GENERATION_TO_LOSS_MATERIALIZATION_NOT_SPEEDUP_TIMING
saa.drcet.accuracy_cost_energy_pareto_gpu_h100_energy_long_window.v2.energy_workload_row,regime_switching_volatility|d=100|method=gpu_importance_sampling|paths=512|repeat=1,regime_switching_volatility,100,gpu_importance_sampling,NVIDIA_GPU_H100_PCIE_LONG_WINDOW_ENERGY,512,1,10,LONG_WINDOW_NVML_POWER_INTEGRATION,2.0,8.0,40,0.02,2,5440,2.0251827080010116,0.3722762330884213,2.022999569999911,50,2.0034856849997595,210.84727530728475,0.038758690313839106,105.23959999999997,105.33,462.0,67.0,PASS_NVML_LONG_WINDOW_SAMPLE_COUNT_RELEASE_QUALITY,TOTAL_DEVICE_ENERGY_NO_IDLE_SUBTRACTION,LONG_WINDOW_REPEATED_GENERATION_TO_LOSS_MATERIALIZATION_NOT_SPEEDUP_TIMING
saa.drcet.accuracy_cost_energy_pareto_gpu_h100_energy_long_window.v2.energy_workload_row,regime_switching_volatility|d=100|method=gpu_importance_sampling|paths=512|repeat=2,regime_switching_volatility,100,gpu_importance_sampling,NVIDIA_GPU_H100_PCIE_LONG_WINDOW_ENERGY,512,2,10,LONG_WINDOW_NVML_POWER_INTEGRATION,2.0,8.0,40,0.02,2,5447,2.0264038119985344,0.3720219959608104,2.0233431699999755,50,2.0043526900008146,210.86745490445065,0.03871258580951912,105.20380000000002,105.29,462.0,67.0,PASS_NVML_LONG_WINDOW_SAMPLE_COUNT_RELEASE_QUALITY,TOTAL_DEVICE_ENERGY_NO_IDLE_SUBTRACTION,LONG_WINDOW_REPEATED_GENERATION_TO_LOSS_MATERIALIZATION_NOT_SPEEDUP_TIMING
saa.drcet.accuracy_cost_energy_pareto_gpu_h100_energy_long_window.v2.energy_workload_row,regime_switching_volatility|d=100|method=gpu_importance_sampling|paths=2048|repeat=0,regime_switching_volatility,100,gpu_importance_sampling,NVIDIA_GPU_H100_PCIE_LONG_WINDOW_ENERGY,2048,0,10,LONG_WINDOW_NVML_POWER_INTEGRATION,2.0,8.0,40,0.02,2,5463,2.028678532999038,0.3713488070655387,2.0236168069999394,50,2.007047421000607,214.38928242070978,0.039243873772782316,106.8126,107.5,462.0,69.0,PASS_NVML_LONG_WINDOW_SAMPLE_COUNT_RELEASE_QUALITY,TOTAL_DEVICE_ENERGY_NO_IDLE_SUBTRACTION,LONG_WINDOW_REPEATED_GENERATION_TO_LOSS_MATERIALIZATION_NOT_SPEEDUP_TIMING
saa.drcet.accuracy_cost_energy_pareto_gpu_h100_energy_long_window.v2.energy_workload_row,regime_switching_volatility|d=100|method=gpu_importance_sampling|paths=2048|repeat=1,regime_switching_volatility,100,gpu_importance_sampling,NVIDIA_GPU_H100_PCIE_LONG_WINDOW_ENERGY,2048,1,10,LONG_WINDOW_NVML_POWER_INTEGRATION,2.0,8.0,40,0.02,2,5433,2.020743668999785,0.3719388310325391,2.0237378640000543,48,1.9983197569999902,214.36859708314384,0.03945676368178609,107.27333333333333,107.4,462.0,69.0,PASS_NVML_LONG_WINDOW_SAMPLE_COUNT_RELEASE_QUALITY,TOTAL_DEVICE_ENERGY_NO_IDLE_SUBTRACTION,LONG_WINDOW_REPEATED_GENERATION_TO_LOSS_MATERIALIZATION_NOT_SPEEDUP_TIMING
saa.drcet.accuracy_cost_energy_pareto_gpu_h100_energy_long_window.v2.energy_workload_row,regime_switching_volatility|d=100|method=gpu_importance_sampling|paths=2048|repeat=2,regime_switching_volatility,100,gpu_importance_sampling,NVIDIA_GPU_H100_PCIE_LONG_WINDOW_ENERGY,2048,2,10,LONG_WINDOW_NVML_POWER_INTEGRATION,2.0,8.0,40,0.02,2,5445,2.0265573619999486,0.3721868433425066,2.026002897000012,50,2.004807218998394,215.04603663118777,0.03949422160352393,107.264,107.39,462.0,69.0,PASS_NVML_LONG_WINDOW_SAMPLE_COUNT_RELEASE_QUALITY,TOTAL_DEVICE_ENERGY_NO_IDLE_SUBTRACTION,LONG_WINDOW_REPEATED_GENERATION_TO_LOSS_MATERIALIZATION_NOT_SPEEDUP_TIMING
saa.drcet.accuracy_cost_energy_pareto_gpu_h100_energy_long_window.v2.energy_workload_row,regime_switching_volatility|d=100|method=gpu_randomized_qmc_cpu_sobol|paths=512|repeat=0,regime_switching_volatility,100,gpu_randomized_qmc_cpu_sobol,NVIDIA_GPU_H100_PCIE_LONG_WINDOW_ENERGY,512,0,10,LONG_WINDOW_NVML_POWER_INTEGRATION,2.0,8.0,40,0.02,2,475,2.022062427000492,4.256973530527351,2.0152835779999805,49,2.001092583999707,202.01528886859973,0.4252953449865257,100.97897959183672,107.05,462.0,57.0,PASS_NVML_LONG_WINDOW_SAMPLE_COUNT_RELEASE_QUALITY,TOTAL_DEVICE_ENERGY_NO_IDLE_SUBTRACTION,LONG_WINDOW_REPEATED_GENERATION_TO_LOSS_MATERIALIZATION_NOT_SPEEDUP_TIMING
saa.drcet.accuracy_cost_energy_pareto_gpu_h100_energy_long_window.v2.energy_workload_row,regime_switching_volatility|d=100|method=gpu_randomized_qmc_cpu_sobol|paths=512|repeat=1,regime_switching_volatility,100,gpu_randomized_qmc_cpu_sobol,NVIDIA_GPU_H100_PCIE_LONG_WINDOW_ENERGY,512,1,10,LONG_WINDOW_NVML_POWER_INTEGRATION,2.0,8.0,40,0.02,2,475,2.0226104140001553,4.258127187368748,2.0160612429999674,49,2.0022454780009866,198.19005634242268,0.41724222387878457,98.98387755102038,98.99,462.0,1.0,PASS_NVML_LONG_WINDOW_SAMPLE_COUNT_RELEASE_QUALITY,TOTAL_DEVICE_ENERGY_NO_IDLE_SUBTRACTION,LONG_WINDOW_REPEATED_GENERATION_TO_LOSS_MATERIALIZATION_NOT_SPEEDUP_TIMING
saa.drcet.accuracy_cost_energy_pareto_gpu_h100_energy_long_window.v2.energy_workload_row,regime_switching_volatility|d=100|method=gpu_randomized_qmc_cpu_sobol|paths=512|repeat=2,regime_switching_volatility,100,gpu_randomized_qmc_cpu_sobol,NVIDIA_GPU_H100_PCIE_LONG_WINDOW_ENERGY,512,2,10,LONG_WINDOW_NVML_POWER_INTEGRATION,2.0,8.0,40,0.02,2,475,2.023113679000744,4.259186692633145,2.0169029839998984,49,2.0028074919991923,198.2408292797651,0.4173491142731897,98.98122448979592,99.0,462.0,1.0,PASS_NVML_LONG_WINDOW_SAMPLE_COUNT_RELEASE_QUALITY,TOTAL_DEVICE_ENERGY_NO_IDLE_SUBTRACTION,LONG_WINDOW_REPEATED_GENERATION_TO_LOSS_MATERIALIZATION_NOT_SPEEDUP_TIMING
saa.drcet.accuracy_cost_energy_pareto_gpu_h100_energy_long_window.v2.energy_workload_row,regime_switching_volatility|d=100|method=gpu_randomized_qmc_cpu_sobol|paths=2048|repeat=0,regime_switching_volatility,100,gpu_randomized_qmc_cpu_sobol,NVIDIA_GPU_H100_PCIE_LONG_WINDOW_ENERGY,2048,0,10,LONG_WINDOW_NVML_POWER_INTEGRATION,2.0,8.0,40,0.02,2,261,2.0253018719995453,7.75977728735458,2.0219944320000423,50,2.004732694998893,198.32439382583047,0.7598635778767451,98.92759999999998,98.97,462.0,1.0,PASS_NVML_LONG_WINDOW_SAMPLE_COUNT_RELEASE_QUALITY,TOTAL_DEVICE_ENERGY_NO_IDLE_SUBTRACTION,LONG_WINDOW_REPEATED_GENERATION_TO_LOSS_MATERIALIZATION_NOT_SPEEDUP_TIMING
saa.drcet.accuracy_cost_energy_pareto_gpu_h100_energy_long_window.v2.energy_workload_row,regime_switching_volatility|d=100|method=gpu_randomized_qmc_cpu_sobol|paths=2048|repeat=1,regime_switching_volatility,100,gpu_randomized_qmc_cpu_sobol,NVIDIA_GPU_H100_PCIE_LONG_WINDOW_ENERGY,2048,1,10,LONG_WINDOW_NVML_POWER_INTEGRATION,2.0,8.0,40,0.02,2,262,2.0256650960000115,7.731546167938975,2.022602128000017,49,2.0049957709998125,198.23864670653643,0.7566360561318184,98.87183673469386,98.92,462.0,1.0,PASS_NVML_LONG_WINDOW_SAMPLE_COUNT_RELEASE_QUALITY,TOTAL_DEVICE_ENERGY_NO_IDLE_SUBTRACTION,LONG_WINDOW_REPEATED_GENERATION_TO_LOSS_MATERIALIZATION_NOT_SPEEDUP_TIMING
saa.drcet.accuracy_cost_energy_pareto_gpu_h100_energy_long_window.v2.energy_workload_row,regime_switching_volatility|d=100|method=gpu_randomized_qmc_cpu_sobol|paths=2048|repeat=2,regime_switching_volatility,100,gpu_randomized_qmc_cpu_sobol,NVIDIA_GPU_H100_PCIE_LONG_WINDOW_ENERGY,2048,2,10,LONG_WINDOW_NVML_POWER_INTEGRATION,2.0,8.0,40,0.02,2,261,2.0207400749986846,7.742299137925994,2.0182148569999754,50,1.9997139280003466,197.4589116901842,0.7565475543685218,98.74439999999998,98.87,462.0,1.0,PASS_NVML_LONG_WINDOW_SAMPLE_COUNT_RELEASE_QUALITY,TOTAL_DEVICE_ENERGY_NO_IDLE_SUBTRACTION,LONG_WINDOW_REPEATED_GENERATION_TO_LOSS_MATERIALIZATION_NOT_SPEEDUP_TIMING
saa.drcet.accuracy_cost_energy_pareto_gpu_h100_energy_long_window.v2.energy_workload_row,regime_switching_volatility|d=100|method=gpu_raw_mc|paths=512|repeat=0,regime_switching_volatility,100,gpu_raw_mc,NVIDIA_GPU_H100_PCIE_LONG_WINDOW_ENERGY,512,0,10,LONG_WINDOW_NVML_POWER_INTEGRATION,2.0,8.0,40,0.02,2,6177,2.0393807599994034,0.3301571571959533,2.024415991000069,50,2.018600493998747,209.82572987807265,0.033968873219697694,103.93440000000001,105.72,462.0,70.0,PASS_NVML_LONG_WINDOW_SAMPLE_COUNT_RELEASE_QUALITY,TOTAL_DEVICE_ENERGY_NO_IDLE_SUBTRACTION,LONG_WINDOW_REPEATED_GENERATION_TO_LOSS_MATERIALIZATION_NOT_SPEEDUP_TIMING
saa.drcet.accuracy_cost_energy_pareto_gpu_h100_energy_long_window.v2.energy_workload_row,regime_switching_volatility|d=100|method=gpu_raw_mc|paths=512|repeat=1,regime_switching_volatility,100,gpu_raw_mc,NVIDIA_GPU_H100_PCIE_LONG_WINDOW_ENERGY,512,1,10,LONG_WINDOW_NVML_POWER_INTEGRATION,2.0,8.0,40,0.02,2,6166,2.0206090659994516,0.32770176224447806,2.0257354409998243,49,1.9990074130000721,210.96726613362762,0.034214606898090756,105.5361224489796,105.69,462.0,70.0,PASS_NVML_LONG_WINDOW_SAMPLE_COUNT_RELEASE_QUALITY,TOTAL_DEVICE_ENERGY_NO_IDLE_SUBTRACTION,LONG_WINDOW_REPEATED_GENERATION_TO_LOSS_MATERIALIZATION_NOT_SPEEDUP_TIMING
saa.drcet.accuracy_cost_energy_pareto_gpu_h100_energy_long_window.v2.energy_workload_row,regime_switching_volatility|d=100|method=gpu_raw_mc|paths=512|repeat=2,regime_switching_volatility,100,gpu_raw_mc,NVIDIA_GPU_H100_PCIE_LONG_WINDOW_ENERGY,512,2,10,LONG_WINDOW_NVML_POWER_INTEGRATION,2.0,8.0,40,0.02,2,6168,2.0327191169999423,0.32955887110894005,2.02463216000001,50,2.0102783360016474,212.29502771954884,0.03441877881315643,105.60359999999999,105.73,462.0,70.0,PASS_NVML_LONG_WINDOW_SAMPLE_COUNT_RELEASE_QUALITY,TOTAL_DEVICE_ENERGY_NO_IDLE_SUBTRACTION,LONG_WINDOW_REPEATED_GENERATION_TO_LOSS_MATERIALIZATION_NOT_SPEEDUP_TIMING
saa.drcet.accuracy_cost_energy_pareto_gpu_h100_energy_long_window.v2.energy_workload_row,regime_switching_volatility|d=100|method=gpu_raw_mc|paths=2048|repeat=0,regime_switching_volatility,100,gpu_raw_mc,NVIDIA_GPU_H100_PCIE_LONG_WINDOW_ENERGY,2048,0,10,LONG_WINDOW_NVML_POWER_INTEGRATION,2.0,8.0,40,0.02,2,6132,2.0409490059992095,0.332835780495631,2.0269444040000053,50,2.019043972999498,216.35477400162137,0.03528290508832703,107.14939999999999,107.81,462.0,72.0,PASS_NVML_LONG_WINDOW_SAMPLE_COUNT_RELEASE_QUALITY,TOTAL_DEVICE_ENERGY_NO_IDLE_SUBTRACTION,LONG_WINDOW_REPEATED_GENERATION_TO_LOSS_MATERIALIZATION_NOT_SPEEDUP_TIMING
saa.drcet.accuracy_cost_energy_pareto_gpu_h100_energy_long_window.v2.energy_workload_row,regime_switching_volatility|d=100|method=gpu_raw_mc|paths=2048|repeat=1,regime_switching_volatility,100,gpu_raw_mc,NVIDIA_GPU_H100_PCIE_LONG_WINDOW_ENERGY,2048,1,10,LONG_WINDOW_NVML_POWER_INTEGRATION,2.0,8.0,40,0.02,2,6131,2.0213450729988836,0.32969255798383357,2.024059078999926,48,1.9999733599997853,215.4606450404372,0.03514282254777968,107.73458333333333,108.0,462.0,73.0,PASS_NVML_LONG_WINDOW_SAMPLE_COUNT_RELEASE_QUALITY,TOTAL_DEVICE_ENERGY_NO_IDLE_SUBTRACTION,LONG_WINDOW_REPEATED_GENERATION_TO_LOSS_MATERIALIZATION_NOT_SPEEDUP_TIMING
saa.drcet.accuracy_cost_energy_pareto_gpu_h100_energy_long_window.v2.energy_workload_row,regime_switching_volatility|d=100|method=gpu_raw_mc|paths=2048|repeat=2,regime_switching_volatility,100,gpu_raw_mc,NVIDIA_GPU_H100_PCIE_LONG_WINDOW_ENERGY,2048,2,10,LONG_WINDOW_NVML_POWER_INTEGRATION,2.0,8.0,40,0.02,2,6143,2.034244612999828,0.3311483986651193,2.025213048999831,50,2.0128456379989075,216.8418784288622,0.035299019767029496,107.72819999999997,107.83,462.0,72.0,PASS_NVML_LONG_WINDOW_SAMPLE_COUNT_RELEASE_QUALITY,TOTAL_DEVICE_ENERGY_NO_IDLE_SUBTRACTION,LONG_WINDOW_REPEATED_GENERATION_TO_LOSS_MATERIALIZATION_NOT_SPEEDUP_TIMING
saa.drcet.accuracy_cost_energy_pareto_gpu_h100_energy_long_window.v2.energy_workload_row,regime_switching_volatility|d=250|method=gpu_antithetic_mc|paths=512|repeat=0,regime_switching_volatility,250,gpu_antithetic_mc,NVIDIA_GPU_H100_PCIE_LONG_WINDOW_ENERGY,512,0,10,LONG_WINDOW_NVML_POWER_INTEGRATION,2.0,8.0,40,0.02,2,4453,2.020870938000371,0.453822353020519,2.0296423610000147,49,1.9987460350002948,210.8047561307997,0.0473399407434987,105.4795918367347,107.52,464.0,62.0,PASS_NVML_LONG_WINDOW_SAMPLE_COUNT_RELEASE_QUALITY,TOTAL_DEVICE_ENERGY_NO_IDLE_SUBTRACTION,LONG_WINDOW_REPEATED_GENERATION_TO_LOSS_MATERIALIZATION_NOT_SPEEDUP_TIMING
saa.drcet.accuracy_cost_energy_pareto_gpu_h100_energy_long_window.v2.energy_workload_row,regime_switching_volatility|d=250|method=gpu_antithetic_mc|paths=512|repeat=1,regime_switching_volatility,250,gpu_antithetic_mc,NVIDIA_GPU_H100_PCIE_LONG_WINDOW_ENERGY,512,1,10,LONG_WINDOW_NVML_POWER_INTEGRATION,2.0,8.0,40,0.02,2,4448,2.0345241849991,0.45740202000879043,2.029696954999963,50,2.011614232998909,210.88938970511563,0.04741218293730118,104.83400000000002,104.92,464.0,60.0,PASS_NVML_LONG_WINDOW_SAMPLE_COUNT_RELEASE_QUALITY,TOTAL_DEVICE_ENERGY_NO_IDLE_SUBTRACTION,LONG_WINDOW_REPEATED_GENERATION_TO_LOSS_MATERIALIZATION_NOT_SPEEDUP_TIMING
saa.drcet.accuracy_cost_energy_pareto_gpu_h100_energy_long_window.v2.energy_workload_row,regime_switching_volatility|d=250|method=gpu_antithetic_mc|paths=512|repeat=2,regime_switching_volatility,250,gpu_antithetic_mc,NVIDIA_GPU_H100_PCIE_LONG_WINDOW_ENERGY,512,2,10,LONG_WINDOW_NVML_POWER_INTEGRATION,2.0,8.0,40,0.02,2,4451,2.021158329998798,0.4540908402603455,2.0313251940001464,49,1.9980694589994528,209.3610112053176,0.047036848170145494,104.78122448979592,104.91,464.0,60.0,PASS_NVML_LONG_WINDOW_SAMPLE_COUNT_RELEASE_QUALITY,TOTAL_DEVICE_ENERGY_NO_IDLE_SUBTRACTION,LONG_WINDOW_REPEATED_GENERATION_TO_LOSS_MATERIALIZATION_NOT_SPEEDUP_TIMING
saa.drcet.accuracy_cost_energy_pareto_gpu_h100_energy_long_window.v2.energy_workload_row,regime_switching_volatility|d=250|method=gpu_antithetic_mc|paths=2048|repeat=0,regime_switching_volatility,250,gpu_antithetic_mc,NVIDIA_GPU_H100_PCIE_LONG_WINDOW_ENERGY,2048,0,10,LONG_WINDOW_NVML_POWER_INTEGRATION,2.0,8.0,40,0.02,2,4476,2.0206081779997476,0.45143167515633326,2.0323996499998884,49,1.9984543330010638,216.28006826505796,0.0483199437589495,108.20612244897958,109.47,470.0,63.0,PASS_NVML_LONG_WINDOW_SAMPLE_COUNT_RELEASE_QUALITY,TOTAL_DEVICE_ENERGY_NO_IDLE_SUBTRACTION,LONG_WINDOW_REPEATED_GENERATION_TO_LOSS_MATERIALIZATION_NOT_SPEEDUP_TIMING
saa.drcet.accuracy_cost_energy_pareto_gpu_h100_energy_long_window.v2.energy_workload_row,regime_switching_volatility|d=250|method=gpu_antithetic_mc|paths=2048|repeat=1,regime_switching_volatility,250,gpu_antithetic_mc,NVIDIA_GPU_H100_PCIE_LONG_WINDOW_ENERGY,2048,1,10,LONG_WINDOW_NVML_POWER_INTEGRATION,2.0,8.0,40,0.02,2,4484,2.021137361000001,0.450744282114184,2.028123512000093,48,1.9992874070012476,218.7087231294264,0.048775361982476895,109.3975,109.56,470.0,63.0,PASS_NVML_LONG_WINDOW_SAMPLE_COUNT_RELEASE_QUALITY,TOTAL_DEVICE_ENERGY_NO_IDLE_SUBTRACTION,LONG_WINDOW_REPEATED_GENERATION_TO_LOSS_MATERIALIZATION_NOT_SPEEDUP_TIMING
saa.drcet.accuracy_cost_energy_pareto_gpu_h100_energy_long_window.v2.energy_workload_row,regime_switching_volatility|d=250|method=gpu_antithetic_mc|paths=2048|repeat=2,regime_switching_volatility,250,gpu_antithetic_mc,NVIDIA_GPU_H100_PCIE_LONG_WINDOW_ENERGY,2048,2,10,LONG_WINDOW_NVML_POWER_INTEGRATION,2.0,8.0,40,0.02,2,4482,2.0211076279992994,0.4509387835786032,2.030740480000077,49,1.9978498880009283,218.63740153517162,0.048781214086383674,109.43632653061223,109.58,470.0,63.0,PASS_NVML_LONG_WINDOW_SAMPLE_COUNT_RELEASE_QUALITY,TOTAL_DEVICE_ENERGY_NO_IDLE_SUBTRACTION,LONG_WINDOW_REPEATED_GENERATION_TO_LOSS_MATERIALIZATION_NOT_SPEEDUP_TIMING
saa.drcet.accuracy_cost_energy_pareto_gpu_h100_energy_long_window.v2.energy_workload_row,regime_switching_volatility|d=250|method=gpu_importance_sampling|paths=512|repeat=0,regime_switching_volatility,250,gpu_importance_sampling,NVIDIA_GPU_H100_PCIE_LONG_WINDOW_ENERGY,512,0,10,LONG_WINDOW_NVML_POWER_INTEGRATION,2.0,8.0,40,0.02,2,5429,2.0212564029989153,0.3723073131329739,2.034730169999875,49,1.9979375219991198,212.9506689943357,0.03922465813120937,106.59510204081634,109.26,462.0,68.0,PASS_NVML_LONG_WINDOW_SAMPLE_COUNT_RELEASE_QUALITY,TOTAL_DEVICE_ENERGY_NO_IDLE_SUBTRACTION,LONG_WINDOW_REPEATED_GENERATION_TO_LOSS_MATERIALIZATION_NOT_SPEEDUP_TIMING
saa.drcet.accuracy_cost_energy_pareto_gpu_h100_energy_long_window.v2.energy_workload_row,regime_switching_volatility|d=250|method=gpu_importance_sampling|paths=512|repeat=1,regime_switching_volatility,250,gpu_importance_sampling,NVIDIA_GPU_H100_PCIE_LONG_WINDOW_ENERGY,512,1,10,LONG_WINDOW_NVML_POWER_INTEGRATION,2.0,8.0,40,0.02,2,5415,2.02045753099992,0.37312235106185043,2.0253952059999847,49,1.997760157999437,211.04502763510544,0.038974150994479304,105.64122448979592,105.78,462.0,68.0,PASS_NVML_LONG_WINDOW_SAMPLE_COUNT_RELEASE_QUALITY,TOTAL_DEVICE_ENERGY_NO_IDLE_SUBTRACTION,LONG_WINDOW_REPEATED_GENERATION_TO_LOSS_MATERIALIZATION_NOT_SPEEDUP_TIMING
saa.drcet.accuracy_cost_energy_pareto_gpu_h100_energy_long_window.v2.energy_workload_row,regime_switching_volatility|d=250|method=gpu_importance_sampling|paths=512|repeat=2,regime_switching_volatility,250,gpu_importance_sampling,NVIDIA_GPU_H100_PCIE_LONG_WINDOW_ENERGY,512,2,10,LONG_WINDOW_NVML_POWER_INTEGRATION,2.0,8.0,40,0.02,2,5441,2.020552477999445,0.37135682374553297,2.0314976730001035,49,1.9969559569999547,211.08225094060515,0.03879475297566718,105.70183673469387,105.78,462.0,68.0,PASS_NVML_LONG_WINDOW_SAMPLE_COUNT_RELEASE_QUALITY,TOTAL_DEVICE_ENERGY_NO_IDLE_SUBTRACTION,LONG_WINDOW_REPEATED_GENERATION_TO_LOSS_MATERIALIZATION_NOT_SPEEDUP_TIMING
saa.drcet.accuracy_cost_energy_pareto_gpu_h100_energy_long_window.v2.energy_workload_row,regime_switching_volatility|d=250|method=gpu_importance_sampling|paths=2048|repeat=0,regime_switching_volatility,250,gpu_importance_sampling,NVIDIA_GPU_H100_PCIE_LONG_WINDOW_ENERGY,2048,0,10,LONG_WINDOW_NVML_POWER_INTEGRATION,2.0,8.0,40,0.02,2,5443,2.0226043990005564,0.371597354216527,2.0348250279998865,49,1.9995492679991003,216.77304261404456,0.039826022894367916,108.40224489795916,109.47,466.0,72.0,PASS_NVML_LONG_WINDOW_SAMPLE_COUNT_RELEASE_QUALITY,TOTAL_DEVICE_ENERGY_NO_IDLE_SUBTRACTION,LONG_WINDOW_REPEATED_GENERATION_TO_LOSS_MATERIALIZATION_NOT_SPEEDUP_TIMING
saa.drcet.accuracy_cost_energy_pareto_gpu_h100_energy_long_window.v2.energy_workload_row,regime_switching_volatility|d=250|method=gpu_importance_sampling|paths=2048|repeat=1,regime_switching_volatility,250,gpu_importance_sampling,NVIDIA_GPU_H100_PCIE_LONG_WINDOW_ENERGY,2048,1,10,LONG_WINDOW_NVML_POWER_INTEGRATION,2.0,8.0,40,0.02,2,5431,2.0211816280007042,0.3721564404346721,2.02487347400006,48,1.9996435220000421,218.5160890292096,0.04023496391626029,109.28687500000001,109.52,466.0,73.0,PASS_NVML_LONG_WINDOW_SAMPLE_COUNT_RELEASE_QUALITY,TOTAL_DEVICE_ENERGY_NO_IDLE_SUBTRACTION,LONG_WINDOW_REPEATED_GENERATION_TO_LOSS_MATERIALIZATION_NOT_SPEEDUP_TIMING
saa.drcet.accuracy_cost_energy_pareto_gpu_h100_energy_long_window.v2.energy_workload_row,regime_switching_volatility|d=250|method=gpu_importance_sampling|paths=2048|repeat=2,regime_switching_volatility,250,gpu_importance_sampling,NVIDIA_GPU_H100_PCIE_LONG_WINDOW_ENERGY,2048,2,10,LONG_WINDOW_NVML_POWER_INTEGRATION,2.0,8.0,40,0.02,2,5425,2.027317091000441,0.37369900294939007,2.023627427000065,50,2.0051920669993706,219.24306325884604,0.040413467881814935,109.33399999999997,109.51,466.0,72.0,PASS_NVML_LONG_WINDOW_SAMPLE_COUNT_RELEASE_QUALITY,TOTAL_DEVICE_ENERGY_NO_IDLE_SUBTRACTION,LONG_WINDOW_REPEATED_GENERATION_TO_LOSS_MATERIALIZATION_NOT_SPEEDUP_TIMING
saa.drcet.accuracy_cost_energy_pareto_gpu_h100_energy_long_window.v2.energy_workload_row,regime_switching_volatility|d=250|method=gpu_randomized_qmc_cpu_sobol|paths=512|repeat=0,regime_switching_volatility,250,gpu_randomized_qmc_cpu_sobol,NVIDIA_GPU_H100_PCIE_LONG_WINDOW_ENERGY,512,0,10,LONG_WINDOW_NVML_POWER_INTEGRATION,2.0,8.0,40,0.02,2,212,2.0293506730013178,9.572408834911876,2.0242654580001727,48,2.003750725998543,202.76006153271825,0.9564153845882937,101.223125,108.74,462.0,59.0,PASS_NVML_LONG_WINDOW_SAMPLE_COUNT_RELEASE_QUALITY,TOTAL_DEVICE_ENERGY_NO_IDLE_SUBTRACTION,LONG_WINDOW_REPEATED_GENERATION_TO_LOSS_MATERIALIZATION_NOT_SPEEDUP_TIMING
saa.drcet.accuracy_cost_energy_pareto_gpu_h100_energy_long_window.v2.energy_workload_row,regime_switching_volatility|d=250|method=gpu_randomized_qmc_cpu_sobol|paths=512|repeat=1,regime_switching_volatility,250,gpu_randomized_qmc_cpu_sobol,NVIDIA_GPU_H100_PCIE_LONG_WINDOW_ENERGY,512,1,10,LONG_WINDOW_NVML_POWER_INTEGRATION,2.0,8.0,40,0.02,2,212,2.0284549049993075,9.568183514147677,2.02334246800001,47,2.0029851569997845,197.46191162257875,0.9314241114272582,98.58382978723407,98.69,462.0,1.0,PASS_NVML_LONG_WINDOW_SAMPLE_COUNT_RELEASE_QUALITY,TOTAL_DEVICE_ENERGY_NO_IDLE_SUBTRACTION,LONG_WINDOW_REPEATED_GENERATION_TO_LOSS_MATERIALIZATION_NOT_SPEEDUP_TIMING
saa.drcet.accuracy_cost_energy_pareto_gpu_h100_energy_long_window.v2.energy_workload_row,regime_switching_volatility|d=250|method=gpu_randomized_qmc_cpu_sobol|paths=512|repeat=2,regime_switching_volatility,250,gpu_randomized_qmc_cpu_sobol,NVIDIA_GPU_H100_PCIE_LONG_WINDOW_ENERGY,512,2,10,LONG_WINDOW_NVML_POWER_INTEGRATION,2.0,8.0,40,0.02,2,211,2.02107603299919,9.578559398100426,2.016690576999963,47,1.9953688770001463,196.57776292856445,0.9316481655382202,98.5168085106383,98.54,462.0,1.0,PASS_NVML_LONG_WINDOW_SAMPLE_COUNT_RELEASE_QUALITY,TOTAL_DEVICE_ENERGY_NO_IDLE_SUBTRACTION,LONG_WINDOW_REPEATED_GENERATION_TO_LOSS_MATERIALIZATION_NOT_SPEEDUP_TIMING
saa.drcet.accuracy_cost_energy_pareto_gpu_h100_energy_long_window.v2.energy_workload_row,regime_switching_volatility|d=250|method=gpu_randomized_qmc_cpu_sobol|paths=2048|repeat=0,regime_switching_volatility,250,gpu_randomized_qmc_cpu_sobol,NVIDIA_GPU_H100_PCIE_LONG_WINDOW_ENERGY,2048,0,10,LONG_WINDOW_NVML_POWER_INTEGRATION,2.0,8.0,40,0.02,2,59,2.0302383689995622,34.4108198135519,2.0271399729999757,50,2.008754565000345,197.85510317406388,3.3534763249841335,98.49599999999998,98.55,466.0,0.0,PASS_NVML_LONG_WINDOW_SAMPLE_COUNT_RELEASE_QUALITY,TOTAL_DEVICE_ENERGY_NO_IDLE_SUBTRACTION,LONG_WINDOW_REPEATED_GENERATION_TO_LOSS_MATERIALIZATION_NOT_SPEEDUP_TIMING
saa.drcet.accuracy_cost_energy_pareto_gpu_h100_energy_long_window.v2.energy_workload_row,regime_switching_volatility|d=250|method=gpu_randomized_qmc_cpu_sobol|paths=2048|repeat=1,regime_switching_volatility,250,gpu_randomized_qmc_cpu_sobol,NVIDIA_GPU_H100_PCIE_LONG_WINDOW_ENERGY,2048,1,10,LONG_WINDOW_NVML_POWER_INTEGRATION,2.0,8.0,40,0.02,2,59,2.0545416659988405,34.822740101675265,2.0386553129999356,49,2.0330900910012133,200.23003248300952,3.3937293641188053,98.4842857142857,98.53,466.0,0.0,PASS_NVML_LONG_WINDOW_SAMPLE_COUNT_RELEASE_QUALITY,TOTAL_DEVICE_ENERGY_NO_IDLE_SUBTRACTION,LONG_WINDOW_REPEATED_GENERATION_TO_LOSS_MATERIALIZATION_NOT_SPEEDUP_TIMING
saa.drcet.accuracy_cost_energy_pareto_gpu_h100_energy_long_window.v2.energy_workload_row,regime_switching_volatility|d=250|method=gpu_randomized_qmc_cpu_sobol|paths=2048|repeat=2,regime_switching_volatility,250,gpu_randomized_qmc_cpu_sobol,NVIDIA_GPU_H100_PCIE_LONG_WINDOW_ENERGY,2048,2,10,LONG_WINDOW_NVML_POWER_INTEGRATION,2.0,8.0,40,0.02,2,59,2.0649051489999692,34.998392355931685,2.04798783199999,51,2.0436149439992732,201.26759440823344,3.4113151594615836,98.48588235294115,98.49,466.0,0.0,PASS_NVML_LONG_WINDOW_SAMPLE_COUNT_RELEASE_QUALITY,TOTAL_DEVICE_ENERGY_NO_IDLE_SUBTRACTION,LONG_WINDOW_REPEATED_GENERATION_TO_LOSS_MATERIALIZATION_NOT_SPEEDUP_TIMING
saa.drcet.accuracy_cost_energy_pareto_gpu_h100_energy_long_window.v2.energy_workload_row,regime_switching_volatility|d=250|method=gpu_raw_mc|paths=512|repeat=0,regime_switching_volatility,250,gpu_raw_mc,NVIDIA_GPU_H100_PCIE_LONG_WINDOW_ENERGY,512,0,10,LONG_WINDOW_NVML_POWER_INTEGRATION,2.0,8.0,40,0.02,2,6152,2.038096962000054,0.3312901433680192,2.02564503099984,50,2.01671507500032,210.25976321190308,0.03417746476136266,104.23500000000001,106.2,462.0,71.0,PASS_NVML_LONG_WINDOW_SAMPLE_COUNT_RELEASE_QUALITY,TOTAL_DEVICE_ENERGY_NO_IDLE_SUBTRACTION,LONG_WINDOW_REPEATED_GENERATION_TO_LOSS_MATERIALIZATION_NOT_SPEEDUP_TIMING
saa.drcet.accuracy_cost_energy_pareto_gpu_h100_energy_long_window.v2.energy_workload_row,regime_switching_volatility|d=250|method=gpu_raw_mc|paths=512|repeat=1,regime_switching_volatility,250,gpu_raw_mc,NVIDIA_GPU_H100_PCIE_LONG_WINDOW_ENERGY,512,1,10,LONG_WINDOW_NVML_POWER_INTEGRATION,2.0,8.0,40,0.02,2,6123,2.040337571999771,0.3332251464967779,2.026179211999988,50,2.0182023090001167,213.86202580725208,0.03492765405965247,105.9636,106.14,462.0,71.0,PASS_NVML_LONG_WINDOW_SAMPLE_COUNT_RELEASE_QUALITY,TOTAL_DEVICE_ENERGY_NO_IDLE_SUBTRACTION,LONG_WINDOW_REPEATED_GENERATION_TO_LOSS_MATERIALIZATION_NOT_SPEEDUP_TIMING
saa.drcet.accuracy_cost_energy_pareto_gpu_h100_energy_long_window.v2.energy_workload_row,regime_switching_volatility|d=250|method=gpu_raw_mc|paths=512|repeat=2,regime_switching_volatility,250,gpu_raw_mc,NVIDIA_GPU_H100_PCIE_LONG_WINDOW_ENERGY,512,2,10,LONG_WINDOW_NVML_POWER_INTEGRATION,2.0,8.0,40,0.02,2,6177,2.0410750470000494,0.3304314468188521,2.026245043000017,50,2.019509890998961,214.08205041783017,0.03465793272103451,106.0052,106.22,462.0,71.0,PASS_NVML_LONG_WINDOW_SAMPLE_COUNT_RELEASE_QUALITY,TOTAL_DEVICE_ENERGY_NO_IDLE_SUBTRACTION,LONG_WINDOW_REPEATED_GENERATION_TO_LOSS_MATERIALIZATION_NOT_SPEEDUP_TIMING
saa.drcet.accuracy_cost_energy_pareto_gpu_h100_energy_long_window.v2.energy_workload_row,regime_switching_volatility|d=250|method=gpu_raw_mc|paths=2048|repeat=0,regime_switching_volatility,250,gpu_raw_mc,NVIDIA_GPU_H100_PCIE_LONG_WINDOW_ENERGY,2048,0,10,LONG_WINDOW_NVML_POWER_INTEGRATION,2.0,8.0,40,0.02,2,6146,2.020803233999686,0.3287997452000791,2.025517099000126,48,1.9975222220000433,217.86384148778555,0.03544807053169306,109.0225,110.26,466.0,76.0,PASS_NVML_LONG_WINDOW_SAMPLE_COUNT_RELEASE_QUALITY,TOTAL_DEVICE_ENERGY_NO_IDLE_SUBTRACTION,LONG_WINDOW_REPEATED_GENERATION_TO_LOSS_MATERIALIZATION_NOT_SPEEDUP_TIMING
saa.drcet.accuracy_cost_energy_pareto_gpu_h100_energy_long_window.v2.energy_workload_row,regime_switching_volatility|d=250|method=gpu_raw_mc|paths=2048|repeat=1,regime_switching_volatility,250,gpu_raw_mc,NVIDIA_GPU_H100_PCIE_LONG_WINDOW_ENERGY,2048,1,10,LONG_WINDOW_NVML_POWER_INTEGRATION,2.0,8.0,40,0.02,2,6154,2.020657300001403,0.3283486025351646,2.0271660569999312,49,1.9985723459994915,220.06536296249908,0.035759727488218894,110.11163265306124,110.24,466.0,76.0,PASS_NVML_LONG_WINDOW_SAMPLE_COUNT_RELEASE_QUALITY,TOTAL_DEVICE_ENERGY_NO_IDLE_SUBTRACTION,LONG_WINDOW_REPEATED_GENERATION_TO_LOSS_MATERIALIZATION_NOT_SPEEDUP_TIMING
saa.drcet.accuracy_cost_energy_pareto_gpu_h100_energy_long_window.v2.energy_workload_row,regime_switching_volatility|d=250|method=gpu_raw_mc|paths=2048|repeat=2,regime_switching_volatility,250,gpu_raw_mc,NVIDIA_GPU_H100_PCIE_LONG_WINDOW_ENERGY,2048,2,10,LONG_WINDOW_NVML_POWER_INTEGRATION,2.0,8.0,40,0.02,2,6155,2.0207474870003352,0.32830990852970515,2.0233928970001216,49,1.9982164329994703,220.14777966539168,0.035767307825408885,110.1730612244898,110.33,466.0,76.0,PASS_NVML_LONG_WINDOW_SAMPLE_COUNT_RELEASE_QUALITY,TOTAL_DEVICE_ENERGY_NO_IDLE_SUBTRACTION,LONG_WINDOW_REPEATED_GENERATION_TO_LOSS_MATERIALIZATION_NOT_SPEEDUP_TIMING
saa.drcet.accuracy_cost_energy_pareto_gpu_h100_energy_long_window.v2.energy_workload_row,regime_switching_volatility|d=500|method=gpu_antithetic_mc|paths=512|repeat=0,regime_switching_volatility,500,gpu_antithetic_mc,NVIDIA_GPU_H100_PCIE_LONG_WINDOW_ENERGY,512,0,10,LONG_WINDOW_NVML_POWER_INTEGRATION,2.0,8.0,40,0.02,2,4476,2.0252351529998123,0.4524654050491091,2.035060356999793,49,2.0027851089998876,214.42908214886916,0.04790640798678936,107.07551020408162,110.03,466.0,61.0,PASS_NVML_LONG_WINDOW_SAMPLE_COUNT_RELEASE_QUALITY,TOTAL_DEVICE_ENERGY_NO_IDLE_SUBTRACTION,LONG_WINDOW_REPEATED_GENERATION_TO_LOSS_MATERIALIZATION_NOT_SPEEDUP_TIMING
saa.drcet.accuracy_cost_energy_pareto_gpu_h100_energy_long_window.v2.energy_workload_row,regime_switching_volatility|d=500|method=gpu_antithetic_mc|paths=512|repeat=1,regime_switching_volatility,500,gpu_antithetic_mc,NVIDIA_GPU_H100_PCIE_LONG_WINDOW_ENERGY,512,1,10,LONG_WINDOW_NVML_POWER_INTEGRATION,2.0,8.0,40,0.02,2,4457,2.0208824569999706,0.4534176479694796,2.030794028999935,49,1.9980970040014654,211.64382676141523,0.04748571387960853,105.92244897959183,106.0,466.0,61.0,PASS_NVML_LONG_WINDOW_SAMPLE_COUNT_RELEASE_QUALITY,TOTAL_DEVICE_ENERGY_NO_IDLE_SUBTRACTION,LONG_WINDOW_REPEATED_GENERATION_TO_LOSS_MATERIALIZATION_NOT_SPEEDUP_TIMING
saa.drcet.accuracy_cost_energy_pareto_gpu_h100_energy_long_window.v2.energy_workload_row,regime_switching_volatility|d=500|method=gpu_antithetic_mc|paths=512|repeat=2,regime_switching_volatility,500,gpu_antithetic_mc,NVIDIA_GPU_H100_PCIE_LONG_WINDOW_ENERGY,512,2,10,LONG_WINDOW_NVML_POWER_INTEGRATION,2.0,8.0,40,0.02,2,4457,2.020880214000499,0.4534171447162888,2.032346012999824,49,1.9982830999997532,211.64543865730894,0.04748607553450952,105.9122448979592,106.04,466.0,61.0,PASS_NVML_LONG_WINDOW_SAMPLE_COUNT_RELEASE_QUALITY,TOTAL_DEVICE_ENERGY_NO_IDLE_SUBTRACTION,LONG_WINDOW_REPEATED_GENERATION_TO_LOSS_MATERIALIZATION_NOT_SPEEDUP_TIMING
saa.drcet.accuracy_cost_energy_pareto_gpu_h100_energy_long_window.v2.energy_workload_row,regime_switching_volatility|d=500|method=gpu_antithetic_mc|paths=2048|repeat=0,regime_switching_volatility,500,gpu_antithetic_mc,NVIDIA_GPU_H100_PCIE_LONG_WINDOW_ENERGY,2048,0,10,LONG_WINDOW_NVML_POWER_INTEGRATION,2.0,8.0,40,0.02,2,4501,2.0207571589999134,0.44895737813817227,2.034362384999895,47,1.9964972190009576,221.2367240870037,0.04915279362075176,110.71680851063829,112.57,478.0,66.0,PASS_NVML_LONG_WINDOW_SAMPLE_COUNT_RELEASE_QUALITY,TOTAL_DEVICE_ENERGY_NO_IDLE_SUBTRACTION,LONG_WINDOW_REPEATED_GENERATION_TO_LOSS_MATERIALIZATION_NOT_SPEEDUP_TIMING
saa.drcet.accuracy_cost_energy_pareto_gpu_h100_energy_long_window.v2.energy_workload_row,regime_switching_volatility|d=500|method=gpu_antithetic_mc|paths=2048|repeat=1,regime_switching_volatility,500,gpu_antithetic_mc,NVIDIA_GPU_H100_PCIE_LONG_WINDOW_ENERGY,2048,1,10,LONG_WINDOW_NVML_POWER_INTEGRATION,2.0,8.0,40,0.02,2,4483,2.0204699850000907,0.45069595917914135,2.031551844000205,49,1.9979655310016824,224.6568087401644,0.05011305124696953,112.44285714285716,112.64,478.0,66.0,PASS_NVML_LONG_WINDOW_SAMPLE_COUNT_RELEASE_QUALITY,TOTAL_DEVICE_ENERGY_NO_IDLE_SUBTRACTION,LONG_WINDOW_REPEATED_GENERATION_TO_LOSS_MATERIALIZATION_NOT_SPEEDUP_TIMING
saa.drcet.accuracy_cost_energy_pareto_gpu_h100_energy_long_window.v2.energy_workload_row,regime_switching_volatility|d=500|method=gpu_antithetic_mc|paths=2048|repeat=2,regime_switching_volatility,500,gpu_antithetic_mc,NVIDIA_GPU_H100_PCIE_LONG_WINDOW_ENERGY,2048,2,10,LONG_WINDOW_NVML_POWER_INTEGRATION,2.0,8.0,40,0.02,2,4488,2.0213966589999472,0.4504003250891148,2.0307013960000404,49,1.9978432370007795,224.68875830764304,0.05006434008637323,112.46755102040817,112.69,478.0,66.0,PASS_NVML_LONG_WINDOW_SAMPLE_COUNT_RELEASE_QUALITY,TOTAL_DEVICE_ENERGY_NO_IDLE_SUBTRACTION,LONG_WINDOW_REPEATED_GENERATION_TO_LOSS_MATERIALIZATION_NOT_SPEEDUP_TIMING
saa.drcet.accuracy_cost_energy_pareto_gpu_h100_energy_long_window.v2.energy_workload_row,regime_switching_volatility|d=500|method=gpu_importance_sampling|paths=512|repeat=0,regime_switching_volatility,500,gpu_importance_sampling,NVIDIA_GPU_H100_PCIE_LONG_WINDOW_ENERGY,512,0,10,LONG_WINDOW_NVML_POWER_INTEGRATION,2.0,8.0,40,0.02,2,5420,2.032483909999428,0.37499703136520807,2.029303160999916,50,2.0093735980008205,217.06616133156234,0.04004910725674582,108.0214,112.31,464.0,69.0,PASS_NVML_LONG_WINDOW_SAMPLE_COUNT_RELEASE_QUALITY,TOTAL_DEVICE_ENERGY_NO_IDLE_SUBTRACTION,LONG_WINDOW_REPEATED_GENERATION_TO_LOSS_MATERIALIZATION_NOT_SPEEDUP_TIMING
saa.drcet.accuracy_cost_energy_pareto_gpu_h100_energy_long_window.v2.energy_workload_row,regime_switching_volatility|d=500|method=gpu_importance_sampling|paths=512|repeat=1,regime_switching_volatility,500,gpu_importance_sampling,NVIDIA_GPU_H100_PCIE_LONG_WINDOW_ENERGY,512,1,10,LONG_WINDOW_NVML_POWER_INTEGRATION,2.0,8.0,40,0.02,2,5437,2.0350483519996487,0.374296183924894,2.024142774999973,50,2.0132814870012226,214.46201205796518,0.03944491669265499,106.5218,106.68,464.0,69.0,PASS_NVML_LONG_WINDOW_SAMPLE_COUNT_RELEASE_QUALITY,TOTAL_DEVICE_ENERGY_NO_IDLE_SUBTRACTION,LONG_WINDOW_REPEATED_GENERATION_TO_LOSS_MATERIALIZATION_NOT_SPEEDUP_TIMING
saa.drcet.accuracy_cost_energy_pareto_gpu_h100_energy_long_window.v2.energy_workload_row,regime_switching_volatility|d=500|method=gpu_importance_sampling|paths=512|repeat=2,regime_switching_volatility,500,gpu_importance_sampling,NVIDIA_GPU_H100_PCIE_LONG_WINDOW_ENERGY,512,2,10,LONG_WINDOW_NVML_POWER_INTEGRATION,2.0,8.0,40,0.02,2,5431,2.0348730870009604,0.37467742349492916,2.024889807000136,50,2.0131897519986524,214.33957805154665,0.039465950663146135,106.4656,106.64,464.0,69.0,PASS_NVML_LONG_WINDOW_SAMPLE_COUNT_RELEASE_QUALITY,TOTAL_DEVICE_ENERGY_NO_IDLE_SUBTRACTION,LONG_WINDOW_REPEATED_GENERATION_TO_LOSS_MATERIALIZATION_NOT_SPEEDUP_TIMING
saa.drcet.accuracy_cost_energy_pareto_gpu_h100_energy_long_window.v2.energy_workload_row,regime_switching_volatility|d=500|method=gpu_importance_sampling|paths=2048|repeat=0,regime_switching_volatility,500,gpu_importance_sampling,NVIDIA_GPU_H100_PCIE_LONG_WINDOW_ENERGY,2048,0,10,LONG_WINDOW_NVML_POWER_INTEGRATION,2.0,8.0,40,0.02,2,5381,2.023324637000769,0.37601275543593554,2.0244796920001136,48,2.000601113000812,221.65510071145522,0.041192176307648244,110.72375,112.54,470.0,76.0,PASS_NVML_LONG_WINDOW_SAMPLE_COUNT_RELEASE_QUALITY,TOTAL_DEVICE_ENERGY_NO_IDLE_SUBTRACTION,LONG_WINDOW_REPEATED_GENERATION_TO_LOSS_MATERIALIZATION_NOT_SPEEDUP_TIMING
saa.drcet.accuracy_cost_energy_pareto_gpu_h100_energy_long_window.v2.energy_workload_row,regime_switching_volatility|d=500|method=gpu_importance_sampling|paths=2048|repeat=1,regime_switching_volatility,500,gpu_importance_sampling,NVIDIA_GPU_H100_PCIE_LONG_WINDOW_ENERGY,2048,1,10,LONG_WINDOW_NVML_POWER_INTEGRATION,2.0,8.0,40,0.02,2,5435,2.035976766999738,0.3746047409383143,2.0251296400001593,50,2.0136200619999727,226.23704697659198,0.0416259516056287,112.3506,112.59,470.0,77.0,PASS_NVML_LONG_WINDOW_SAMPLE_COUNT_RELEASE_QUALITY,TOTAL_DEVICE_ENERGY_NO_IDLE_SUBTRACTION,LONG_WINDOW_REPEATED_GENERATION_TO_LOSS_MATERIALIZATION_NOT_SPEEDUP_TIMING
saa.drcet.accuracy_cost_energy_pareto_gpu_h100_energy_long_window.v2.energy_workload_row,regime_switching_volatility|d=500|method=gpu_importance_sampling|paths=2048|repeat=2,regime_switching_volatility,500,gpu_importance_sampling,NVIDIA_GPU_H100_PCIE_LONG_WINDOW_ENERGY,2048,2,10,LONG_WINDOW_NVML_POWER_INTEGRATION,2.0,8.0,40,0.02,2,5452,2.0372129190000123,0.37366341140865966,2.0251139849999618,50,2.015471393000553,226.48222311846166,0.04154112676420794,112.36840000000001,112.67,470.0,77.0,PASS_NVML_LONG_WINDOW_SAMPLE_COUNT_RELEASE_QUALITY,TOTAL_DEVICE_ENERGY_NO_IDLE_SUBTRACTION,LONG_WINDOW_REPEATED_GENERATION_TO_LOSS_MATERIALIZATION_NOT_SPEEDUP_TIMING
saa.drcet.accuracy_cost_energy_pareto_gpu_h100_energy_long_window.v2.energy_workload_row,regime_switching_volatility|d=500|method=gpu_randomized_qmc_cpu_sobol|paths=512|repeat=0,regime_switching_volatility,500,gpu_randomized_qmc_cpu_sobol,NVIDIA_GPU_H100_PCIE_LONG_WINDOW_ENERGY,512,0,10,LONG_WINDOW_NVML_POWER_INTEGRATION,2.0,8.0,40,0.02,2,108,2.0363549779995083,18.85513868518063,2.0311669699999584,47,2.0052534400001605,203.60146238516657,1.8851987257885794,101.60170212765959,111.46,464.0,75.0,PASS_NVML_LONG_WINDOW_SAMPLE_COUNT_RELEASE_QUALITY,TOTAL_DEVICE_ENERGY_NO_IDLE_SUBTRACTION,LONG_WINDOW_REPEATED_GENERATION_TO_LOSS_MATERIALIZATION_NOT_SPEEDUP_TIMING
saa.drcet.accuracy_cost_energy_pareto_gpu_h100_energy_long_window.v2.energy_workload_row,regime_switching_volatility|d=500|method=gpu_randomized_qmc_cpu_sobol|paths=512|repeat=1,regime_switching_volatility,500,gpu_randomized_qmc_cpu_sobol,NVIDIA_GPU_H100_PCIE_LONG_WINDOW_ENERGY,512,1,10,LONG_WINDOW_NVML_POWER_INTEGRATION,2.0,8.0,40,0.02,2,108,2.0485478789996705,18.968035916663617,2.028926253999998,47,2.0173737009990873,198.711681178585,1.839922973875787,98.50127659574467,98.59,464.0,1.0,PASS_NVML_LONG_WINDOW_SAMPLE_COUNT_RELEASE_QUALITY,TOTAL_DEVICE_ENERGY_NO_IDLE_SUBTRACTION,LONG_WINDOW_REPEATED_GENERATION_TO_LOSS_MATERIALIZATION_NOT_SPEEDUP_TIMING
saa.drcet.accuracy_cost_energy_pareto_gpu_h100_energy_long_window.v2.energy_workload_row,regime_switching_volatility|d=500|method=gpu_randomized_qmc_cpu_sobol|paths=512|repeat=2,regime_switching_volatility,500,gpu_randomized_qmc_cpu_sobol,NVIDIA_GPU_H100_PCIE_LONG_WINDOW_ENERGY,512,2,10,LONG_WINDOW_NVML_POWER_INTEGRATION,2.0,8.0,40,0.02,2,109,2.030818929000816,18.631366321108402,2.0271275150000747,46,2.010231050000584,197.98157723022751,1.8163447452314452,98.48717391304348,98.5,464.0,1.0,PASS_NVML_LONG_WINDOW_SAMPLE_COUNT_RELEASE_QUALITY,TOTAL_DEVICE_ENERGY_NO_IDLE_SUBTRACTION,LONG_WINDOW_REPEATED_GENERATION_TO_LOSS_MATERIALIZATION_NOT_SPEEDUP_TIMING
saa.drcet.accuracy_cost_energy_pareto_gpu_h100_energy_long_window.v2.energy_workload_row,regime_switching_volatility|d=500|method=gpu_randomized_qmc_cpu_sobol|paths=2048|repeat=0,regime_switching_volatility,500,gpu_randomized_qmc_cpu_sobol,NVIDIA_GPU_H100_PCIE_LONG_WINDOW_ENERGY,2048,0,10,LONG_WINDOW_NVML_POWER_INTEGRATION,2.0,8.0,40,0.02,2,42,2.0596058669998456,49.03823492856775,2.05034557099998,43,2.0381016100000124,200.75565161290618,4.779896466973956,98.50139534883722,98.51,470.0,1.0,PASS_NVML_LONG_WINDOW_SAMPLE_COUNT_RELEASE_QUALITY,TOTAL_DEVICE_ENERGY_NO_IDLE_SUBTRACTION,LONG_WINDOW_REPEATED_GENERATION_TO_LOSS_MATERIALIZATION_NOT_SPEEDUP_TIMING
saa.drcet.accuracy_cost_energy_pareto_gpu_h100_energy_long_window.v2.energy_workload_row,regime_switching_volatility|d=500|method=gpu_randomized_qmc_cpu_sobol|paths=2048|repeat=1,regime_switching_volatility,500,gpu_randomized_qmc_cpu_sobol,NVIDIA_GPU_H100_PCIE_LONG_WINDOW_ENERGY,2048,1,10,LONG_WINDOW_NVML_POWER_INTEGRATION,2.0,8.0,40,0.02,2,41,2.0406570409995766,49.772122951209184,2.031424763000132,44,2.019392964000872,198.8909157865509,4.850997946013436,98.49000000000001,98.51,470.0,1.0,PASS_NVML_LONG_WINDOW_SAMPLE_COUNT_RELEASE_QUALITY,TOTAL_DEVICE_ENERGY_NO_IDLE_SUBTRACTION,LONG_WINDOW_REPEATED_GENERATION_TO_LOSS_MATERIALIZATION_NOT_SPEEDUP_TIMING
saa.drcet.accuracy_cost_energy_pareto_gpu_h100_energy_long_window.v2.energy_workload_row,regime_switching_volatility|d=500|method=gpu_randomized_qmc_cpu_sobol|paths=2048|repeat=2,regime_switching_volatility,500,gpu_randomized_qmc_cpu_sobol,NVIDIA_GPU_H100_PCIE_LONG_WINDOW_ENERGY,2048,2,10,LONG_WINDOW_NVML_POWER_INTEGRATION,2.0,8.0,40,0.02,2,41,2.031137805999606,49.53994648779527,2.026967929000193,43,2.009807168000407,197.89115963298514,4.826613649585004,98.46302325581395,98.53,470.0,1.0,PASS_NVML_LONG_WINDOW_SAMPLE_COUNT_RELEASE_QUALITY,TOTAL_DEVICE_ENERGY_NO_IDLE_SUBTRACTION,LONG_WINDOW_REPEATED_GENERATION_TO_LOSS_MATERIALIZATION_NOT_SPEEDUP_TIMING
saa.drcet.accuracy_cost_energy_pareto_gpu_h100_energy_long_window.v2.energy_workload_row,regime_switching_volatility|d=500|method=gpu_raw_mc|paths=512|repeat=0,regime_switching_volatility,500,gpu_raw_mc,NVIDIA_GPU_H100_PCIE_LONG_WINDOW_ENERGY,512,0,10,LONG_WINDOW_NVML_POWER_INTEGRATION,2.0,8.0,40,0.02,2,6084,2.0368568190006044,0.3347890892505924,2.0263727960000324,50,2.016876190000403,211.3748696869336,0.03474274649686614,104.76460000000002,107.04,464.0,72.0,PASS_NVML_LONG_WINDOW_SAMPLE_COUNT_RELEASE_QUALITY,TOTAL_DEVICE_ENERGY_NO_IDLE_SUBTRACTION,LONG_WINDOW_REPEATED_GENERATION_TO_LOSS_MATERIALIZATION_NOT_SPEEDUP_TIMING
saa.drcet.accuracy_cost_energy_pareto_gpu_h100_energy_long_window.v2.energy_workload_row,regime_switching_volatility|d=500|method=gpu_raw_mc|paths=512|repeat=1,regime_switching_volatility,500,gpu_raw_mc,NVIDIA_GPU_H100_PCIE_LONG_WINDOW_ENERGY,512,1,10,LONG_WINDOW_NVML_POWER_INTEGRATION,2.0,8.0,40,0.02,2,6135,2.021104995999849,0.3294384671556396,2.0265535969999746,49,1.9991871799993532,213.74623409257583,0.034840461954780085,106.91510204081634,107.14,464.0,72.0,PASS_NVML_LONG_WINDOW_SAMPLE_COUNT_RELEASE_QUALITY,TOTAL_DEVICE_ENERGY_NO_IDLE_SUBTRACTION,LONG_WINDOW_REPEATED_GENERATION_TO_LOSS_MATERIALIZATION_NOT_SPEEDUP_TIMING
saa.drcet.accuracy_cost_energy_pareto_gpu_h100_energy_long_window.v2.energy_workload_row,regime_switching_volatility|d=500|method=gpu_raw_mc|paths=512|repeat=2,regime_switching_volatility,500,gpu_raw_mc,NVIDIA_GPU_H100_PCIE_LONG_WINDOW_ENERGY,512,2,10,LONG_WINDOW_NVML_POWER_INTEGRATION,2.0,8.0,40,0.02,2,6129,2.0412473710002814,0.3330473765704489,2.027166022000074,50,2.0202601030014193,216.15329096637166,0.03526730151188965,106.9908,107.14,464.0,72.0,PASS_NVML_LONG_WINDOW_SAMPLE_COUNT_RELEASE_QUALITY,TOTAL_DEVICE_ENERGY_NO_IDLE_SUBTRACTION,LONG_WINDOW_REPEATED_GENERATION_TO_LOSS_MATERIALIZATION_NOT_SPEEDUP_TIMING
saa.drcet.accuracy_cost_energy_pareto_gpu_h100_energy_long_window.v2.energy_workload_row,regime_switching_volatility|d=500|method=gpu_raw_mc|paths=2048|repeat=0,regime_switching_volatility,500,gpu_raw_mc,NVIDIA_GPU_H100_PCIE_LONG_WINDOW_ENERGY,2048,0,10,LONG_WINDOW_NVML_POWER_INTEGRATION,2.0,8.0,40,0.02,2,6130,2.024925689000156,0.33033045497555563,2.025759877000155,48,2.003151731998514,224.15412556630312,0.03656674152794504,111.915,113.74,470.0,82.0,PASS_NVML_LONG_WINDOW_SAMPLE_COUNT_RELEASE_QUALITY,TOTAL_DEVICE_ENERGY_NO_IDLE_SUBTRACTION,LONG_WINDOW_REPEATED_GENERATION_TO_LOSS_MATERIALIZATION_NOT_SPEEDUP_TIMING
saa.drcet.accuracy_cost_energy_pareto_gpu_h100_energy_long_window.v2.energy_workload_row,regime_switching_volatility|d=500|method=gpu_raw_mc|paths=2048|repeat=1,regime_switching_volatility,500,gpu_raw_mc,NVIDIA_GPU_H100_PCIE_LONG_WINDOW_ENERGY,2048,1,10,LONG_WINDOW_NVML_POWER_INTEGRATION,2.0,8.0,40,0.02,2,6126,2.020448151999517,0.32981523865483464,2.025082667000106,49,1.9987212459982402,227.1713705111901,0.037083148957099264,113.65714285714286,113.92,470.0,82.0,PASS_NVML_LONG_WINDOW_SAMPLE_COUNT_RELEASE_QUALITY,TOTAL_DEVICE_ENERGY_NO_IDLE_SUBTRACTION,LONG_WINDOW_REPEATED_GENERATION_TO_LOSS_MATERIALIZATION_NOT_SPEEDUP_TIMING
saa.drcet.accuracy_cost_energy_pareto_gpu_h100_energy_long_window.v2.energy_workload_row,regime_switching_volatility|d=500|method=gpu_raw_mc|paths=2048|repeat=2,regime_switching_volatility,500,gpu_raw_mc,NVIDIA_GPU_H100_PCIE_LONG_WINDOW_ENERGY,2048,2,10,LONG_WINDOW_NVML_POWER_INTEGRATION,2.0,8.0,40,0.02,2,6119,2.021238576999167,0.3303217154762489,2.0263466209999024,49,1.9998187290002534,227.40468099146383,0.037163700113002754,113.71265306122449,113.92,470.0,82.0,PASS_NVML_LONG_WINDOW_SAMPLE_COUNT_RELEASE_QUALITY,TOTAL_DEVICE_ENERGY_NO_IDLE_SUBTRACTION,LONG_WINDOW_REPEATED_GENERATION_TO_LOSS_MATERIALIZATION_NOT_SPEEDUP_TIMING
saa.drcet.accuracy_cost_energy_pareto_gpu_h100_energy_long_window.v2.energy_workload_row,regime_switching_volatility|d=1000|method=gpu_antithetic_mc|paths=512|repeat=0,regime_switching_volatility,1000,gpu_antithetic_mc,NVIDIA_GPU_H100_PCIE_LONG_WINDOW_ENERGY,512,0,10,LONG_WINDOW_NVML_POWER_INTEGRATION,2.0,8.0,40,0.02,2,4471,2.0379448290004802,0.45581409729377775,2.030130601999872,50,2.016303621001498,221.16454812627117,0.049466461222605944,109.69760000000001,113.56,470.0,81.0,PASS_NVML_LONG_WINDOW_SAMPLE_COUNT_RELEASE_QUALITY,TOTAL_DEVICE_ENERGY_NO_IDLE_SUBTRACTION,LONG_WINDOW_REPEATED_GENERATION_TO_LOSS_MATERIALIZATION_NOT_SPEEDUP_TIMING
saa.drcet.accuracy_cost_energy_pareto_gpu_h100_energy_long_window.v2.energy_workload_row,regime_switching_volatility|d=1000|method=gpu_antithetic_mc|paths=512|repeat=1,regime_switching_volatility,1000,gpu_antithetic_mc,NVIDIA_GPU_H100_PCIE_LONG_WINDOW_ENERGY,512,1,10,LONG_WINDOW_NVML_POWER_INTEGRATION,2.0,8.0,40,0.02,2,4473,2.0370486069987237,0.4554099277886706,2.0326609329999883,50,2.0157750670005044,218.3538067771297,0.048815963956434096,108.32119999999999,108.56,470.0,62.0,PASS_NVML_LONG_WINDOW_SAMPLE_COUNT_RELEASE_QUALITY,TOTAL_DEVICE_ENERGY_NO_IDLE_SUBTRACTION,LONG_WINDOW_REPEATED_GENERATION_TO_LOSS_MATERIALIZATION_NOT_SPEEDUP_TIMING
saa.drcet.accuracy_cost_energy_pareto_gpu_h100_energy_long_window.v2.energy_workload_row,regime_switching_volatility|d=1000|method=gpu_antithetic_mc|paths=512|repeat=2,regime_switching_volatility,1000,gpu_antithetic_mc,NVIDIA_GPU_H100_PCIE_LONG_WINDOW_ENERGY,512,2,10,LONG_WINDOW_NVML_POWER_INTEGRATION,2.0,8.0,40,0.02,2,4493,2.03808749000018,0.4536139528155308,2.0324405159999515,50,2.0154751339996437,218.31421714191166,0.04858985469439387,108.3196,108.56,470.0,63.0,PASS_NVML_LONG_WINDOW_SAMPLE_COUNT_RELEASE_QUALITY,TOTAL_DEVICE_ENERGY_NO_IDLE_SUBTRACTION,LONG_WINDOW_REPEATED_GENERATION_TO_LOSS_MATERIALIZATION_NOT_SPEEDUP_TIMING
saa.drcet.accuracy_cost_energy_pareto_gpu_h100_energy_long_window.v2.energy_workload_row,regime_switching_volatility|d=1000|method=gpu_antithetic_mc|paths=2048|repeat=0,regime_switching_volatility,1000,gpu_antithetic_mc,NVIDIA_GPU_H100_PCIE_LONG_WINDOW_ENERGY,2048,0,10,LONG_WINDOW_NVML_POWER_INTEGRATION,2.0,8.0,40,0.02,2,4227,2.02143895700101,0.4782207137452117,2.0296217669999805,46,1.9974970940002095,235.8192955774006,0.05578880898448086,118.08782608695653,121.61,494.0,74.0,PASS_NVML_LONG_WINDOW_SAMPLE_COUNT_RELEASE_QUALITY,TOTAL_DEVICE_ENERGY_NO_IDLE_SUBTRACTION,LONG_WINDOW_REPEATED_GENERATION_TO_LOSS_MATERIALIZATION_NOT_SPEEDUP_TIMING
saa.drcet.accuracy_cost_energy_pareto_gpu_h100_energy_long_window.v2.energy_workload_row,regime_switching_volatility|d=1000|method=gpu_antithetic_mc|paths=2048|repeat=1,regime_switching_volatility,1000,gpu_antithetic_mc,NVIDIA_GPU_H100_PCIE_LONG_WINDOW_ENERGY,2048,1,10,LONG_WINDOW_NVML_POWER_INTEGRATION,2.0,8.0,40,0.02,2,4206,2.020150014999672,0.4803019531620713,2.0328921230000105,48,1.9955199329997413,241.87038139308328,0.0575060345680179,121.20208333333333,121.55,494.0,74.0,PASS_NVML_LONG_WINDOW_SAMPLE_COUNT_RELEASE_QUALITY,TOTAL_DEVICE_ENERGY_NO_IDLE_SUBTRACTION,LONG_WINDOW_REPEATED_GENERATION_TO_LOSS_MATERIALIZATION_NOT_SPEEDUP_TIMING
saa.drcet.accuracy_cost_energy_pareto_gpu_h100_energy_long_window.v2.energy_workload_row,regime_switching_volatility|d=1000|method=gpu_antithetic_mc|paths=2048|repeat=2,regime_switching_volatility,1000,gpu_antithetic_mc,NVIDIA_GPU_H100_PCIE_LONG_WINDOW_ENERGY,2048,2,10,LONG_WINDOW_NVML_POWER_INTEGRATION,2.0,8.0,40,0.02,2,4142,2.0275281250014814,0.48950461733497863,2.0312896640000417,48,2.004541251999399,242.30787455759724,0.058500211143794605,120.88333333333333,121.24,494.0,73.0,PASS_NVML_LONG_WINDOW_SAMPLE_COUNT_RELEASE_QUALITY,TOTAL_DEVICE_ENERGY_NO_IDLE_SUBTRACTION,LONG_WINDOW_REPEATED_GENERATION_TO_LOSS_MATERIALIZATION_NOT_SPEEDUP_TIMING
saa.drcet.accuracy_cost_energy_pareto_gpu_h100_energy_long_window.v2.energy_workload_row,regime_switching_volatility|d=1000|method=gpu_importance_sampling|paths=512|repeat=0,regime_switching_volatility,1000,gpu_importance_sampling,NVIDIA_GPU_H100_PCIE_LONG_WINDOW_ENERGY,512,0,10,LONG_WINDOW_NVML_POWER_INTEGRATION,2.0,8.0,40,0.02,2,5457,2.0328415999993013,0.37251999266983715,2.02650930599998,50,2.010829343000296,223.81001949035453,0.04101338088516667,111.32979999999999,120.58,466.0,72.0,PASS_NVML_LONG_WINDOW_SAMPLE_COUNT_RELEASE_QUALITY,TOTAL_DEVICE_ENERGY_NO_IDLE_SUBTRACTION,LONG_WINDOW_REPEATED_GENERATION_TO_LOSS_MATERIALIZATION_NOT_SPEEDUP_TIMING
saa.drcet.accuracy_cost_energy_pareto_gpu_h100_energy_long_window.v2.energy_workload_row,regime_switching_volatility|d=1000|method=gpu_importance_sampling|paths=512|repeat=1,regime_switching_volatility,1000,gpu_importance_sampling,NVIDIA_GPU_H100_PCIE_LONG_WINDOW_ENERGY,512,1,10,LONG_WINDOW_NVML_POWER_INTEGRATION,2.0,8.0,40,0.02,2,5467,2.0334507550014678,0.37195001920641446,2.0263618309998037,50,2.0116151069996704,217.5354722335246,0.03979064793003925,108.13879999999999,108.31,466.0,71.0,PASS_NVML_LONG_WINDOW_SAMPLE_COUNT_RELEASE_QUALITY,TOTAL_DEVICE_ENERGY_NO_IDLE_SUBTRACTION,LONG_WINDOW_REPEATED_GENERATION_TO_LOSS_MATERIALIZATION_NOT_SPEEDUP_TIMING
saa.drcet.accuracy_cost_energy_pareto_gpu_h100_energy_long_window.v2.energy_workload_row,regime_switching_volatility|d=1000|method=gpu_importance_sampling|paths=512|repeat=2,regime_switching_volatility,1000,gpu_importance_sampling,NVIDIA_GPU_H100_PCIE_LONG_WINDOW_ENERGY,512,2,10,LONG_WINDOW_NVML_POWER_INTEGRATION,2.0,8.0,40,0.02,2,5438,2.020717532999697,0.37159204358214365,2.024288808000165,50,1.9991859150013624,215.97445953014724,0.0397157888065736,108.03299999999997,108.3,466.0,72.0,PASS_NVML_LONG_WINDOW_SAMPLE_COUNT_RELEASE_QUALITY,TOTAL_DEVICE_ENERGY_NO_IDLE_SUBTRACTION,LONG_WINDOW_REPEATED_GENERATION_TO_LOSS_MATERIALIZATION_NOT_SPEEDUP_TIMING
saa.drcet.accuracy_cost_energy_pareto_gpu_h100_energy_long_window.v2.energy_workload_row,regime_switching_volatility|d=1000|method=gpu_importance_sampling|paths=2048|repeat=0,regime_switching_volatility,1000,gpu_importance_sampling,NVIDIA_GPU_H100_PCIE_LONG_WINDOW_ENERGY,2048,0,10,LONG_WINDOW_NVML_POWER_INTEGRATION,2.0,8.0,40,0.02,2,5459,2.0327344060006,0.3723638772670086,2.024534256999914,48,2.0103353779995814,233.4983759280977,0.0427731042183729,116.30125,118.99,478.0,88.0,PASS_NVML_LONG_WINDOW_SAMPLE_COUNT_RELEASE_QUALITY,TOTAL_DEVICE_ENERGY_NO_IDLE_SUBTRACTION,LONG_WINDOW_REPEATED_GENERATION_TO_LOSS_MATERIALIZATION_NOT_SPEEDUP_TIMING
saa.drcet.accuracy_cost_energy_pareto_gpu_h100_energy_long_window.v2.energy_workload_row,regime_switching_volatility|d=1000|method=gpu_importance_sampling|paths=2048|repeat=1,regime_switching_volatility,1000,gpu_importance_sampling,NVIDIA_GPU_H100_PCIE_LONG_WINDOW_ENERGY,2048,1,10,LONG_WINDOW_NVML_POWER_INTEGRATION,2.0,8.0,40,0.02,2,5456,2.0376536910007417,0.37347025128312716,2.025342384999931,50,2.016700711001249,239.25544803311803,0.04385180499140726,118.63680000000002,119.04,478.0,88.0,PASS_NVML_LONG_WINDOW_SAMPLE_COUNT_RELEASE_QUALITY,TOTAL_DEVICE_ENERGY_NO_IDLE_SUBTRACTION,LONG_WINDOW_REPEATED_GENERATION_TO_LOSS_MATERIALIZATION_NOT_SPEEDUP_TIMING
saa.drcet.accuracy_cost_energy_pareto_gpu_h100_energy_long_window.v2.energy_workload_row,regime_switching_volatility|d=1000|method=gpu_importance_sampling|paths=2048|repeat=2,regime_switching_volatility,1000,gpu_importance_sampling,NVIDIA_GPU_H100_PCIE_LONG_WINDOW_ENERGY,2048,2,10,LONG_WINDOW_NVML_POWER_INTEGRATION,2.0,8.0,40,0.02,2,5452,2.0349899610009743,0.3732556788336343,2.0245326010001463,50,2.0129868229996646,238.88220466081495,0.043815518096261,118.6718,119.09,478.0,87.0,PASS_NVML_LONG_WINDOW_SAMPLE_COUNT_RELEASE_QUALITY,TOTAL_DEVICE_ENERGY_NO_IDLE_SUBTRACTION,LONG_WINDOW_REPEATED_GENERATION_TO_LOSS_MATERIALIZATION_NOT_SPEEDUP_TIMING
saa.drcet.accuracy_cost_energy_pareto_gpu_h100_energy_long_window.v2.energy_workload_row,regime_switching_volatility|d=1000|method=gpu_randomized_qmc_cpu_sobol|paths=512|repeat=0,regime_switching_volatility,1000,gpu_randomized_qmc_cpu_sobol,NVIDIA_GPU_H100_PCIE_LONG_WINDOW_ENERGY,512,0,10,LONG_WINDOW_NVML_POWER_INTEGRATION,2.0,8.0,40,0.02,2,40,2.1062680180002644,52.65670045000661,2.088763340000014,42,2.080515187999481,213.60916115432448,5.340229028858112,102.71809523809523,116.4,466.0,22.0,PASS_NVML_LONG_WINDOW_SAMPLE_COUNT_RELEASE_QUALITY,TOTAL_DEVICE_ENERGY_NO_IDLE_SUBTRACTION,LONG_WINDOW_REPEATED_GENERATION_TO_LOSS_MATERIALIZATION_NOT_SPEEDUP_TIMING
saa.drcet.accuracy_cost_energy_pareto_gpu_h100_energy_long_window.v2.energy_workload_row,regime_switching_volatility|d=1000|method=gpu_randomized_qmc_cpu_sobol|paths=512|repeat=1,regime_switching_volatility,1000,gpu_randomized_qmc_cpu_sobol,NVIDIA_GPU_H100_PCIE_LONG_WINDOW_ENERGY,512,1,10,LONG_WINDOW_NVML_POWER_INTEGRATION,2.0,8.0,40,0.02,2,40,2.1117831419996946,52.794578549992366,2.094461209999963,42,2.086033902000054,206.3060114492453,5.157650286231132,98.89642857142859,98.94,466.0,0.0,PASS_NVML_LONG_WINDOW_SAMPLE_COUNT_RELEASE_QUALITY,TOTAL_DEVICE_ENERGY_NO_IDLE_SUBTRACTION,LONG_WINDOW_REPEATED_GENERATION_TO_LOSS_MATERIALIZATION_NOT_SPEEDUP_TIMING
saa.drcet.accuracy_cost_energy_pareto_gpu_h100_energy_long_window.v2.energy_workload_row,regime_switching_volatility|d=1000|method=gpu_randomized_qmc_cpu_sobol|paths=512|repeat=2,regime_switching_volatility,1000,gpu_randomized_qmc_cpu_sobol,NVIDIA_GPU_H100_PCIE_LONG_WINDOW_ENERGY,512,2,10,LONG_WINDOW_NVML_POWER_INTEGRATION,2.0,8.0,40,0.02,2,41,2.1691924370006745,52.90713260977255,2.1510745360001238,42,2.1434346370006097,211.54316291058018,5.1595893392824435,98.69285714285715,98.74,466.0,0.0,PASS_NVML_LONG_WINDOW_SAMPLE_COUNT_RELEASE_QUALITY,TOTAL_DEVICE_ENERGY_NO_IDLE_SUBTRACTION,LONG_WINDOW_REPEATED_GENERATION_TO_LOSS_MATERIALIZATION_NOT_SPEEDUP_TIMING
saa.drcet.accuracy_cost_energy_pareto_gpu_h100_energy_long_window.v2.energy_workload_row,regime_switching_volatility|d=1000|method=gpu_randomized_qmc_cpu_sobol|paths=2048|repeat=0,regime_switching_volatility,1000,gpu_randomized_qmc_cpu_sobol,NVIDIA_GPU_H100_PCIE_LONG_WINDOW_ENERGY,2048,0,10,LONG_WINDOW_NVML_POWER_INTEGRATION,2.0,8.0,40,0.02,2,23,2.071139392999612,90.04953882607009,2.050133566000113,48,2.045173653999882,201.7034996414033,8.769717375713187,98.623125,98.7,478.0,1.0,PASS_NVML_LONG_WINDOW_SAMPLE_COUNT_RELEASE_QUALITY,TOTAL_DEVICE_ENERGY_NO_IDLE_SUBTRACTION,LONG_WINDOW_REPEATED_GENERATION_TO_LOSS_MATERIALIZATION_NOT_SPEEDUP_TIMING
saa.drcet.accuracy_cost_energy_pareto_gpu_h100_energy_long_window.v2.energy_workload_row,regime_switching_volatility|d=1000|method=gpu_randomized_qmc_cpu_sobol|paths=2048|repeat=1,regime_switching_volatility,1000,gpu_randomized_qmc_cpu_sobol,NVIDIA_GPU_H100_PCIE_LONG_WINDOW_ENERGY,2048,1,10,LONG_WINDOW_NVML_POWER_INTEGRATION,2.0,8.0,40,0.02,2,23,2.0760018870005297,90.26095160871868,2.054515414999969,48,2.0503830480010947,202.11723951644788,8.787706065932516,98.57583333333332,98.62,478.0,1.0,PASS_NVML_LONG_WINDOW_SAMPLE_COUNT_RELEASE_QUALITY,TOTAL_DEVICE_ENERGY_NO_IDLE_SUBTRACTION,LONG_WINDOW_REPEATED_GENERATION_TO_LOSS_MATERIALIZATION_NOT_SPEEDUP_TIMING
saa.drcet.accuracy_cost_energy_pareto_gpu_h100_energy_long_window.v2.energy_workload_row,regime_switching_volatility|d=1000|method=gpu_randomized_qmc_cpu_sobol|paths=2048|repeat=2,regime_switching_volatility,1000,gpu_randomized_qmc_cpu_sobol,NVIDIA_GPU_H100_PCIE_LONG_WINDOW_ENERGY,2048,2,10,LONG_WINDOW_NVML_POWER_INTEGRATION,2.0,8.0,40,0.02,2,23,2.074315346999356,90.18762378258069,2.052003058999844,48,2.0485737469989544,201.8185520220119,8.774719653130951,98.51708333333333,98.55,478.0,1.0,PASS_NVML_LONG_WINDOW_SAMPLE_COUNT_RELEASE_QUALITY,TOTAL_DEVICE_ENERGY_NO_IDLE_SUBTRACTION,LONG_WINDOW_REPEATED_GENERATION_TO_LOSS_MATERIALIZATION_NOT_SPEEDUP_TIMING
saa.drcet.accuracy_cost_energy_pareto_gpu_h100_energy_long_window.v2.energy_workload_row,regime_switching_volatility|d=1000|method=gpu_raw_mc|paths=512|repeat=0,regime_switching_volatility,1000,gpu_raw_mc,NVIDIA_GPU_H100_PCIE_LONG_WINDOW_ENERGY,512,0,10,LONG_WINDOW_NVML_POWER_INTEGRATION,2.0,8.0,40,0.02,2,6111,2.02107140499902,0.3307267885778138,2.0249704759999076,49,1.9994569570008025,212.62439996126756,0.0347937162430482,106.30122448979593,109.01,466.0,76.0,PASS_NVML_LONG_WINDOW_SAMPLE_COUNT_RELEASE_QUALITY,TOTAL_DEVICE_ENERGY_NO_IDLE_SUBTRACTION,LONG_WINDOW_REPEATED_GENERATION_TO_LOSS_MATERIALIZATION_NOT_SPEEDUP_TIMING
saa.drcet.accuracy_cost_energy_pareto_gpu_h100_energy_long_window.v2.energy_workload_row,regime_switching_volatility|d=1000|method=gpu_raw_mc|paths=512|repeat=1,regime_switching_volatility,1000,gpu_raw_mc,NVIDIA_GPU_H100_PCIE_LONG_WINDOW_ENERGY,512,1,10,LONG_WINDOW_NVML_POWER_INTEGRATION,2.0,8.0,40,0.02,2,6111,2.021301038999809,0.3307643657338912,2.0244527099998777,49,2.0000249099994107,217.8843126087059,0.035654444871331355,108.93938775510206,109.09,466.0,75.0,PASS_NVML_LONG_WINDOW_SAMPLE_COUNT_RELEASE_QUALITY,TOTAL_DEVICE_ENERGY_NO_IDLE_SUBTRACTION,LONG_WINDOW_REPEATED_GENERATION_TO_LOSS_MATERIALIZATION_NOT_SPEEDUP_TIMING
saa.drcet.accuracy_cost_energy_pareto_gpu_h100_energy_long_window.v2.energy_workload_row,regime_switching_volatility|d=1000|method=gpu_raw_mc|paths=512|repeat=2,regime_switching_volatility,1000,gpu_raw_mc,NVIDIA_GPU_H100_PCIE_LONG_WINDOW_ENERGY,512,2,10,LONG_WINDOW_NVML_POWER_INTEGRATION,2.0,8.0,40,0.02,2,6111,2.021042623999165,0.33072207887402466,2.0245083790000535,48,1.999576514999717,217.84842934627932,0.0356485729579904,108.95166666666667,109.11,466.0,76.0,PASS_NVML_LONG_WINDOW_SAMPLE_COUNT_RELEASE_QUALITY,TOTAL_DEVICE_ENERGY_NO_IDLE_SUBTRACTION,LONG_WINDOW_REPEATED_GENERATION_TO_LOSS_MATERIALIZATION_NOT_SPEEDUP_TIMING
saa.drcet.accuracy_cost_energy_pareto_gpu_h100_energy_long_window.v2.energy_workload_row,regime_switching_volatility|d=1000|method=gpu_raw_mc|paths=2048|repeat=0,regime_switching_volatility,1000,gpu_raw_mc,NVIDIA_GPU_H100_PCIE_LONG_WINDOW_ENERGY,2048,0,10,LONG_WINDOW_NVML_POWER_INTEGRATION,2.0,8.0,40,0.02,2,6009,2.023077596000803,0.3366745874522888,2.0275629740001477,49,2.0009263479987567,235.2118162631734,0.03914325449545239,117.5069387755102,120.58,478.0,92.0,PASS_NVML_LONG_WINDOW_SAMPLE_COUNT_RELEASE_QUALITY,TOTAL_DEVICE_ENERGY_NO_IDLE_SUBTRACTION,LONG_WINDOW_REPEATED_GENERATION_TO_LOSS_MATERIALIZATION_NOT_SPEEDUP_TIMING
saa.drcet.accuracy_cost_energy_pareto_gpu_h100_energy_long_window.v2.energy_workload_row,regime_switching_volatility|d=1000|method=gpu_raw_mc|paths=2048|repeat=1,regime_switching_volatility,1000,gpu_raw_mc,NVIDIA_GPU_H100_PCIE_LONG_WINDOW_ENERGY,2048,1,10,LONG_WINDOW_NVML_POWER_INTEGRATION,2.0,8.0,40,0.02,2,6025,2.039433428999473,0.3384951749376719,2.026261659999818,50,2.017945460000192,242.89003032161315,0.04031369797869098,120.36359999999999,120.7,478.0,92.0,PASS_NVML_LONG_WINDOW_SAMPLE_COUNT_RELEASE_QUALITY,TOTAL_DEVICE_ENERGY_NO_IDLE_SUBTRACTION,LONG_WINDOW_REPEATED_GENERATION_TO_LOSS_MATERIALIZATION_NOT_SPEEDUP_TIMING
saa.drcet.accuracy_cost_energy_pareto_gpu_h100_energy_long_window.v2.energy_workload_row,regime_switching_volatility|d=1000|method=gpu_raw_mc|paths=2048|repeat=2,regime_switching_volatility,1000,gpu_raw_mc,NVIDIA_GPU_H100_PCIE_LONG_WINDOW_ENERGY,2048,2,10,LONG_WINDOW_NVML_POWER_INTEGRATION,2.0,8.0,40,0.02,2,6021,2.038461885998913,0.33855869224363283,2.026880011000003,50,2.0170110470007785,242.71504133088374,0.04031141692922832,120.33460000000001,120.87,478.0,92.0,PASS_NVML_LONG_WINDOW_SAMPLE_COUNT_RELEASE_QUALITY,TOTAL_DEVICE_ENERGY_NO_IDLE_SUBTRACTION,LONG_WINDOW_REPEATED_GENERATION_TO_LOSS_MATERIALIZATION_NOT_SPEEDUP_TIMING
saa.drcet.accuracy_cost_energy_pareto_gpu_h100_energy_long_window.v2.energy_workload_row,skewed_t_mixture|d=100|method=gpu_antithetic_mc|paths=512|repeat=0,skewed_t_mixture,100,gpu_antithetic_mc,NVIDIA_GPU_H100_PCIE_LONG_WINDOW_ENERGY,512,0,10,LONG_WINDOW_NVML_POWER_INTEGRATION,2.0,8.0,40,0.02,2,3922,2.0208667240003706,0.5152643355431847,2.032756787000153,49,1.9996470940004656,215.66555143187577,0.054988666861773526,107.95285714285716,120.11,462.0,57.0,PASS_NVML_LONG_WINDOW_SAMPLE_COUNT_RELEASE_QUALITY,TOTAL_DEVICE_ENERGY_NO_IDLE_SUBTRACTION,LONG_WINDOW_REPEATED_GENERATION_TO_LOSS_MATERIALIZATION_NOT_SPEEDUP_TIMING
saa.drcet.accuracy_cost_energy_pareto_gpu_h100_energy_long_window.v2.energy_workload_row,skewed_t_mixture|d=100|method=gpu_antithetic_mc|paths=512|repeat=1,skewed_t_mixture,100,gpu_antithetic_mc,NVIDIA_GPU_H100_PCIE_LONG_WINDOW_ENERGY,512,1,10,LONG_WINDOW_NVML_POWER_INTEGRATION,2.0,8.0,40,0.02,2,3922,2.020151770000666,0.515082042325514,2.032803129000058,49,1.998295450999649,207.51835984971848,0.0529113615119119,103.84755102040818,103.89,462.0,57.0,PASS_NVML_LONG_WINDOW_SAMPLE_COUNT_RELEASE_QUALITY,TOTAL_DEVICE_ENERGY_NO_IDLE_SUBTRACTION,LONG_WINDOW_REPEATED_GENERATION_TO_LOSS_MATERIALIZATION_NOT_SPEEDUP_TIMING
saa.drcet.accuracy_cost_energy_pareto_gpu_h100_energy_long_window.v2.energy_workload_row,skewed_t_mixture|d=100|method=gpu_antithetic_mc|paths=512|repeat=2,skewed_t_mixture,100,gpu_antithetic_mc,NVIDIA_GPU_H100_PCIE_LONG_WINDOW_ENERGY,512,2,10,LONG_WINDOW_NVML_POWER_INTEGRATION,2.0,8.0,40,0.02,2,3937,2.0344793570002366,0.5167587901956405,2.0302067449999868,48,2.0124820210003236,209.00005033465857,0.05308611895724119,103.8525,103.93,462.0,57.0,PASS_NVML_LONG_WINDOW_SAMPLE_COUNT_RELEASE_QUALITY,TOTAL_DEVICE_ENERGY_NO_IDLE_SUBTRACTION,LONG_WINDOW_REPEATED_GENERATION_TO_LOSS_MATERIALIZATION_NOT_SPEEDUP_TIMING
saa.drcet.accuracy_cost_energy_pareto_gpu_h100_energy_long_window.v2.energy_workload_row,skewed_t_mixture|d=100|method=gpu_antithetic_mc|paths=2048|repeat=0,skewed_t_mixture,100,gpu_antithetic_mc,NVIDIA_GPU_H100_PCIE_LONG_WINDOW_ENERGY,2048,0,10,LONG_WINDOW_NVML_POWER_INTEGRATION,2.0,8.0,40,0.02,2,3906,2.0206964579992928,0.5173314024575763,2.0363567169999897,49,1.9990242499989108,210.3353229786659,0.05384928903703685,105.2116326530612,105.79,464.0,58.0,PASS_NVML_LONG_WINDOW_SAMPLE_COUNT_RELEASE_QUALITY,TOTAL_DEVICE_ENERGY_NO_IDLE_SUBTRACTION,LONG_WINDOW_REPEATED_GENERATION_TO_LOSS_MATERIALIZATION_NOT_SPEEDUP_TIMING
saa.drcet.accuracy_cost_energy_pareto_gpu_h100_energy_long_window.v2.energy_workload_row,skewed_t_mixture|d=100|method=gpu_antithetic_mc|paths=2048|repeat=1,skewed_t_mixture,100,gpu_antithetic_mc,NVIDIA_GPU_H100_PCIE_LONG_WINDOW_ENERGY,2048,1,10,LONG_WINDOW_NVML_POWER_INTEGRATION,2.0,8.0,40,0.02,2,3914,2.0208656819995667,0.5163172411853773,2.0336542960001225,49,1.9989322040000843,211.37328787927402,0.0540044169338973,105.74183673469386,105.82,464.0,58.0,PASS_NVML_LONG_WINDOW_SAMPLE_COUNT_RELEASE_QUALITY,TOTAL_DEVICE_ENERGY_NO_IDLE_SUBTRACTION,LONG_WINDOW_REPEATED_GENERATION_TO_LOSS_MATERIALIZATION_NOT_SPEEDUP_TIMING
saa.drcet.accuracy_cost_energy_pareto_gpu_h100_energy_long_window.v2.energy_workload_row,skewed_t_mixture|d=100|method=gpu_antithetic_mc|paths=2048|repeat=2,skewed_t_mixture,100,gpu_antithetic_mc,NVIDIA_GPU_H100_PCIE_LONG_WINDOW_ENERGY,2048,2,10,LONG_WINDOW_NVML_POWER_INTEGRATION,2.0,8.0,40,0.02,2,3916,2.0211718369992013,0.516131725484985,2.031718799999908,49,1.9995828480005002,211.39262711158787,0.05398177403258117,105.7177551020408,105.79,464.0,58.0,PASS_NVML_LONG_WINDOW_SAMPLE_COUNT_RELEASE_QUALITY,TOTAL_DEVICE_ENERGY_NO_IDLE_SUBTRACTION,LONG_WINDOW_REPEATED_GENERATION_TO_LOSS_MATERIALIZATION_NOT_SPEEDUP_TIMING
saa.drcet.accuracy_cost_energy_pareto_gpu_h100_energy_long_window.v2.energy_workload_row,skewed_t_mixture|d=100|method=gpu_importance_sampling|paths=512|repeat=0,skewed_t_mixture,100,gpu_importance_sampling,NVIDIA_GPU_H100_PCIE_LONG_WINDOW_ENERGY,512,0,10,LONG_WINDOW_NVML_POWER_INTEGRATION,2.0,8.0,40,0.02,2,4692,2.020764352000697,0.43068293947158925,2.027514986999904,49,1.9940678940001817,208.94783485531838,0.044532786627305705,104.79040816326531,105.63,462.0,63.0,PASS_NVML_LONG_WINDOW_SAMPLE_COUNT_RELEASE_QUALITY,TOTAL_DEVICE_ENERGY_NO_IDLE_SUBTRACTION,LONG_WINDOW_REPEATED_GENERATION_TO_LOSS_MATERIALIZATION_NOT_SPEEDUP_TIMING
saa.drcet.accuracy_cost_energy_pareto_gpu_h100_energy_long_window.v2.energy_workload_row,skewed_t_mixture|d=100|method=gpu_importance_sampling|paths=512|repeat=1,skewed_t_mixture,100,gpu_importance_sampling,NVIDIA_GPU_H100_PCIE_LONG_WINDOW_ENERGY,512,1,10,LONG_WINDOW_NVML_POWER_INTEGRATION,2.0,8.0,40,0.02,2,4688,2.0374766040004033,0.4346153165529871,2.044434067000111,49,2.0132716900006926,210.36227442011236,0.04487249880975093,104.48632653061225,104.56,462.0,63.0,PASS_NVML_LONG_WINDOW_SAMPLE_COUNT_RELEASE_QUALITY,TOTAL_DEVICE_ENERGY_NO_IDLE_SUBTRACTION,LONG_WINDOW_REPEATED_GENERATION_TO_LOSS_MATERIALIZATION_NOT_SPEEDUP_TIMING
saa.drcet.accuracy_cost_energy_pareto_gpu_h100_energy_long_window.v2.energy_workload_row,skewed_t_mixture|d=100|method=gpu_importance_sampling|paths=512|repeat=2,skewed_t_mixture,100,gpu_importance_sampling,NVIDIA_GPU_H100_PCIE_LONG_WINDOW_ENERGY,512,2,10,LONG_WINDOW_NVML_POWER_INTEGRATION,2.0,8.0,40,0.02,2,4688,2.0204315119990497,0.4309794180885345,2.0272602879999795,48,1.9980878639998991,208.6559068712445,0.04450851255785932,104.42895833333334,104.56,462.0,63.0,PASS_NVML_LONG_WINDOW_SAMPLE_COUNT_RELEASE_QUALITY,TOTAL_DEVICE_ENERGY_NO_IDLE_SUBTRACTION,LONG_WINDOW_REPEATED_GENERATION_TO_LOSS_MATERIALIZATION_NOT_SPEEDUP_TIMING
saa.drcet.accuracy_cost_energy_pareto_gpu_h100_energy_long_window.v2.energy_workload_row,skewed_t_mixture|d=100|method=gpu_importance_sampling|paths=2048|repeat=0,skewed_t_mixture,100,gpu_importance_sampling,NVIDIA_GPU_H100_PCIE_LONG_WINDOW_ENERGY,2048,0,10,LONG_WINDOW_NVML_POWER_INTEGRATION,2.0,8.0,40,0.02,2,4657,2.0323657330009155,0.4364109368694257,2.0261615289998645,50,2.0099234560002515,212.69251140565092,0.04567157212919281,105.81260000000002,106.37,462.0,65.0,PASS_NVML_LONG_WINDOW_SAMPLE_COUNT_RELEASE_QUALITY,TOTAL_DEVICE_ENERGY_NO_IDLE_SUBTRACTION,LONG_WINDOW_REPEATED_GENERATION_TO_LOSS_MATERIALIZATION_NOT_SPEEDUP_TIMING
saa.drcet.accuracy_cost_energy_pareto_gpu_h100_energy_long_window.v2.energy_workload_row,skewed_t_mixture|d=100|method=gpu_importance_sampling|paths=2048|repeat=1,skewed_t_mixture,100,gpu_importance_sampling,NVIDIA_GPU_H100_PCIE_LONG_WINDOW_ENERGY,2048,1,10,LONG_WINDOW_NVML_POWER_INTEGRATION,2.0,8.0,40,0.02,2,4655,2.020856688999629,0.43412603415674095,2.028040512999951,49,1.9987302019999333,212.24312818153794,0.045594656967032854,106.18795918367347,106.32,462.0,65.0,PASS_NVML_LONG_WINDOW_SAMPLE_COUNT_RELEASE_QUALITY,TOTAL_DEVICE_ENERGY_NO_IDLE_SUBTRACTION,LONG_WINDOW_REPEATED_GENERATION_TO_LOSS_MATERIALIZATION_NOT_SPEEDUP_TIMING
saa.drcet.accuracy_cost_energy_pareto_gpu_h100_energy_long_window.v2.energy_workload_row,skewed_t_mixture|d=100|method=gpu_importance_sampling|paths=2048|repeat=2,skewed_t_mixture,100,gpu_importance_sampling,NVIDIA_GPU_H100_PCIE_LONG_WINDOW_ENERGY,2048,2,10,LONG_WINDOW_NVML_POWER_INTEGRATION,2.0,8.0,40,0.02,2,4664,2.0286978910007747,0.43496953066054345,2.037428532999911,49,2.006291711999438,213.10442452128538,0.04569134316494112,106.21693877551019,106.33,462.0,65.0,PASS_NVML_LONG_WINDOW_SAMPLE_COUNT_RELEASE_QUALITY,TOTAL_DEVICE_ENERGY_NO_IDLE_SUBTRACTION,LONG_WINDOW_REPEATED_GENERATION_TO_LOSS_MATERIALIZATION_NOT_SPEEDUP_TIMING
saa.drcet.accuracy_cost_energy_pareto_gpu_h100_energy_long_window.v2.energy_workload_row,skewed_t_mixture|d=100|method=gpu_randomized_qmc_cpu_sobol|paths=512|repeat=0,skewed_t_mixture,100,gpu_randomized_qmc_cpu_sobol,NVIDIA_GPU_H100_PCIE_LONG_WINDOW_ENERGY,512,0,10,LONG_WINDOW_NVML_POWER_INTEGRATION,2.0,8.0,40,0.02,2,467,2.0221446360010304,4.330074167025761,2.0159557150000182,48,2.0011822959986603,201.3745402584429,0.4312088656497706,100.65666666666668,105.91,462.0,48.0,PASS_NVML_LONG_WINDOW_SAMPLE_COUNT_RELEASE_QUALITY,TOTAL_DEVICE_ENERGY_NO_IDLE_SUBTRACTION,LONG_WINDOW_REPEATED_GENERATION_TO_LOSS_MATERIALIZATION_NOT_SPEEDUP_TIMING
saa.drcet.accuracy_cost_energy_pareto_gpu_h100_energy_long_window.v2.energy_workload_row,skewed_t_mixture|d=100|method=gpu_randomized_qmc_cpu_sobol|paths=512|repeat=1,skewed_t_mixture,100,gpu_randomized_qmc_cpu_sobol,NVIDIA_GPU_H100_PCIE_LONG_WINDOW_ENERGY,512,1,10,LONG_WINDOW_NVML_POWER_INTEGRATION,2.0,8.0,40,0.02,2,468,2.0240216569982294,4.3248326004235675,2.0168437679999442,48,2.0028298370016273,197.6590486277907,0.4223483945038263,98.69083333333333,98.88,462.0,2.0,PASS_NVML_LONG_WINDOW_SAMPLE_COUNT_RELEASE_QUALITY,TOTAL_DEVICE_ENERGY_NO_IDLE_SUBTRACTION,LONG_WINDOW_REPEATED_GENERATION_TO_LOSS_MATERIALIZATION_NOT_SPEEDUP_TIMING
saa.drcet.accuracy_cost_energy_pareto_gpu_h100_energy_long_window.v2.energy_workload_row,skewed_t_mixture|d=100|method=gpu_randomized_qmc_cpu_sobol|paths=512|repeat=2,skewed_t_mixture,100,gpu_randomized_qmc_cpu_sobol,NVIDIA_GPU_H100_PCIE_LONG_WINDOW_ENERGY,512,2,10,LONG_WINDOW_NVML_POWER_INTEGRATION,2.0,8.0,40,0.02,2,467,2.027492444998643,4.341525578155553,2.014197867000121,47,2.0063317060012196,197.77986240680013,0.4235114826698076,98.57574468085112,98.63,462.0,2.0,PASS_NVML_LONG_WINDOW_SAMPLE_COUNT_RELEASE_QUALITY,TOTAL_DEVICE_ENERGY_NO_IDLE_SUBTRACTION,LONG_WINDOW_REPEATED_GENERATION_TO_LOSS_MATERIALIZATION_NOT_SPEEDUP_TIMING
saa.drcet.accuracy_cost_energy_pareto_gpu_h100_energy_long_window.v2.energy_workload_row,skewed_t_mixture|d=100|method=gpu_randomized_qmc_cpu_sobol|paths=2048|repeat=0,skewed_t_mixture,100,gpu_randomized_qmc_cpu_sobol,NVIDIA_GPU_H100_PCIE_LONG_WINDOW_ENERGY,2048,0,10,LONG_WINDOW_NVML_POWER_INTEGRATION,2.0,8.0,40,0.02,2,259,2.0364903420013434,7.86289707336426,2.023353102999863,50,2.015339882000262,198.5514027260158,0.7666077325328795,98.5196,98.53,462.0,2.0,PASS_NVML_LONG_WINDOW_SAMPLE_COUNT_RELEASE_QUALITY,TOTAL_DEVICE_ENERGY_NO_IDLE_SUBTRACTION,LONG_WINDOW_REPEATED_GENERATION_TO_LOSS_MATERIALIZATION_NOT_SPEEDUP_TIMING
saa.drcet.accuracy_cost_energy_pareto_gpu_h100_energy_long_window.v2.energy_workload_row,skewed_t_mixture|d=100|method=gpu_randomized_qmc_cpu_sobol|paths=2048|repeat=1,skewed_t_mixture,100,gpu_randomized_qmc_cpu_sobol,NVIDIA_GPU_H100_PCIE_LONG_WINDOW_ENERGY,2048,1,10,LONG_WINDOW_NVML_POWER_INTEGRATION,2.0,8.0,40,0.02,2,257,2.028496181999799,7.892981252917505,2.024436795999918,50,2.007639860999916,197.75502596454677,0.7694748092005711,98.50139999999999,98.51,462.0,1.0,PASS_NVML_LONG_WINDOW_SAMPLE_COUNT_RELEASE_QUALITY,TOTAL_DEVICE_ENERGY_NO_IDLE_SUBTRACTION,LONG_WINDOW_REPEATED_GENERATION_TO_LOSS_MATERIALIZATION_NOT_SPEEDUP_TIMING
saa.drcet.accuracy_cost_energy_pareto_gpu_h100_energy_long_window.v2.energy_workload_row,skewed_t_mixture|d=100|method=gpu_randomized_qmc_cpu_sobol|paths=2048|repeat=2,skewed_t_mixture,100,gpu_randomized_qmc_cpu_sobol,NVIDIA_GPU_H100_PCIE_LONG_WINDOW_ENERGY,2048,2,10,LONG_WINDOW_NVML_POWER_INTEGRATION,2.0,8.0,40,0.02,2,259,2.028590387000804,7.832395316605422,2.022827965999795,50,2.007860735999202,197.7746662958414,0.7636087501769938,98.5,98.51,462.0,1.0,PASS_NVML_LONG_WINDOW_SAMPLE_COUNT_RELEASE_QUALITY,TOTAL_DEVICE_ENERGY_NO_IDLE_SUBTRACTION,LONG_WINDOW_REPEATED_GENERATION_TO_LOSS_MATERIALIZATION_NOT_SPEEDUP_TIMING
saa.drcet.accuracy_cost_energy_pareto_gpu_h100_energy_long_window.v2.energy_workload_row,skewed_t_mixture|d=100|method=gpu_raw_mc|paths=512|repeat=0,skewed_t_mixture,100,gpu_raw_mc,NVIDIA_GPU_H100_PCIE_LONG_WINDOW_ENERGY,512,0,10,LONG_WINDOW_NVML_POWER_INTEGRATION,2.0,8.0,40,0.02,2,5177,2.0208553949996713,0.39035259706387315,2.028234162999979,49,2.0001624249998713,206.13373801027882,0.03981721808195457,103.03,104.62,462.0,65.0,PASS_NVML_LONG_WINDOW_SAMPLE_COUNT_RELEASE_QUALITY,TOTAL_DEVICE_ENERGY_NO_IDLE_SUBTRACTION,LONG_WINDOW_REPEATED_GENERATION_TO_LOSS_MATERIALIZATION_NOT_SPEEDUP_TIMING
saa.drcet.accuracy_cost_energy_pareto_gpu_h100_energy_long_window.v2.energy_workload_row,skewed_t_mixture|d=100|method=gpu_raw_mc|paths=512|repeat=1,skewed_t_mixture,100,gpu_raw_mc,NVIDIA_GPU_H100_PCIE_LONG_WINDOW_ENERGY,512,1,10,LONG_WINDOW_NVML_POWER_INTEGRATION,2.0,8.0,40,0.02,2,5212,2.021187448999626,0.38779498254021993,2.029522453000027,49,1.9985671109989198,208.92021620399228,0.0400844620498834,104.53448979591836,104.62,462.0,65.0,PASS_NVML_LONG_WINDOW_SAMPLE_COUNT_RELEASE_QUALITY,TOTAL_DEVICE_ENERGY_NO_IDLE_SUBTRACTION,LONG_WINDOW_REPEATED_GENERATION_TO_LOSS_MATERIALIZATION_NOT_SPEEDUP_TIMING
saa.drcet.accuracy_cost_energy_pareto_gpu_h100_energy_long_window.v2.energy_workload_row,skewed_t_mixture|d=100|method=gpu_raw_mc|paths=512|repeat=2,skewed_t_mixture,100,gpu_raw_mc,NVIDIA_GPU_H100_PCIE_LONG_WINDOW_ENERGY,512,2,10,LONG_WINDOW_NVML_POWER_INTEGRATION,2.0,8.0,40,0.02,2,5206,2.0288621579984465,0.3897161271606697,2.0266570069998124,48,2.0069973790014046,209.87490503640188,0.04031404245801035,104.57416666666666,104.68,462.0,66.0,PASS_NVML_LONG_WINDOW_SAMPLE_COUNT_RELEASE_QUALITY,TOTAL_DEVICE_ENERGY_NO_IDLE_SUBTRACTION,LONG_WINDOW_REPEATED_GENERATION_TO_LOSS_MATERIALIZATION_NOT_SPEEDUP_TIMING
saa.drcet.accuracy_cost_energy_pareto_gpu_h100_energy_long_window.v2.energy_workload_row,skewed_t_mixture|d=100|method=gpu_raw_mc|paths=2048|repeat=0,skewed_t_mixture,100,gpu_raw_mc,NVIDIA_GPU_H100_PCIE_LONG_WINDOW_ENERGY,2048,0,10,LONG_WINDOW_NVML_POWER_INTEGRATION,2.0,8.0,40,0.02,2,5047,2.0250400610002544,0.40123639013280255,2.029956643000105,48,1.998908059000314,211.54719142555217,0.04191543321290909,105.823125,106.4,462.0,67.0,PASS_NVML_LONG_WINDOW_SAMPLE_COUNT_RELEASE_QUALITY,TOTAL_DEVICE_ENERGY_NO_IDLE_SUBTRACTION,LONG_WINDOW_REPEATED_GENERATION_TO_LOSS_MATERIALIZATION_NOT_SPEEDUP_TIMING
saa.drcet.accuracy_cost_energy_pareto_gpu_h100_energy_long_window.v2.energy_workload_row,skewed_t_mixture|d=100|method=gpu_raw_mc|paths=2048|repeat=1,skewed_t_mixture,100,gpu_raw_mc,NVIDIA_GPU_H100_PCIE_LONG_WINDOW_ENERGY,2048,1,10,LONG_WINDOW_NVML_POWER_INTEGRATION,2.0,8.0,40,0.02,2,5159,2.0214240820005216,0.391824788137337,2.0274203060000673,49,1.9990825730001234,212.8180701256384,0.04125180657601055,106.45510204081633,106.61,462.0,67.0,PASS_NVML_LONG_WINDOW_SAMPLE_COUNT_RELEASE_QUALITY,TOTAL_DEVICE_ENERGY_NO_IDLE_SUBTRACTION,LONG_WINDOW_REPEATED_GENERATION_TO_LOSS_MATERIALIZATION_NOT_SPEEDUP_TIMING
saa.drcet.accuracy_cost_energy_pareto_gpu_h100_energy_long_window.v2.energy_workload_row,skewed_t_mixture|d=100|method=gpu_raw_mc|paths=2048|repeat=2,skewed_t_mixture,100,gpu_raw_mc,NVIDIA_GPU_H100_PCIE_LONG_WINDOW_ENERGY,2048,2,10,LONG_WINDOW_NVML_POWER_INTEGRATION,2.0,8.0,40,0.02,2,5156,2.02111445599985,0.39199271838631694,2.0274496790000285,49,1.9999214569998003,212.94255429543887,0.04129995234589583,106.475306122449,106.61,462.0,67.0,PASS_NVML_LONG_WINDOW_SAMPLE_COUNT_RELEASE_QUALITY,TOTAL_DEVICE_ENERGY_NO_IDLE_SUBTRACTION,LONG_WINDOW_REPEATED_GENERATION_TO_LOSS_MATERIALIZATION_NOT_SPEEDUP_TIMING
saa.drcet.accuracy_cost_energy_pareto_gpu_h100_energy_long_window.v2.energy_workload_row,skewed_t_mixture|d=250|method=gpu_antithetic_mc|paths=512|repeat=0,skewed_t_mixture,250,gpu_antithetic_mc,NVIDIA_GPU_H100_PCIE_LONG_WINDOW_ENERGY,512,0,10,LONG_WINDOW_NVML_POWER_INTEGRATION,2.0,8.0,40,0.02,2,3888,2.023892485000033,0.5205484786522718,2.036929210000153,49,1.9983862329991098,209.32911082353746,0.053839791878481855,104.75551020408162,106.43,464.0,57.0,PASS_NVML_LONG_WINDOW_SAMPLE_COUNT_RELEASE_QUALITY,TOTAL_DEVICE_ENERGY_NO_IDLE_SUBTRACTION,LONG_WINDOW_REPEATED_GENERATION_TO_LOSS_MATERIALIZATION_NOT_SPEEDUP_TIMING
saa.drcet.accuracy_cost_energy_pareto_gpu_h100_energy_long_window.v2.energy_workload_row,skewed_t_mixture|d=250|method=gpu_antithetic_mc|paths=512|repeat=1,skewed_t_mixture,250,gpu_antithetic_mc,NVIDIA_GPU_H100_PCIE_LONG_WINDOW_ENERGY,512,1,10,LONG_WINDOW_NVML_POWER_INTEGRATION,2.0,8.0,40,0.02,2,3891,2.024009290000322,0.5201771498330305,2.0372154599999703,49,2.0021215500000835,208.57090053644367,0.053603418282303694,104.17489795918367,104.28,464.0,57.0,PASS_NVML_LONG_WINDOW_SAMPLE_COUNT_RELEASE_QUALITY,TOTAL_DEVICE_ENERGY_NO_IDLE_SUBTRACTION,LONG_WINDOW_REPEATED_GENERATION_TO_LOSS_MATERIALIZATION_NOT_SPEEDUP_TIMING
saa.drcet.accuracy_cost_energy_pareto_gpu_h100_energy_long_window.v2.energy_workload_row,skewed_t_mixture|d=250|method=gpu_antithetic_mc|paths=512|repeat=2,skewed_t_mixture,250,gpu_antithetic_mc,NVIDIA_GPU_H100_PCIE_LONG_WINDOW_ENERGY,512,2,10,LONG_WINDOW_NVML_POWER_INTEGRATION,2.0,8.0,40,0.02,2,3898,2.02088638999885,0.5184418650587096,2.0323708359999273,47,1.997480763000567,208.09202808256904,0.053384306845194726,104.18021276595744,104.26,464.0,57.0,PASS_NVML_LONG_WINDOW_SAMPLE_COUNT_RELEASE_QUALITY,TOTAL_DEVICE_ENERGY_NO_IDLE_SUBTRACTION,LONG_WINDOW_REPEATED_GENERATION_TO_LOSS_MATERIALIZATION_NOT_SPEEDUP_TIMING
saa.drcet.accuracy_cost_energy_pareto_gpu_h100_energy_long_window.v2.energy_workload_row,skewed_t_mixture|d=250|method=gpu_antithetic_mc|paths=2048|repeat=0,skewed_t_mixture,250,gpu_antithetic_mc,NVIDIA_GPU_H100_PCIE_LONG_WINDOW_ENERGY,2048,0,10,LONG_WINDOW_NVML_POWER_INTEGRATION,2.0,8.0,40,0.02,2,3903,2.0299969960015005,0.5201119641305407,2.0315319260000706,50,2.0082904680002684,215.09614115296583,0.055110464041241564,107.09539999999998,108.17,470.0,59.0,PASS_NVML_LONG_WINDOW_SAMPLE_COUNT_RELEASE_QUALITY,TOTAL_DEVICE_ENERGY_NO_IDLE_SUBTRACTION,LONG_WINDOW_REPEATED_GENERATION_TO_LOSS_MATERIALIZATION_NOT_SPEEDUP_TIMING
saa.drcet.accuracy_cost_energy_pareto_gpu_h100_energy_long_window.v2.energy_workload_row,skewed_t_mixture|d=250|method=gpu_antithetic_mc|paths=2048|repeat=1,skewed_t_mixture,250,gpu_antithetic_mc,NVIDIA_GPU_H100_PCIE_LONG_WINDOW_ENERGY,2048,1,10,LONG_WINDOW_NVML_POWER_INTEGRATION,2.0,8.0,40,0.02,2,3905,2.0200856600004045,0.5173074673496554,2.0362868899999285,49,1.9985507990004407,215.89582120578274,0.05528702207574462,108.02755102040818,108.21,470.0,59.0,PASS_NVML_LONG_WINDOW_SAMPLE_COUNT_RELEASE_QUALITY,TOTAL_DEVICE_ENERGY_NO_IDLE_SUBTRACTION,LONG_WINDOW_REPEATED_GENERATION_TO_LOSS_MATERIALIZATION_NOT_SPEEDUP_TIMING
saa.drcet.accuracy_cost_energy_pareto_gpu_h100_energy_long_window.v2.energy_workload_row,skewed_t_mixture|d=250|method=gpu_antithetic_mc|paths=2048|repeat=2,skewed_t_mixture,250,gpu_antithetic_mc,NVIDIA_GPU_H100_PCIE_LONG_WINDOW_ENERGY,2048,2,10,LONG_WINDOW_NVML_POWER_INTEGRATION,2.0,8.0,40,0.02,2,3904,2.021096452001075,0.5176988862707671,2.0382560850000573,49,1.9987176330014336,216.02156789063483,0.05533339341460933,108.0804081632653,108.18,470.0,59.0,PASS_NVML_LONG_WINDOW_SAMPLE_COUNT_RELEASE_QUALITY,TOTAL_DEVICE_ENERGY_NO_IDLE_SUBTRACTION,LONG_WINDOW_REPEATED_GENERATION_TO_LOSS_MATERIALIZATION_NOT_SPEEDUP_TIMING
saa.drcet.accuracy_cost_energy_pareto_gpu_h100_energy_long_window.v2.energy_workload_row,skewed_t_mixture|d=250|method=gpu_importance_sampling|paths=512|repeat=0,skewed_t_mixture,250,gpu_importance_sampling,NVIDIA_GPU_H100_PCIE_LONG_WINDOW_ENERGY,512,0,10,LONG_WINDOW_NVML_POWER_INTEGRATION,2.0,8.0,40,0.02,2,4623,2.020927716001097,0.43714638027278757,2.0282804559999477,49,1.999052135999591,210.89498516030562,0.04561864269095947,105.51224489795919,107.97,462.0,63.0,PASS_NVML_LONG_WINDOW_SAMPLE_COUNT_RELEASE_QUALITY,TOTAL_DEVICE_ENERGY_NO_IDLE_SUBTRACTION,LONG_WINDOW_REPEATED_GENERATION_TO_LOSS_MATERIALIZATION_NOT_SPEEDUP_TIMING
saa.drcet.accuracy_cost_energy_pareto_gpu_h100_energy_long_window.v2.energy_workload_row,skewed_t_mixture|d=250|method=gpu_importance_sampling|paths=512|repeat=1,skewed_t_mixture,250,gpu_importance_sampling,NVIDIA_GPU_H100_PCIE_LONG_WINDOW_ENERGY,512,1,10,LONG_WINDOW_NVML_POWER_INTEGRATION,2.0,8.0,40,0.02,2,4631,2.0210237100000086,0.43641194342474815,2.0267100559999562,49,1.9985290709992114,209.10240729789254,0.045152754760935554,104.6287755102041,104.71,462.0,63.0,PASS_NVML_LONG_WINDOW_SAMPLE_COUNT_RELEASE_QUALITY,TOTAL_DEVICE_ENERGY_NO_IDLE_SUBTRACTION,LONG_WINDOW_REPEATED_GENERATION_TO_LOSS_MATERIALIZATION_NOT_SPEEDUP_TIMING
saa.drcet.accuracy_cost_energy_pareto_gpu_h100_energy_long_window.v2.energy_workload_row,skewed_t_mixture|d=250|method=gpu_importance_sampling|paths=512|repeat=2,skewed_t_mixture,250,gpu_importance_sampling,NVIDIA_GPU_H100_PCIE_LONG_WINDOW_ENERGY,512,2,10,LONG_WINDOW_NVML_POWER_INTEGRATION,2.0,8.0,40,0.02,2,4640,2.020422105000762,0.4354357984915435,2.047825032999981,47,1.9970942479994847,208.9698571363761,0.04503660714146037,104.63723404255317,104.72,462.0,63.0,PASS_NVML_LONG_WINDOW_SAMPLE_COUNT_RELEASE_QUALITY,TOTAL_DEVICE_ENERGY_NO_IDLE_SUBTRACTION,LONG_WINDOW_REPEATED_GENERATION_TO_LOSS_MATERIALIZATION_NOT_SPEEDUP_TIMING
saa.drcet.accuracy_cost_energy_pareto_gpu_h100_energy_long_window.v2.energy_workload_row,skewed_t_mixture|d=250|method=gpu_importance_sampling|paths=2048|repeat=0,skewed_t_mixture,250,gpu_importance_sampling,NVIDIA_GPU_H100_PCIE_LONG_WINDOW_ENERGY,2048,0,10,LONG_WINDOW_NVML_POWER_INTEGRATION,2.0,8.0,40,0.02,2,4647,2.041710110999702,0.43936090187211146,2.0314082320001035,50,2.0206268789988826,216.3461123278765,0.0465560818437436,107.06359999999997,107.98,466.0,67.0,PASS_NVML_LONG_WINDOW_SAMPLE_COUNT_RELEASE_QUALITY,TOTAL_DEVICE_ENERGY_NO_IDLE_SUBTRACTION,LONG_WINDOW_REPEATED_GENERATION_TO_LOSS_MATERIALIZATION_NOT_SPEEDUP_TIMING
saa.drcet.accuracy_cost_energy_pareto_gpu_h100_energy_long_window.v2.energy_workload_row,skewed_t_mixture|d=250|method=gpu_importance_sampling|paths=2048|repeat=1,skewed_t_mixture,250,gpu_importance_sampling,NVIDIA_GPU_H100_PCIE_LONG_WINDOW_ENERGY,2048,1,10,LONG_WINDOW_NVML_POWER_INTEGRATION,2.0,8.0,40,0.02,2,4660,2.031719532000352,0.43599131587990386,2.027576846000102,50,2.007733737000308,216.2841432428133,0.04641290627528182,107.7264,107.96,466.0,67.0,PASS_NVML_LONG_WINDOW_SAMPLE_COUNT_RELEASE_QUALITY,TOTAL_DEVICE_ENERGY_NO_IDLE_SUBTRACTION,LONG_WINDOW_REPEATED_GENERATION_TO_LOSS_MATERIALIZATION_NOT_SPEEDUP_TIMING
saa.drcet.accuracy_cost_energy_pareto_gpu_h100_energy_long_window.v2.energy_workload_row,skewed_t_mixture|d=250|method=gpu_importance_sampling|paths=2048|repeat=2,skewed_t_mixture,250,gpu_importance_sampling,NVIDIA_GPU_H100_PCIE_LONG_WINDOW_ENERGY,2048,2,10,LONG_WINDOW_NVML_POWER_INTEGRATION,2.0,8.0,40,0.02,2,4664,2.0208430670008966,0.4332853917240344,2.0278350480000427,49,1.9985993870013772,215.55412739755346,0.04621657963069328,107.85285714285715,108.09,466.0,67.0,PASS_NVML_LONG_WINDOW_SAMPLE_COUNT_RELEASE_QUALITY,TOTAL_DEVICE_ENERGY_NO_IDLE_SUBTRACTION,LONG_WINDOW_REPEATED_GENERATION_TO_LOSS_MATERIALIZATION_NOT_SPEEDUP_TIMING
saa.drcet.accuracy_cost_energy_pareto_gpu_h100_energy_long_window.v2.energy_workload_row,skewed_t_mixture|d=250|method=gpu_randomized_qmc_cpu_sobol|paths=512|repeat=0,skewed_t_mixture,250,gpu_randomized_qmc_cpu_sobol,NVIDIA_GPU_H100_PCIE_LONG_WINDOW_ENERGY,512,0,10,LONG_WINDOW_NVML_POWER_INTEGRATION,2.0,8.0,40,0.02,2,211,2.0287192770010734,9.614783303322623,2.02473461999989,48,2.003081442999246,201.6340502460531,0.9556116125405361,100.71333333333332,107.53,462.0,60.0,PASS_NVML_LONG_WINDOW_SAMPLE_COUNT_RELEASE_QUALITY,TOTAL_DEVICE_ENERGY_NO_IDLE_SUBTRACTION,LONG_WINDOW_REPEATED_GENERATION_TO_LOSS_MATERIALIZATION_NOT_SPEEDUP_TIMING
saa.drcet.accuracy_cost_energy_pareto_gpu_h100_energy_long_window.v2.energy_workload_row,skewed_t_mixture|d=250|method=gpu_randomized_qmc_cpu_sobol|paths=512|repeat=1,skewed_t_mixture,250,gpu_randomized_qmc_cpu_sobol,NVIDIA_GPU_H100_PCIE_LONG_WINDOW_ENERGY,512,1,10,LONG_WINDOW_NVML_POWER_INTEGRATION,2.0,8.0,40,0.02,2,209,2.042713103999631,9.773746909089144,2.0183036179998908,49,2.0170916430015495,198.63743663696255,0.9504183571146534,98.47714285714287,98.49,462.0,1.0,PASS_NVML_LONG_WINDOW_SAMPLE_COUNT_RELEASE_QUALITY,TOTAL_DEVICE_ENERGY_NO_IDLE_SUBTRACTION,LONG_WINDOW_REPEATED_GENERATION_TO_LOSS_MATERIALIZATION_NOT_SPEEDUP_TIMING
saa.drcet.accuracy_cost_energy_pareto_gpu_h100_energy_long_window.v2.energy_workload_row,skewed_t_mixture|d=250|method=gpu_randomized_qmc_cpu_sobol|paths=512|repeat=2,skewed_t_mixture,250,gpu_randomized_qmc_cpu_sobol,NVIDIA_GPU_H100_PCIE_LONG_WINDOW_ENERGY,512,2,10,LONG_WINDOW_NVML_POWER_INTEGRATION,2.0,8.0,40,0.02,2,210,2.0302835520014924,9.66801691429282,2.0252088789998197,47,2.004441619001227,197.35601045300578,0.9397905259666942,98.45851063829782,98.48,462.0,1.0,PASS_NVML_LONG_WINDOW_SAMPLE_COUNT_RELEASE_QUALITY,TOTAL_DEVICE_ENERGY_NO_IDLE_SUBTRACTION,LONG_WINDOW_REPEATED_GENERATION_TO_LOSS_MATERIALIZATION_NOT_SPEEDUP_TIMING
saa.drcet.accuracy_cost_energy_pareto_gpu_h100_energy_long_window.v2.energy_workload_row,skewed_t_mixture|d=250|method=gpu_randomized_qmc_cpu_sobol|paths=2048|repeat=0,skewed_t_mixture,250,gpu_randomized_qmc_cpu_sobol,NVIDIA_GPU_H100_PCIE_LONG_WINDOW_ENERGY,2048,0,10,LONG_WINDOW_NVML_POWER_INTEGRATION,2.0,8.0,40,0.02,2,59,2.0478420939998614,34.709188033895956,2.0251587730001575,50,2.026650222000171,199.1172097596418,3.3748679620278272,98.25120000000001,98.44,466.0,1.0,PASS_NVML_LONG_WINDOW_SAMPLE_COUNT_RELEASE_QUALITY,TOTAL_DEVICE_ENERGY_NO_IDLE_SUBTRACTION,LONG_WINDOW_REPEATED_GENERATION_TO_LOSS_MATERIALIZATION_NOT_SPEEDUP_TIMING
saa.drcet.accuracy_cost_energy_pareto_gpu_h100_energy_long_window.v2.energy_workload_row,skewed_t_mixture|d=250|method=gpu_randomized_qmc_cpu_sobol|paths=2048|repeat=1,skewed_t_mixture,250,gpu_randomized_qmc_cpu_sobol,NVIDIA_GPU_H100_PCIE_LONG_WINDOW_ENERGY,2048,1,10,LONG_WINDOW_NVML_POWER_INTEGRATION,2.0,8.0,40,0.02,2,59,2.0637578389996634,34.97894642372311,2.0497422270000243,51,2.0422785080008907,200.47915423372726,3.3979517666733434,98.16313725490195,98.26,466.0,0.0,PASS_NVML_LONG_WINDOW_SAMPLE_COUNT_RELEASE_QUALITY,TOTAL_DEVICE_ENERGY_NO_IDLE_SUBTRACTION,LONG_WINDOW_REPEATED_GENERATION_TO_LOSS_MATERIALIZATION_NOT_SPEEDUP_TIMING
saa.drcet.accuracy_cost_energy_pareto_gpu_h100_energy_long_window.v2.energy_workload_row,skewed_t_mixture|d=250|method=gpu_randomized_qmc_cpu_sobol|paths=2048|repeat=2,skewed_t_mixture,250,gpu_randomized_qmc_cpu_sobol,NVIDIA_GPU_H100_PCIE_LONG_WINDOW_ENERGY,2048,2,10,LONG_WINDOW_NVML_POWER_INTEGRATION,2.0,8.0,40,0.02,2,59,2.064084311999977,34.984479864406396,2.0498934479999207,51,2.0430086710002797,200.36216409147255,3.3959688829063146,98.07196078431375,98.12,466.0,0.0,PASS_NVML_LONG_WINDOW_SAMPLE_COUNT_RELEASE_QUALITY,TOTAL_DEVICE_ENERGY_NO_IDLE_SUBTRACTION,LONG_WINDOW_REPEATED_GENERATION_TO_LOSS_MATERIALIZATION_NOT_SPEEDUP_TIMING
saa.drcet.accuracy_cost_energy_pareto_gpu_h100_energy_long_window.v2.energy_workload_row,skewed_t_mixture|d=250|method=gpu_raw_mc|paths=512|repeat=0,skewed_t_mixture,250,gpu_raw_mc,NVIDIA_GPU_H100_PCIE_LONG_WINDOW_ENERGY,512,0,10,LONG_WINDOW_NVML_POWER_INTEGRATION,2.0,8.0,40,0.02,2,5217,2.020281655999497,0.3872496944603215,2.026824834999843,49,1.9979912269991473,206.1506470717104,0.039515170993235656,103.14836734693878,104.94,462.0,66.0,PASS_NVML_LONG_WINDOW_SAMPLE_COUNT_RELEASE_QUALITY,TOTAL_DEVICE_ENERGY_NO_IDLE_SUBTRACTION,LONG_WINDOW_REPEATED_GENERATION_TO_LOSS_MATERIALIZATION_NOT_SPEEDUP_TIMING
saa.drcet.accuracy_cost_energy_pareto_gpu_h100_energy_long_window.v2.energy_workload_row,skewed_t_mixture|d=250|method=gpu_raw_mc|paths=512|repeat=1,skewed_t_mixture,250,gpu_raw_mc,NVIDIA_GPU_H100_PCIE_LONG_WINDOW_ENERGY,512,1,10,LONG_WINDOW_NVML_POWER_INTEGRATION,2.0,8.0,40,0.02,2,5223,2.032113228999151,0.3890701185141013,2.0258790630000476,48,2.0083406930007186,210.61673543232538,0.040324858401747155,104.86895833333334,104.94,462.0,66.0,PASS_NVML_LONG_WINDOW_SAMPLE_COUNT_RELEASE_QUALITY,TOTAL_DEVICE_ENERGY_NO_IDLE_SUBTRACTION,LONG_WINDOW_REPEATED_GENERATION_TO_LOSS_MATERIALIZATION_NOT_SPEEDUP_TIMING
saa.drcet.accuracy_cost_energy_pareto_gpu_h100_energy_long_window.v2.energy_workload_row,skewed_t_mixture|d=250|method=gpu_raw_mc|paths=512|repeat=2,skewed_t_mixture,250,gpu_raw_mc,NVIDIA_GPU_H100_PCIE_LONG_WINDOW_ENERGY,512,2,10,LONG_WINDOW_NVML_POWER_INTEGRATION,2.0,8.0,40,0.02,2,5206,2.021244382000077,0.3882528586246787,2.0259452150000925,49,2.000065202000769,209.77666754635564,0.04029517240613823,104.88367346938774,105.05,462.0,66.0,PASS_NVML_LONG_WINDOW_SAMPLE_COUNT_RELEASE_QUALITY,TOTAL_DEVICE_ENERGY_NO_IDLE_SUBTRACTION,LONG_WINDOW_REPEATED_GENERATION_TO_LOSS_MATERIALIZATION_NOT_SPEEDUP_TIMING
saa.drcet.accuracy_cost_energy_pareto_gpu_h100_energy_long_window.v2.energy_workload_row,skewed_t_mixture|d=250|method=gpu_raw_mc|paths=2048|repeat=0,skewed_t_mixture,250,gpu_raw_mc,NVIDIA_GPU_H100_PCIE_LONG_WINDOW_ENERGY,2048,0,10,LONG_WINDOW_NVML_POWER_INTEGRATION,2.0,8.0,40,0.02,2,5178,2.020992447000026,0.390303678447282,2.029005397999981,49,1.9981063590003032,214.85880985334805,0.041494555784733114,107.52591836734695,108.53,466.0,70.0,PASS_NVML_LONG_WINDOW_SAMPLE_COUNT_RELEASE_QUALITY,TOTAL_DEVICE_ENERGY_NO_IDLE_SUBTRACTION,LONG_WINDOW_REPEATED_GENERATION_TO_LOSS_MATERIALIZATION_NOT_SPEEDUP_TIMING
saa.drcet.accuracy_cost_energy_pareto_gpu_h100_energy_long_window.v2.energy_workload_row,skewed_t_mixture|d=250|method=gpu_raw_mc|paths=2048|repeat=1,skewed_t_mixture,250,gpu_raw_mc,NVIDIA_GPU_H100_PCIE_LONG_WINDOW_ENERGY,2048,1,10,LONG_WINDOW_NVML_POWER_INTEGRATION,2.0,8.0,40,0.02,2,5191,2.020393482000145,0.3892108422269592,2.0274271670000417,49,1.9988498210004764,216.73971670787165,0.04175297952376645,108.43040816326528,108.62,466.0,71.0,PASS_NVML_LONG_WINDOW_SAMPLE_COUNT_RELEASE_QUALITY,TOTAL_DEVICE_ENERGY_NO_IDLE_SUBTRACTION,LONG_WINDOW_REPEATED_GENERATION_TO_LOSS_MATERIALIZATION_NOT_SPEEDUP_TIMING
saa.drcet.accuracy_cost_energy_pareto_gpu_h100_energy_long_window.v2.energy_workload_row,skewed_t_mixture|d=250|method=gpu_raw_mc|paths=2048|repeat=2,skewed_t_mixture,250,gpu_raw_mc,NVIDIA_GPU_H100_PCIE_LONG_WINDOW_ENERGY,2048,2,10,LONG_WINDOW_NVML_POWER_INTEGRATION,2.0,8.0,40,0.02,2,5177,2.0338455100009014,0.3928617944757391,2.02701399700004,50,2.012060910999935,218.1978387452429,0.04214754466780817,108.44319999999999,108.6,466.0,70.0,PASS_NVML_LONG_WINDOW_SAMPLE_COUNT_RELEASE_QUALITY,TOTAL_DEVICE_ENERGY_NO_IDLE_SUBTRACTION,LONG_WINDOW_REPEATED_GENERATION_TO_LOSS_MATERIALIZATION_NOT_SPEEDUP_TIMING
saa.drcet.accuracy_cost_energy_pareto_gpu_h100_energy_long_window.v2.energy_workload_row,skewed_t_mixture|d=500|method=gpu_antithetic_mc|paths=512|repeat=0,skewed_t_mixture,500,gpu_antithetic_mc,NVIDIA_GPU_H100_PCIE_LONG_WINDOW_ENERGY,512,0,10,LONG_WINDOW_NVML_POWER_INTEGRATION,2.0,8.0,40,0.02,2,3924,2.02102270999967,0.5150414653414042,2.032486613999936,49,1.9984500110003864,211.33569505427008,0.053857210768162606,105.76979591836734,108.1,466.0,58.0,PASS_NVML_LONG_WINDOW_SAMPLE_COUNT_RELEASE_QUALITY,TOTAL_DEVICE_ENERGY_NO_IDLE_SUBTRACTION,LONG_WINDOW_REPEATED_GENERATION_TO_LOSS_MATERIALIZATION_NOT_SPEEDUP_TIMING
saa.drcet.accuracy_cost_energy_pareto_gpu_h100_energy_long_window.v2.energy_workload_row,skewed_t_mixture|d=500|method=gpu_antithetic_mc|paths=512|repeat=1,skewed_t_mixture,500,gpu_antithetic_mc,NVIDIA_GPU_H100_PCIE_LONG_WINDOW_ENERGY,512,1,10,LONG_WINDOW_NVML_POWER_INTEGRATION,2.0,8.0,40,0.02,2,3937,2.0201145639985043,0.5131101254758711,2.0359438829998453,47,1.9968055760000425,209.6116525785196,0.053241466237876456,104.97021276595744,105.08,466.0,58.0,PASS_NVML_LONG_WINDOW_SAMPLE_COUNT_RELEASE_QUALITY,TOTAL_DEVICE_ENERGY_NO_IDLE_SUBTRACTION,LONG_WINDOW_REPEATED_GENERATION_TO_LOSS_MATERIALIZATION_NOT_SPEEDUP_TIMING
saa.drcet.accuracy_cost_energy_pareto_gpu_h100_energy_long_window.v2.energy_workload_row,skewed_t_mixture|d=500|method=gpu_antithetic_mc|paths=512|repeat=2,skewed_t_mixture,500,gpu_antithetic_mc,NVIDIA_GPU_H100_PCIE_LONG_WINDOW_ENERGY,512,2,10,LONG_WINDOW_NVML_POWER_INTEGRATION,2.0,8.0,40,0.02,2,3930,2.0285899419995985,0.5161806468192363,2.036859133000007,49,2.0057594040008553,210.7091096118798,0.05361554951956229,105.0512244897959,105.21,466.0,58.0,PASS_NVML_LONG_WINDOW_SAMPLE_COUNT_RELEASE_QUALITY,TOTAL_DEVICE_ENERGY_NO_IDLE_SUBTRACTION,LONG_WINDOW_REPEATED_GENERATION_TO_LOSS_MATERIALIZATION_NOT_SPEEDUP_TIMING
saa.drcet.accuracy_cost_energy_pareto_gpu_h100_energy_long_window.v2.energy_workload_row,skewed_t_mixture|d=500|method=gpu_antithetic_mc|paths=2048|repeat=0,skewed_t_mixture,500,gpu_antithetic_mc,NVIDIA_GPU_H100_PCIE_LONG_WINDOW_ENERGY,2048,0,10,LONG_WINDOW_NVML_POWER_INTEGRATION,2.0,8.0,40,0.02,2,3888,2.0217431189994386,0.519995658178868,2.0354572690000623,49,1.998391860999618,218.2054654575324,0.0561228049016287,109.18489795918369,110.74,478.0,62.0,PASS_NVML_LONG_WINDOW_SAMPLE_COUNT_RELEASE_QUALITY,TOTAL_DEVICE_ENERGY_NO_IDLE_SUBTRACTION,LONG_WINDOW_REPEATED_GENERATION_TO_LOSS_MATERIALIZATION_NOT_SPEEDUP_TIMING
saa.drcet.accuracy_cost_energy_pareto_gpu_h100_energy_long_window.v2.energy_workload_row,skewed_t_mixture|d=500|method=gpu_antithetic_mc|paths=2048|repeat=1,skewed_t_mixture,500,gpu_antithetic_mc,NVIDIA_GPU_H100_PCIE_LONG_WINDOW_ENERGY,2048,1,10,LONG_WINDOW_NVML_POWER_INTEGRATION,2.0,8.0,40,0.02,2,3866,2.0335489610006334,0.5260085258666926,2.03279025300003,50,2.0124569190011243,222.2738608262141,0.05749453202954322,110.4478,110.62,478.0,62.0,PASS_NVML_LONG_WINDOW_SAMPLE_COUNT_RELEASE_QUALITY,TOTAL_DEVICE_ENERGY_NO_IDLE_SUBTRACTION,LONG_WINDOW_REPEATED_GENERATION_TO_LOSS_MATERIALIZATION_NOT_SPEEDUP_TIMING
saa.drcet.accuracy_cost_energy_pareto_gpu_h100_energy_long_window.v2.energy_workload_row,skewed_t_mixture|d=500|method=gpu_antithetic_mc|paths=2048|repeat=2,skewed_t_mixture,500,gpu_antithetic_mc,NVIDIA_GPU_H100_PCIE_LONG_WINDOW_ENERGY,2048,2,10,LONG_WINDOW_NVML_POWER_INTEGRATION,2.0,8.0,40,0.02,2,3888,2.0369074390000605,0.5238959462448716,2.033169279000049,50,2.014458048999586,222.70741117790445,0.057280712751518637,110.5516,110.86,478.0,62.0,PASS_NVML_LONG_WINDOW_SAMPLE_COUNT_RELEASE_QUALITY,TOTAL_DEVICE_ENERGY_NO_IDLE_SUBTRACTION,LONG_WINDOW_REPEATED_GENERATION_TO_LOSS_MATERIALIZATION_NOT_SPEEDUP_TIMING
saa.drcet.accuracy_cost_energy_pareto_gpu_h100_energy_long_window.v2.energy_workload_row,skewed_t_mixture|d=500|method=gpu_importance_sampling|paths=512|repeat=0,skewed_t_mixture,500,gpu_importance_sampling,NVIDIA_GPU_H100_PCIE_LONG_WINDOW_ENERGY,512,0,10,LONG_WINDOW_NVML_POWER_INTEGRATION,2.0,8.0,40,0.02,2,4621,2.03236262000064,0.43981013200619784,2.0276489029999993,50,2.0110885909998615,214.13101565008702,0.04633867467000368,106.4926,110.29,464.0,64.0,PASS_NVML_LONG_WINDOW_SAMPLE_COUNT_RELEASE_QUALITY,TOTAL_DEVICE_ENERGY_NO_IDLE_SUBTRACTION,LONG_WINDOW_REPEATED_GENERATION_TO_LOSS_MATERIALIZATION_NOT_SPEEDUP_TIMING
saa.drcet.accuracy_cost_energy_pareto_gpu_h100_energy_long_window.v2.energy_workload_row,skewed_t_mixture|d=500|method=gpu_importance_sampling|paths=512|repeat=1,skewed_t_mixture,500,gpu_importance_sampling,NVIDIA_GPU_H100_PCIE_LONG_WINDOW_ENERGY,512,1,10,LONG_WINDOW_NVML_POWER_INTEGRATION,2.0,8.0,40,0.02,2,4605,2.03031721699881,0.44089407535261893,2.0266952370000126,48,2.008970817998488,211.393257180651,0.04590515899688404,105.22166666666665,105.36,464.0,64.0,PASS_NVML_LONG_WINDOW_SAMPLE_COUNT_RELEASE_QUALITY,TOTAL_DEVICE_ENERGY_NO_IDLE_SUBTRACTION,LONG_WINDOW_REPEATED_GENERATION_TO_LOSS_MATERIALIZATION_NOT_SPEEDUP_TIMING
saa.drcet.accuracy_cost_energy_pareto_gpu_h100_energy_long_window.v2.energy_workload_row,skewed_t_mixture|d=500|method=gpu_importance_sampling|paths=512|repeat=2,skewed_t_mixture,500,gpu_importance_sampling,NVIDIA_GPU_H100_PCIE_LONG_WINDOW_ENERGY,512,2,10,LONG_WINDOW_NVML_POWER_INTEGRATION,2.0,8.0,40,0.02,2,4613,2.0263312499992026,0.43926539128532466,2.027512569999999,50,2.0047273080017476,210.89157238663373,0.045716794360857085,105.19699999999997,105.32,464.0,64.0,PASS_NVML_LONG_WINDOW_SAMPLE_COUNT_RELEASE_QUALITY,TOTAL_DEVICE_ENERGY_NO_IDLE_SUBTRACTION,LONG_WINDOW_REPEATED_GENERATION_TO_LOSS_MATERIALIZATION_NOT_SPEEDUP_TIMING
saa.drcet.accuracy_cost_energy_pareto_gpu_h100_energy_long_window.v2.energy_workload_row,skewed_t_mixture|d=500|method=gpu_importance_sampling|paths=2048|repeat=0,skewed_t_mixture,500,gpu_importance_sampling,NVIDIA_GPU_H100_PCIE_LONG_WINDOW_ENERGY,2048,0,10,LONG_WINDOW_NVML_POWER_INTEGRATION,2.0,8.0,40,0.02,2,4598,2.0396845790000953,0.44360256176600593,2.027513180000142,50,2.017897719000757,220.10169933963746,0.04786900812084329,109.06799999999997,110.55,470.0,71.0,PASS_NVML_LONG_WINDOW_SAMPLE_COUNT_RELEASE_QUALITY,TOTAL_DEVICE_ENERGY_NO_IDLE_SUBTRACTION,LONG_WINDOW_REPEATED_GENERATION_TO_LOSS_MATERIALIZATION_NOT_SPEEDUP_TIMING
saa.drcet.accuracy_cost_energy_pareto_gpu_h100_energy_long_window.v2.energy_workload_row,skewed_t_mixture|d=500|method=gpu_importance_sampling|paths=2048|repeat=1,skewed_t_mixture,500,gpu_importance_sampling,NVIDIA_GPU_H100_PCIE_LONG_WINDOW_ENERGY,2048,1,10,LONG_WINDOW_NVML_POWER_INTEGRATION,2.0,8.0,40,0.02,2,4661,2.020739687000969,0.4335420911823576,2.0282610690001093,50,1.9993899750006676,220.7347330237139,0.04735780584074531,110.4016,110.71,470.0,72.0,PASS_NVML_LONG_WINDOW_SAMPLE_COUNT_RELEASE_QUALITY,TOTAL_DEVICE_ENERGY_NO_IDLE_SUBTRACTION,LONG_WINDOW_REPEATED_GENERATION_TO_LOSS_MATERIALIZATION_NOT_SPEEDUP_TIMING
saa.drcet.accuracy_cost_energy_pareto_gpu_h100_energy_long_window.v2.energy_workload_row,skewed_t_mixture|d=500|method=gpu_importance_sampling|paths=2048|repeat=2,skewed_t_mixture,500,gpu_importance_sampling,NVIDIA_GPU_H100_PCIE_LONG_WINDOW_ENERGY,2048,2,10,LONG_WINDOW_NVML_POWER_INTEGRATION,2.0,8.0,40,0.02,2,4611,2.0307976139993116,0.4404245530252248,2.0293760049999037,50,2.0082654939997155,221.80480723813372,0.0481034064710765,110.4434,110.68,470.0,71.0,PASS_NVML_LONG_WINDOW_SAMPLE_COUNT_RELEASE_QUALITY,TOTAL_DEVICE_ENERGY_NO_IDLE_SUBTRACTION,LONG_WINDOW_REPEATED_GENERATION_TO_LOSS_MATERIALIZATION_NOT_SPEEDUP_TIMING
saa.drcet.accuracy_cost_energy_pareto_gpu_h100_energy_long_window.v2.energy_workload_row,skewed_t_mixture|d=500|method=gpu_randomized_qmc_cpu_sobol|paths=512|repeat=0,skewed_t_mixture,500,gpu_randomized_qmc_cpu_sobol,NVIDIA_GPU_H100_PCIE_LONG_WINDOW_ENERGY,512,0,10,LONG_WINDOW_NVML_POWER_INTEGRATION,2.0,8.0,40,0.02,2,108,2.0275898330000928,18.773979935186045,2.0227230749999308,47,1.9964238880002085,201.6531735608358,1.8671590144521832,101.05702127659569,109.54,464.0,27.0,PASS_NVML_LONG_WINDOW_SAMPLE_COUNT_RELEASE_QUALITY,TOTAL_DEVICE_ENERGY_NO_IDLE_SUBTRACTION,LONG_WINDOW_REPEATED_GENERATION_TO_LOSS_MATERIALIZATION_NOT_SPEEDUP_TIMING
saa.drcet.accuracy_cost_energy_pareto_gpu_h100_energy_long_window.v2.energy_workload_row,skewed_t_mixture|d=500|method=gpu_randomized_qmc_cpu_sobol|paths=512|repeat=1,skewed_t_mixture,500,gpu_randomized_qmc_cpu_sobol,NVIDIA_GPU_H100_PCIE_LONG_WINDOW_ENERGY,512,1,10,LONG_WINDOW_NVML_POWER_INTEGRATION,2.0,8.0,40,0.02,2,108,2.0409614619984495,18.897791314800457,2.0183584619999237,46,2.009960997000235,197.74537685543288,1.8309757116243786,98.38304347826087,98.5,464.0,1.0,PASS_NVML_LONG_WINDOW_SAMPLE_COUNT_RELEASE_QUALITY,TOTAL_DEVICE_ENERGY_NO_IDLE_SUBTRACTION,LONG_WINDOW_REPEATED_GENERATION_TO_LOSS_MATERIALIZATION_NOT_SPEEDUP_TIMING
saa.drcet.accuracy_cost_energy_pareto_gpu_h100_energy_long_window.v2.energy_workload_row,skewed_t_mixture|d=500|method=gpu_randomized_qmc_cpu_sobol|paths=512|repeat=2,skewed_t_mixture,500,gpu_randomized_qmc_cpu_sobol,NVIDIA_GPU_H100_PCIE_LONG_WINDOW_ENERGY,512,2,10,LONG_WINDOW_NVML_POWER_INTEGRATION,2.0,8.0,40,0.02,2,109,2.0503942600007576,18.810956513768417,2.0308272390000184,47,2.0192667940009414,198.2847227692674,1.819125896965756,98.19702127659576,98.31,464.0,1.0,PASS_NVML_LONG_WINDOW_SAMPLE_COUNT_RELEASE_QUALITY,TOTAL_DEVICE_ENERGY_NO_IDLE_SUBTRACTION,LONG_WINDOW_REPEATED_GENERATION_TO_LOSS_MATERIALIZATION_NOT_SPEEDUP_TIMING
saa.drcet.accuracy_cost_energy_pareto_gpu_h100_energy_long_window.v2.energy_workload_row,skewed_t_mixture|d=500|method=gpu_randomized_qmc_cpu_sobol|paths=2048|repeat=0,skewed_t_mixture,500,gpu_randomized_qmc_cpu_sobol,NVIDIA_GPU_H100_PCIE_LONG_WINDOW_ENERGY,2048,0,10,LONG_WINDOW_NVML_POWER_INTEGRATION,2.0,8.0,40,0.02,2,42,2.0265623049999704,48.25148345238025,2.017201741000008,44,2.005372012999942,196.81724991971416,4.686124998088433,98.14545454545454,98.21,470.0,1.0,PASS_NVML_LONG_WINDOW_SAMPLE_COUNT_RELEASE_QUALITY,TOTAL_DEVICE_ENERGY_NO_IDLE_SUBTRACTION,LONG_WINDOW_REPEATED_GENERATION_TO_LOSS_MATERIALIZATION_NOT_SPEEDUP_TIMING
saa.drcet.accuracy_cost_energy_pareto_gpu_h100_energy_long_window.v2.energy_workload_row,skewed_t_mixture|d=500|method=gpu_randomized_qmc_cpu_sobol|paths=2048|repeat=1,skewed_t_mixture,500,gpu_randomized_qmc_cpu_sobol,NVIDIA_GPU_H100_PCIE_LONG_WINDOW_ENERGY,2048,1,10,LONG_WINDOW_NVML_POWER_INTEGRATION,2.0,8.0,40,0.02,2,42,2.055566187000295,48.9420520714356,2.050999753000042,44,2.034532035000666,199.56139739337036,4.751461842699294,98.08772727272729,98.13,470.0,1.0,PASS_NVML_LONG_WINDOW_SAMPLE_COUNT_RELEASE_QUALITY,TOTAL_DEVICE_ENERGY_NO_IDLE_SUBTRACTION,LONG_WINDOW_REPEATED_GENERATION_TO_LOSS_MATERIALIZATION_NOT_SPEEDUP_TIMING
saa.drcet.accuracy_cost_energy_pareto_gpu_h100_energy_long_window.v2.energy_workload_row,skewed_t_mixture|d=500|method=gpu_randomized_qmc_cpu_sobol|paths=2048|repeat=2,skewed_t_mixture,500,gpu_randomized_qmc_cpu_sobol,NVIDIA_GPU_H100_PCIE_LONG_WINDOW_ENERGY,2048,2,10,LONG_WINDOW_NVML_POWER_INTEGRATION,2.0,8.0,40,0.02,2,42,2.045932819000882,48.71268616668766,2.0328280610001457,44,2.0244852369996806,198.56013609636878,4.727622288008781,98.0784090909091,98.22,470.0,1.0,PASS_NVML_LONG_WINDOW_SAMPLE_COUNT_RELEASE_QUALITY,TOTAL_DEVICE_ENERGY_NO_IDLE_SUBTRACTION,LONG_WINDOW_REPEATED_GENERATION_TO_LOSS_MATERIALIZATION_NOT_SPEEDUP_TIMING
saa.drcet.accuracy_cost_energy_pareto_gpu_h100_energy_long_window.v2.energy_workload_row,skewed_t_mixture|d=500|method=gpu_raw_mc|paths=512|repeat=0,skewed_t_mixture,500,gpu_raw_mc,NVIDIA_GPU_H100_PCIE_LONG_WINDOW_ENERGY,512,0,10,LONG_WINDOW_NVML_POWER_INTEGRATION,2.0,8.0,40,0.02,2,5204,2.021179547000429,0.38838961318225,2.0255913930000133,50,1.9998735039989697,207.59712460835436,0.0398918379339651,103.78139999999999,105.75,464.0,67.0,PASS_NVML_LONG_WINDOW_SAMPLE_COUNT_RELEASE_QUALITY,TOTAL_DEVICE_ENERGY_NO_IDLE_SUBTRACTION,LONG_WINDOW_REPEATED_GENERATION_TO_LOSS_MATERIALIZATION_NOT_SPEEDUP_TIMING
saa.drcet.accuracy_cost_energy_pareto_gpu_h100_energy_long_window.v2.energy_workload_row,skewed_t_mixture|d=500|method=gpu_raw_mc|paths=512|repeat=1,skewed_t_mixture,500,gpu_raw_mc,NVIDIA_GPU_H100_PCIE_LONG_WINDOW_ENERGY,512,1,10,LONG_WINDOW_NVML_POWER_INTEGRATION,2.0,8.0,40,0.02,2,5199,2.021123628999703,0.3887523810347573,2.0250000580001597,48,2.0001652280006965,211.3775812787887,0.04065735358314843,105.68270833333332,105.79,464.0,68.0,PASS_NVML_LONG_WINDOW_SAMPLE_COUNT_RELEASE_QUALITY,TOTAL_DEVICE_ENERGY_NO_IDLE_SUBTRACTION,LONG_WINDOW_REPEATED_GENERATION_TO_LOSS_MATERIALIZATION_NOT_SPEEDUP_TIMING
saa.drcet.accuracy_cost_energy_pareto_gpu_h100_energy_long_window.v2.energy_workload_row,skewed_t_mixture|d=500|method=gpu_raw_mc|paths=512|repeat=2,skewed_t_mixture,500,gpu_raw_mc,NVIDIA_GPU_H100_PCIE_LONG_WINDOW_ENERGY,512,2,10,LONG_WINDOW_NVML_POWER_INTEGRATION,2.0,8.0,40,0.02,2,5194,2.0234581789991353,0.3895760837503148,2.025838729000043,50,2.002646976001415,211.67760423946464,0.040754255725734434,105.69839999999998,105.8,464.0,67.0,PASS_NVML_LONG_WINDOW_SAMPLE_COUNT_RELEASE_QUALITY,TOTAL_DEVICE_ENERGY_NO_IDLE_SUBTRACTION,LONG_WINDOW_REPEATED_GENERATION_TO_LOSS_MATERIALIZATION_NOT_SPEEDUP_TIMING
saa.drcet.accuracy_cost_energy_pareto_gpu_h100_energy_long_window.v2.energy_workload_row,skewed_t_mixture|d=500|method=gpu_raw_mc|paths=2048|repeat=0,skewed_t_mixture,500,gpu_raw_mc,NVIDIA_GPU_H100_PCIE_LONG_WINDOW_ENERGY,2048,0,10,LONG_WINDOW_NVML_POWER_INTEGRATION,2.0,8.0,40,0.02,2,5137,2.0208083069992426,0.3933829680746044,2.0288334920001034,49,1.9989951960014878,219.70324796489507,0.04276878488707321,109.88244897959181,111.47,470.0,75.0,PASS_NVML_LONG_WINDOW_SAMPLE_COUNT_RELEASE_QUALITY,TOTAL_DEVICE_ENERGY_NO_IDLE_SUBTRACTION,LONG_WINDOW_REPEATED_GENERATION_TO_LOSS_MATERIALIZATION_NOT_SPEEDUP_TIMING
saa.drcet.accuracy_cost_energy_pareto_gpu_h100_energy_long_window.v2.energy_workload_row,skewed_t_mixture|d=500|method=gpu_raw_mc|paths=2048|repeat=1,skewed_t_mixture,500,gpu_raw_mc,NVIDIA_GPU_H100_PCIE_LONG_WINDOW_ENERGY,2048,1,10,LONG_WINDOW_NVML_POWER_INTEGRATION,2.0,8.0,40,0.02,2,5139,2.020701340999949,0.39320905643120235,2.024995825999895,50,1.9997667589996126,222.5666516244067,0.043309330925161836,111.2966,111.46,470.0,75.0,PASS_NVML_LONG_WINDOW_SAMPLE_COUNT_RELEASE_QUALITY,TOTAL_DEVICE_ENERGY_NO_IDLE_SUBTRACTION,LONG_WINDOW_REPEATED_GENERATION_TO_LOSS_MATERIALIZATION_NOT_SPEEDUP_TIMING
saa.drcet.accuracy_cost_energy_pareto_gpu_h100_energy_long_window.v2.energy_workload_row,skewed_t_mixture|d=500|method=gpu_raw_mc|paths=2048|repeat=2,skewed_t_mixture,500,gpu_raw_mc,NVIDIA_GPU_H100_PCIE_LONG_WINDOW_ENERGY,2048,2,10,LONG_WINDOW_NVML_POWER_INTEGRATION,2.0,8.0,40,0.02,2,5165,2.021036374999312,0.39129455469492974,2.0290125619999344,49,1.9981507849988702,222.50461754552433,0.0430793063979718,111.35489795918366,111.57,470.0,75.0,PASS_NVML_LONG_WINDOW_SAMPLE_COUNT_RELEASE_QUALITY,TOTAL_DEVICE_ENERGY_NO_IDLE_SUBTRACTION,LONG_WINDOW_REPEATED_GENERATION_TO_LOSS_MATERIALIZATION_NOT_SPEEDUP_TIMING
saa.drcet.accuracy_cost_energy_pareto_gpu_h100_energy_long_window.v2.energy_workload_row,skewed_t_mixture|d=1000|method=gpu_antithetic_mc|paths=512|repeat=0,skewed_t_mixture,1000,gpu_antithetic_mc,NVIDIA_GPU_H100_PCIE_LONG_WINDOW_ENERGY,512,0,10,LONG_WINDOW_NVML_POWER_INTEGRATION,2.0,8.0,40,0.02,2,3911,2.0293377340003644,0.5188795024291395,2.0323023720000037,50,2.0075676230007957,217.05788502978555,0.05549933138066621,108.12600000000002,111.26,470.0,75.0,PASS_NVML_LONG_WINDOW_SAMPLE_COUNT_RELEASE_QUALITY,TOTAL_DEVICE_ENERGY_NO_IDLE_SUBTRACTION,LONG_WINDOW_REPEATED_GENERATION_TO_LOSS_MATERIALIZATION_NOT_SPEEDUP_TIMING
saa.drcet.accuracy_cost_energy_pareto_gpu_h100_energy_long_window.v2.energy_workload_row,skewed_t_mixture|d=1000|method=gpu_antithetic_mc|paths=512|repeat=1,skewed_t_mixture,1000,gpu_antithetic_mc,NVIDIA_GPU_H100_PCIE_LONG_WINDOW_ENERGY,512,1,10,LONG_WINDOW_NVML_POWER_INTEGRATION,2.0,8.0,40,0.02,2,3903,2.0207711410002958,0.5177481785806548,2.03247674499994,48,1.9992729789992154,213.9056736429311,0.05480545058747915,106.99666666666667,107.14,470.0,59.0,PASS_NVML_LONG_WINDOW_SAMPLE_COUNT_RELEASE_QUALITY,TOTAL_DEVICE_ENERGY_NO_IDLE_SUBTRACTION,LONG_WINDOW_REPEATED_GENERATION_TO_LOSS_MATERIALIZATION_NOT_SPEEDUP_TIMING
saa.drcet.accuracy_cost_energy_pareto_gpu_h100_energy_long_window.v2.energy_workload_row,skewed_t_mixture|d=1000|method=gpu_antithetic_mc|paths=512|repeat=2,skewed_t_mixture,1000,gpu_antithetic_mc,NVIDIA_GPU_H100_PCIE_LONG_WINDOW_ENERGY,512,2,10,LONG_WINDOW_NVML_POWER_INTEGRATION,2.0,8.0,40,0.02,2,3883,2.0355033800005913,0.5242089569921687,2.0343704699998852,50,2.0141384470007324,215.52916031875338,0.055505835776140454,107.00479999999999,107.12,470.0,59.0,PASS_NVML_LONG_WINDOW_SAMPLE_COUNT_RELEASE_QUALITY,TOTAL_DEVICE_ENERGY_NO_IDLE_SUBTRACTION,LONG_WINDOW_REPEATED_GENERATION_TO_LOSS_MATERIALIZATION_NOT_SPEEDUP_TIMING
saa.drcet.accuracy_cost_energy_pareto_gpu_h100_energy_long_window.v2.energy_workload_row,skewed_t_mixture|d=1000|method=gpu_antithetic_mc|paths=2048|repeat=0,skewed_t_mixture,1000,gpu_antithetic_mc,NVIDIA_GPU_H100_PCIE_LONG_WINDOW_ENERGY,2048,0,10,LONG_WINDOW_NVML_POWER_INTEGRATION,2.0,8.0,40,0.02,2,3722,2.0218405980012903,0.5432134868353816,2.032593888000065,48,1.9994859870002983,231.14293427026803,0.062101809314956485,115.57520833333335,118.79,494.0,70.0,PASS_NVML_LONG_WINDOW_SAMPLE_COUNT_RELEASE_QUALITY,TOTAL_DEVICE_ENERGY_NO_IDLE_SUBTRACTION,LONG_WINDOW_REPEATED_GENERATION_TO_LOSS_MATERIALIZATION_NOT_SPEEDUP_TIMING
saa.drcet.accuracy_cost_energy_pareto_gpu_h100_energy_long_window.v2.energy_workload_row,skewed_t_mixture|d=1000|method=gpu_antithetic_mc|paths=2048|repeat=1,skewed_t_mixture,1000,gpu_antithetic_mc,NVIDIA_GPU_H100_PCIE_LONG_WINDOW_ENERGY,2048,1,10,LONG_WINDOW_NVML_POWER_INTEGRATION,2.0,8.0,40,0.02,2,3732,2.021352741001465,0.5416272081997494,2.0322508739998284,48,1.998378792000949,237.00790989216713,0.06350694262919805,118.59854166666666,118.91,494.0,70.0,PASS_NVML_LONG_WINDOW_SAMPLE_COUNT_RELEASE_QUALITY,TOTAL_DEVICE_ENERGY_NO_IDLE_SUBTRACTION,LONG_WINDOW_REPEATED_GENERATION_TO_LOSS_MATERIALIZATION_NOT_SPEEDUP_TIMING
saa.drcet.accuracy_cost_energy_pareto_gpu_h100_energy_long_window.v2.energy_workload_row,skewed_t_mixture|d=1000|method=gpu_antithetic_mc|paths=2048|repeat=2,skewed_t_mixture,1000,gpu_antithetic_mc,NVIDIA_GPU_H100_PCIE_LONG_WINDOW_ENERGY,2048,2,10,LONG_WINDOW_NVML_POWER_INTEGRATION,2.0,8.0,40,0.02,2,3721,2.0243379500006995,0.5440306234884976,2.036539495999932,48,2.0009732609996718,237.40996186550097,0.06380273095014807,118.64979166666667,118.97,494.0,70.0,PASS_NVML_LONG_WINDOW_SAMPLE_COUNT_RELEASE_QUALITY,TOTAL_DEVICE_ENERGY_NO_IDLE_SUBTRACTION,LONG_WINDOW_REPEATED_GENERATION_TO_LOSS_MATERIALIZATION_NOT_SPEEDUP_TIMING
saa.drcet.accuracy_cost_energy_pareto_gpu_h100_energy_long_window.v2.energy_workload_row,skewed_t_mixture|d=1000|method=gpu_importance_sampling|paths=512|repeat=0,skewed_t_mixture,1000,gpu_importance_sampling,NVIDIA_GPU_H100_PCIE_LONG_WINDOW_ENERGY,512,0,10,LONG_WINDOW_NVML_POWER_INTEGRATION,2.0,8.0,40,0.02,2,4680,2.0282322150014807,0.4333829519233933,2.0272138580000956,50,2.005914646000747,220.09736118701076,0.0470293506809852,109.75180000000002,118.44,466.0,69.0,PASS_NVML_LONG_WINDOW_SAMPLE_COUNT_RELEASE_QUALITY,TOTAL_DEVICE_ENERGY_NO_IDLE_SUBTRACTION,LONG_WINDOW_REPEATED_GENERATION_TO_LOSS_MATERIALIZATION_NOT_SPEEDUP_TIMING
saa.drcet.accuracy_cost_energy_pareto_gpu_h100_energy_long_window.v2.energy_workload_row,skewed_t_mixture|d=1000|method=gpu_importance_sampling|paths=512|repeat=1,skewed_t_mixture,1000,gpu_importance_sampling,NVIDIA_GPU_H100_PCIE_LONG_WINDOW_ENERGY,512,1,10,LONG_WINDOW_NVML_POWER_INTEGRATION,2.0,8.0,40,0.02,2,4696,2.0318950340006268,0.43268633603079787,2.026482904999966,48,2.009235293000529,214.77318734330137,0.045735346538181725,106.89354166666665,107.02,466.0,68.0,PASS_NVML_LONG_WINDOW_SAMPLE_COUNT_RELEASE_QUALITY,TOTAL_DEVICE_ENERGY_NO_IDLE_SUBTRACTION,LONG_WINDOW_REPEATED_GENERATION_TO_LOSS_MATERIALIZATION_NOT_SPEEDUP_TIMING
saa.drcet.accuracy_cost_energy_pareto_gpu_h100_energy_long_window.v2.energy_workload_row,skewed_t_mixture|d=1000|method=gpu_importance_sampling|paths=512|repeat=2,skewed_t_mixture,1000,gpu_importance_sampling,NVIDIA_GPU_H100_PCIE_LONG_WINDOW_ENERGY,512,2,10,LONG_WINDOW_NVML_POWER_INTEGRATION,2.0,8.0,40,0.02,2,4681,2.021158954999919,0.43177931104463124,2.038023528000167,49,1.9980670259992621,213.47186608377103,0.045603902175554586,106.83979591836734,107.02,466.0,67.0,PASS_NVML_LONG_WINDOW_SAMPLE_COUNT_RELEASE_QUALITY,TOTAL_DEVICE_ENERGY_NO_IDLE_SUBTRACTION,LONG_WINDOW_REPEATED_GENERATION_TO_LOSS_MATERIALIZATION_NOT_SPEEDUP_TIMING
saa.drcet.accuracy_cost_energy_pareto_gpu_h100_energy_long_window.v2.energy_workload_row,skewed_t_mixture|d=1000|method=gpu_importance_sampling|paths=2048|repeat=0,skewed_t_mixture,1000,gpu_importance_sampling,NVIDIA_GPU_H100_PCIE_LONG_WINDOW_ENERGY,2048,0,10,LONG_WINDOW_NVML_POWER_INTEGRATION,2.0,8.0,40,0.02,2,4631,2.0352270450002834,0.4394789559491003,2.02709844900005,50,2.013337443000637,228.6426308940736,0.04937219410366521,113.54499999999999,115.91,478.0,80.0,PASS_NVML_LONG_WINDOW_SAMPLE_COUNT_RELEASE_QUALITY,TOTAL_DEVICE_ENERGY_NO_IDLE_SUBTRACTION,LONG_WINDOW_REPEATED_GENERATION_TO_LOSS_MATERIALIZATION_NOT_SPEEDUP_TIMING
saa.drcet.accuracy_cost_energy_pareto_gpu_h100_energy_long_window.v2.energy_workload_row,skewed_t_mixture|d=1000|method=gpu_importance_sampling|paths=2048|repeat=1,skewed_t_mixture,1000,gpu_importance_sampling,NVIDIA_GPU_H100_PCIE_LONG_WINDOW_ENERGY,2048,1,10,LONG_WINDOW_NVML_POWER_INTEGRATION,2.0,8.0,40,0.02,2,4666,2.03845955199904,0.4368751718814916,2.028450860999783,50,2.0167773089997354,233.33006610386536,0.05000644365706502,115.69480000000001,116.15,478.0,81.0,PASS_NVML_LONG_WINDOW_SAMPLE_COUNT_RELEASE_QUALITY,TOTAL_DEVICE_ENERGY_NO_IDLE_SUBTRACTION,LONG_WINDOW_REPEATED_GENERATION_TO_LOSS_MATERIALIZATION_NOT_SPEEDUP_TIMING
saa.drcet.accuracy_cost_energy_pareto_gpu_h100_energy_long_window.v2.energy_workload_row,skewed_t_mixture|d=1000|method=gpu_importance_sampling|paths=2048|repeat=2,skewed_t_mixture,1000,gpu_importance_sampling,NVIDIA_GPU_H100_PCIE_LONG_WINDOW_ENERGY,2048,2,10,LONG_WINDOW_NVML_POWER_INTEGRATION,2.0,8.0,40,0.02,2,4680,2.0212110259999463,0.4318826978632364,2.026495329999989,49,1.9997815129991068,231.5311371385023,0.04947246520053468,115.77510204081634,116.2,478.0,81.0,PASS_NVML_LONG_WINDOW_SAMPLE_COUNT_RELEASE_QUALITY,TOTAL_DEVICE_ENERGY_NO_IDLE_SUBTRACTION,LONG_WINDOW_REPEATED_GENERATION_TO_LOSS_MATERIALIZATION_NOT_SPEEDUP_TIMING
saa.drcet.accuracy_cost_energy_pareto_gpu_h100_energy_long_window.v2.energy_workload_row,skewed_t_mixture|d=1000|method=gpu_randomized_qmc_cpu_sobol|paths=512|repeat=0,skewed_t_mixture,1000,gpu_randomized_qmc_cpu_sobol,NVIDIA_GPU_H100_PCIE_LONG_WINDOW_ENERGY,512,0,10,LONG_WINDOW_NVML_POWER_INTEGRATION,2.0,8.0,40,0.02,2,40,2.2008036950010137,55.02009237502534,2.1114465770001516,42,2.1753085290001763,221.3154770142455,5.532886925356137,101.88809523809525,113.92,466.0,0.0,PASS_NVML_LONG_WINDOW_SAMPLE_COUNT_RELEASE_QUALITY,TOTAL_DEVICE_ENERGY_NO_IDLE_SUBTRACTION,LONG_WINDOW_REPEATED_GENERATION_TO_LOSS_MATERIALIZATION_NOT_SPEEDUP_TIMING
saa.drcet.accuracy_cost_energy_pareto_gpu_h100_energy_long_window.v2.energy_workload_row,skewed_t_mixture|d=1000|method=gpu_randomized_qmc_cpu_sobol|paths=512|repeat=1,skewed_t_mixture,1000,gpu_randomized_qmc_cpu_sobol,NVIDIA_GPU_H100_PCIE_LONG_WINDOW_ENERGY,512,1,10,LONG_WINDOW_NVML_POWER_INTEGRATION,2.0,8.0,40,0.02,2,40,2.1391022369989514,53.477555924973785,2.121388831999866,42,2.1134567110002536,208.18359838809508,5.204589959702377,98.50285714285714,98.58,466.0,0.0,PASS_NVML_LONG_WINDOW_SAMPLE_COUNT_RELEASE_QUALITY,TOTAL_DEVICE_ENERGY_NO_IDLE_SUBTRACTION,LONG_WINDOW_REPEATED_GENERATION_TO_LOSS_MATERIALIZATION_NOT_SPEEDUP_TIMING
saa.drcet.accuracy_cost_energy_pareto_gpu_h100_energy_long_window.v2.energy_workload_row,skewed_t_mixture|d=1000|method=gpu_randomized_qmc_cpu_sobol|paths=512|repeat=2,skewed_t_mixture,1000,gpu_randomized_qmc_cpu_sobol,NVIDIA_GPU_H100_PCIE_LONG_WINDOW_ENERGY,512,2,10,LONG_WINDOW_NVML_POWER_INTEGRATION,2.0,8.0,40,0.02,2,40,2.1442685020010686,53.606712550026714,2.127179418999958,42,2.1079243349995522,207.61615229477098,5.190403807369274,98.49428571428572,98.57,466.0,0.0,PASS_NVML_LONG_WINDOW_SAMPLE_COUNT_RELEASE_QUALITY,TOTAL_DEVICE_ENERGY_NO_IDLE_SUBTRACTION,LONG_WINDOW_REPEATED_GENERATION_TO_LOSS_MATERIALIZATION_NOT_SPEEDUP_TIMING
saa.drcet.accuracy_cost_energy_pareto_gpu_h100_energy_long_window.v2.energy_workload_row,skewed_t_mixture|d=1000|method=gpu_randomized_qmc_cpu_sobol|paths=2048|repeat=0,skewed_t_mixture,1000,gpu_randomized_qmc_cpu_sobol,NVIDIA_GPU_H100_PCIE_LONG_WINDOW_ENERGY,2048,0,10,LONG_WINDOW_NVML_POWER_INTEGRATION,2.0,8.0,40,0.02,2,23,2.08242476399937,90.5402071304074,2.06127547899996,48,2.0565627579999273,202.5099738537729,8.80478147190317,98.46999999999998,98.52,478.0,1.0,PASS_NVML_LONG_WINDOW_SAMPLE_COUNT_RELEASE_QUALITY,TOTAL_DEVICE_ENERGY_NO_IDLE_SUBTRACTION,LONG_WINDOW_REPEATED_GENERATION_TO_LOSS_MATERIALIZATION_NOT_SPEEDUP_TIMING
saa.drcet.accuracy_cost_energy_pareto_gpu_h100_energy_long_window.v2.energy_workload_row,skewed_t_mixture|d=1000|method=gpu_randomized_qmc_cpu_sobol|paths=2048|repeat=1,skewed_t_mixture,1000,gpu_randomized_qmc_cpu_sobol,NVIDIA_GPU_H100_PCIE_LONG_WINDOW_ENERGY,2048,1,10,LONG_WINDOW_NVML_POWER_INTEGRATION,2.0,8.0,40,0.02,2,23,2.0860709399985353,90.69873652167544,2.0640013139998246,48,2.060345484998834,202.8318918454552,8.81877790632414,98.445625,98.51,478.0,1.0,PASS_NVML_LONG_WINDOW_SAMPLE_COUNT_RELEASE_QUALITY,TOTAL_DEVICE_ENERGY_NO_IDLE_SUBTRACTION,LONG_WINDOW_REPEATED_GENERATION_TO_LOSS_MATERIALIZATION_NOT_SPEEDUP_TIMING
saa.drcet.accuracy_cost_energy_pareto_gpu_h100_energy_long_window.v2.energy_workload_row,skewed_t_mixture|d=1000|method=gpu_randomized_qmc_cpu_sobol|paths=2048|repeat=2,skewed_t_mixture,1000,gpu_randomized_qmc_cpu_sobol,NVIDIA_GPU_H100_PCIE_LONG_WINDOW_ENERGY,2048,2,10,LONG_WINDOW_NVML_POWER_INTEGRATION,2.0,8.0,40,0.02,2,23,2.084458266999718,90.62862030433557,2.061402591999922,48,2.0587060720008594,202.5038735738646,8.80451624234194,98.36645833333334,98.48,478.0,1.0,PASS_NVML_LONG_WINDOW_SAMPLE_COUNT_RELEASE_QUALITY,TOTAL_DEVICE_ENERGY_NO_IDLE_SUBTRACTION,LONG_WINDOW_REPEATED_GENERATION_TO_LOSS_MATERIALIZATION_NOT_SPEEDUP_TIMING
saa.drcet.accuracy_cost_energy_pareto_gpu_h100_energy_long_window.v2.energy_workload_row,skewed_t_mixture|d=1000|method=gpu_raw_mc|paths=512|repeat=0,skewed_t_mixture,1000,gpu_raw_mc,NVIDIA_GPU_H100_PCIE_LONG_WINDOW_ENERGY,512,0,10,LONG_WINDOW_NVML_POWER_INTEGRATION,2.0,8.0,40,0.02,2,5207,2.0250050840004405,0.38890053466495883,2.024451119999867,48,2.0035222320002504,210.93146125520445,0.040509210918994516,105.30104166666668,107.64,466.0,70.0,PASS_NVML_LONG_WINDOW_SAMPLE_COUNT_RELEASE_QUALITY,TOTAL_DEVICE_ENERGY_NO_IDLE_SUBTRACTION,LONG_WINDOW_REPEATED_GENERATION_TO_LOSS_MATERIALIZATION_NOT_SPEEDUP_TIMING
saa.drcet.accuracy_cost_energy_pareto_gpu_h100_energy_long_window.v2.energy_workload_row,skewed_t_mixture|d=1000|method=gpu_raw_mc|paths=512|repeat=1,skewed_t_mixture,1000,gpu_raw_mc,NVIDIA_GPU_H100_PCIE_LONG_WINDOW_ENERGY,512,1,10,LONG_WINDOW_NVML_POWER_INTEGRATION,2.0,8.0,40,0.02,2,5214,2.0413217900004383,0.3915078231684769,2.0281966750001175,50,2.0194473170013225,217.04207527954696,0.041626788507776555,107.4752,107.62,466.0,70.0,PASS_NVML_LONG_WINDOW_SAMPLE_COUNT_RELEASE_QUALITY,TOTAL_DEVICE_ENERGY_NO_IDLE_SUBTRACTION,LONG_WINDOW_REPEATED_GENERATION_TO_LOSS_MATERIALIZATION_NOT_SPEEDUP_TIMING
saa.drcet.accuracy_cost_energy_pareto_gpu_h100_energy_long_window.v2.energy_workload_row,skewed_t_mixture|d=1000|method=gpu_raw_mc|paths=512|repeat=2,skewed_t_mixture,1000,gpu_raw_mc,NVIDIA_GPU_H100_PCIE_LONG_WINDOW_ENERGY,512,2,10,LONG_WINDOW_NVML_POWER_INTEGRATION,2.0,8.0,40,0.02,2,5216,2.039013175999571,0.39091510276065394,2.0278470590001234,50,2.0176240330001747,216.73038264352382,0.04155107029208662,107.41740000000001,107.64,466.0,70.0,PASS_NVML_LONG_WINDOW_SAMPLE_COUNT_RELEASE_QUALITY,TOTAL_DEVICE_ENERGY_NO_IDLE_SUBTRACTION,LONG_WINDOW_REPEATED_GENERATION_TO_LOSS_MATERIALIZATION_NOT_SPEEDUP_TIMING
saa.drcet.accuracy_cost_energy_pareto_gpu_h100_energy_long_window.v2.energy_workload_row,skewed_t_mixture|d=1000|method=gpu_raw_mc|paths=2048|repeat=0,skewed_t_mixture,1000,gpu_raw_mc,NVIDIA_GPU_H100_PCIE_LONG_WINDOW_ENERGY,2048,0,10,LONG_WINDOW_NVML_POWER_INTEGRATION,2.0,8.0,40,0.02,2,5137,2.0283090279990574,0.3948431045355377,2.0268212200001017,50,2.006744456000888,230.40938656896978,0.044852907644339066,114.77760000000002,117.47,478.0,85.0,PASS_NVML_LONG_WINDOW_SAMPLE_COUNT_RELEASE_QUALITY,TOTAL_DEVICE_ENERGY_NO_IDLE_SUBTRACTION,LONG_WINDOW_REPEATED_GENERATION_TO_LOSS_MATERIALIZATION_NOT_SPEEDUP_TIMING
saa.drcet.accuracy_cost_energy_pareto_gpu_h100_energy_long_window.v2.energy_workload_row,skewed_t_mixture|d=1000|method=gpu_raw_mc|paths=2048|repeat=1,skewed_t_mixture,1000,gpu_raw_mc,NVIDIA_GPU_H100_PCIE_LONG_WINDOW_ENERGY,2048,1,10,LONG_WINDOW_NVML_POWER_INTEGRATION,2.0,8.0,40,0.02,2,5189,2.020877384000414,0.38945411138955754,2.027371637999977,49,1.9990798219987482,234.8440880041373,0.04525806282600449,117.47326530612244,117.86,478.0,86.0,PASS_NVML_LONG_WINDOW_SAMPLE_COUNT_RELEASE_QUALITY,TOTAL_DEVICE_ENERGY_NO_IDLE_SUBTRACTION,LONG_WINDOW_REPEATED_GENERATION_TO_LOSS_MATERIALIZATION_NOT_SPEEDUP_TIMING
saa.drcet.accuracy_cost_energy_pareto_gpu_h100_energy_long_window.v2.energy_workload_row,skewed_t_mixture|d=1000|method=gpu_raw_mc|paths=2048|repeat=2,skewed_t_mixture,1000,gpu_raw_mc,NVIDIA_GPU_H100_PCIE_LONG_WINDOW_ENERGY,2048,2,10,LONG_WINDOW_NVML_POWER_INTEGRATION,2.0,8.0,40,0.02,2,5195,2.0348308920001728,0.39169025832534604,2.0264959170001475,50,2.013078531001156,236.98371831864083,0.04561765511427157,117.7184,118.04,478.0,86.0,PASS_NVML_LONG_WINDOW_SAMPLE_COUNT_RELEASE_QUALITY,TOTAL_DEVICE_ENERGY_NO_IDLE_SUBTRACTION,LONG_WINDOW_REPEATED_GENERATION_TO_LOSS_MATERIALIZATION_NOT_SPEEDUP_TIMING
saa.drcet.accuracy_cost_energy_pareto_gpu_h100_energy_long_window.v2.energy_workload_row,t_copula_heavy_tail|d=100|method=gpu_antithetic_mc|paths=512|repeat=0,t_copula_heavy_tail,100,gpu_antithetic_mc,NVIDIA_GPU_H100_PCIE_LONG_WINDOW_ENERGY,512,0,10,LONG_WINDOW_NVML_POWER_INTEGRATION,2.0,8.0,40,0.02,2,3855,2.0209763109996857,0.5242480702982324,2.033133545000055,48,1.9994608970009722,214.0532178855965,0.055526126559169,106.9833333333333,117.27,462.0,58.0,PASS_NVML_LONG_WINDOW_SAMPLE_COUNT_RELEASE_QUALITY,TOTAL_DEVICE_ENERGY_NO_IDLE_SUBTRACTION,LONG_WINDOW_REPEATED_GENERATION_TO_LOSS_MATERIALIZATION_NOT_SPEEDUP_TIMING
saa.drcet.accuracy_cost_energy_pareto_gpu_h100_energy_long_window.v2.energy_workload_row,t_copula_heavy_tail|d=100|method=gpu_antithetic_mc|paths=512|repeat=1,t_copula_heavy_tail,100,gpu_antithetic_mc,NVIDIA_GPU_H100_PCIE_LONG_WINDOW_ENERGY,512,1,10,LONG_WINDOW_NVML_POWER_INTEGRATION,2.0,8.0,40,0.02,2,3831,2.0364228380003624,0.5315643012269283,2.0341196639999453,50,2.0140370469998743,208.84378624107703,0.05451417025347873,103.69320000000002,103.79,462.0,57.0,PASS_NVML_LONG_WINDOW_SAMPLE_COUNT_RELEASE_QUALITY,TOTAL_DEVICE_ENERGY_NO_IDLE_SUBTRACTION,LONG_WINDOW_REPEATED_GENERATION_TO_LOSS_MATERIALIZATION_NOT_SPEEDUP_TIMING
saa.drcet.accuracy_cost_energy_pareto_gpu_h100_energy_long_window.v2.energy_workload_row,t_copula_heavy_tail|d=100|method=gpu_antithetic_mc|paths=512|repeat=2,t_copula_heavy_tail,100,gpu_antithetic_mc,NVIDIA_GPU_H100_PCIE_LONG_WINDOW_ENERGY,512,2,10,LONG_WINDOW_NVML_POWER_INTEGRATION,2.0,8.0,40,0.02,2,3835,2.020048477999808,0.5267401507170294,2.036475497000083,49,1.9979361069999868,206.99620643576355,0.05397554274726559,103.60448979591837,103.73,462.0,57.0,PASS_NVML_LONG_WINDOW_SAMPLE_COUNT_RELEASE_QUALITY,TOTAL_DEVICE_ENERGY_NO_IDLE_SUBTRACTION,LONG_WINDOW_REPEATED_GENERATION_TO_LOSS_MATERIALIZATION_NOT_SPEEDUP_TIMING
saa.drcet.accuracy_cost_energy_pareto_gpu_h100_energy_long_window.v2.energy_workload_row,t_copula_heavy_tail|d=100|method=gpu_antithetic_mc|paths=2048|repeat=0,t_copula_heavy_tail,100,gpu_antithetic_mc,NVIDIA_GPU_H100_PCIE_LONG_WINDOW_ENERGY,2048,0,10,LONG_WINDOW_NVML_POWER_INTEGRATION,2.0,8.0,40,0.02,2,3867,2.020693211999969,0.5225480248254382,2.0381895030000123,49,1.998317858999144,210.0556399180357,0.0543200516984835,105.10918367346939,105.71,464.0,59.0,PASS_NVML_LONG_WINDOW_SAMPLE_COUNT_RELEASE_QUALITY,TOTAL_DEVICE_ENERGY_NO_IDLE_SUBTRACTION,LONG_WINDOW_REPEATED_GENERATION_TO_LOSS_MATERIALIZATION_NOT_SPEEDUP_TIMING
saa.drcet.accuracy_cost_energy_pareto_gpu_h100_energy_long_window.v2.energy_workload_row,t_copula_heavy_tail|d=100|method=gpu_antithetic_mc|paths=2048|repeat=1,t_copula_heavy_tail,100,gpu_antithetic_mc,NVIDIA_GPU_H100_PCIE_LONG_WINDOW_ENERGY,2048,1,10,LONG_WINDOW_NVML_POWER_INTEGRATION,2.0,8.0,40,0.02,2,3889,2.0302947870004573,0.5220608863462219,2.0375585960000535,49,2.0080837349996727,212.12502071666054,0.054544875473556326,105.63306122448978,105.75,464.0,59.0,PASS_NVML_LONG_WINDOW_SAMPLE_COUNT_RELEASE_QUALITY,TOTAL_DEVICE_ENERGY_NO_IDLE_SUBTRACTION,LONG_WINDOW_REPEATED_GENERATION_TO_LOSS_MATERIALIZATION_NOT_SPEEDUP_TIMING
saa.drcet.accuracy_cost_energy_pareto_gpu_h100_energy_long_window.v2.energy_workload_row,t_copula_heavy_tail|d=100|method=gpu_antithetic_mc|paths=2048|repeat=2,t_copula_heavy_tail,100,gpu_antithetic_mc,NVIDIA_GPU_H100_PCIE_LONG_WINDOW_ENERGY,2048,2,10,LONG_WINDOW_NVML_POWER_INTEGRATION,2.0,8.0,40,0.02,2,3838,2.0208910159999505,0.5265479458050939,2.0338060939998286,49,1.9961673479992896,210.6228908119101,0.05487829359351488,105.51326530612246,105.61,464.0,59.0,PASS_NVML_LONG_WINDOW_SAMPLE_COUNT_RELEASE_QUALITY,TOTAL_DEVICE_ENERGY_NO_IDLE_SUBTRACTION,LONG_WINDOW_REPEATED_GENERATION_TO_LOSS_MATERIALIZATION_NOT_SPEEDUP_TIMING
saa.drcet.accuracy_cost_energy_pareto_gpu_h100_energy_long_window.v2.energy_workload_row,t_copula_heavy_tail|d=100|method=gpu_importance_sampling|paths=512|repeat=0,t_copula_heavy_tail,100,gpu_importance_sampling,NVIDIA_GPU_H100_PCIE_LONG_WINDOW_ENERGY,512,0,10,LONG_WINDOW_NVML_POWER_INTEGRATION,2.0,8.0,40,0.02,2,4539,2.0216509090005275,0.4453956618199003,2.0285825870000735,48,2.000173055999767,209.04512116384524,0.046055325217855304,104.49791666666665,105.4,462.0,63.0,PASS_NVML_LONG_WINDOW_SAMPLE_COUNT_RELEASE_QUALITY,TOTAL_DEVICE_ENERGY_NO_IDLE_SUBTRACTION,LONG_WINDOW_REPEATED_GENERATION_TO_LOSS_MATERIALIZATION_NOT_SPEEDUP_TIMING
saa.drcet.accuracy_cost_energy_pareto_gpu_h100_energy_long_window.v2.energy_workload_row,t_copula_heavy_tail|d=100|method=gpu_importance_sampling|paths=512|repeat=1,t_copula_heavy_tail,100,gpu_importance_sampling,NVIDIA_GPU_H100_PCIE_LONG_WINDOW_ENERGY,512,1,10,LONG_WINDOW_NVML_POWER_INTEGRATION,2.0,8.0,40,0.02,2,4533,2.031241824999597,0.4481009982350755,2.0294318280000425,50,2.0092083030012873,209.30718099175388,0.04617409684353715,104.1726,104.28,462.0,63.0,PASS_NVML_LONG_WINDOW_SAMPLE_COUNT_RELEASE_QUALITY,TOTAL_DEVICE_ENERGY_NO_IDLE_SUBTRACTION,LONG_WINDOW_REPEATED_GENERATION_TO_LOSS_MATERIALIZATION_NOT_SPEEDUP_TIMING
saa.drcet.accuracy_cost_energy_pareto_gpu_h100_energy_long_window.v2.energy_workload_row,t_copula_heavy_tail|d=100|method=gpu_importance_sampling|paths=512|repeat=2,t_copula_heavy_tail,100,gpu_importance_sampling,NVIDIA_GPU_H100_PCIE_LONG_WINDOW_ENERGY,512,2,10,LONG_WINDOW_NVML_POWER_INTEGRATION,2.0,8.0,40,0.02,2,4508,2.040476464000676,0.4526345306123949,2.029712907999965,50,2.0188946119997127,210.12353576902512,0.046611254607148433,104.07799999999999,104.22,462.0,63.0,PASS_NVML_LONG_WINDOW_SAMPLE_COUNT_RELEASE_QUALITY,TOTAL_DEVICE_ENERGY_NO_IDLE_SUBTRACTION,LONG_WINDOW_REPEATED_GENERATION_TO_LOSS_MATERIALIZATION_NOT_SPEEDUP_TIMING
saa.drcet.accuracy_cost_energy_pareto_gpu_h100_energy_long_window.v2.energy_workload_row,t_copula_heavy_tail|d=100|method=gpu_importance_sampling|paths=2048|repeat=0,t_copula_heavy_tail,100,gpu_importance_sampling,NVIDIA_GPU_H100_PCIE_LONG_WINDOW_ENERGY,2048,0,10,LONG_WINDOW_NVML_POWER_INTEGRATION,2.0,8.0,40,0.02,2,4540,2.0363014430004114,0.44852454691639015,2.0280524540000897,50,2.0142800800003897,212.44774026752546,0.04679465644659151,105.4642,106.09,462.0,65.0,PASS_NVML_LONG_WINDOW_SAMPLE_COUNT_RELEASE_QUALITY,TOTAL_DEVICE_ENERGY_NO_IDLE_SUBTRACTION,LONG_WINDOW_REPEATED_GENERATION_TO_LOSS_MATERIALIZATION_NOT_SPEEDUP_TIMING
saa.drcet.accuracy_cost_energy_pareto_gpu_h100_energy_long_window.v2.energy_workload_row,t_copula_heavy_tail|d=100|method=gpu_importance_sampling|paths=2048|repeat=1,t_copula_heavy_tail,100,gpu_importance_sampling,NVIDIA_GPU_H100_PCIE_LONG_WINDOW_ENERGY,2048,1,10,LONG_WINDOW_NVML_POWER_INTEGRATION,2.0,8.0,40,0.02,2,4533,2.028155728999991,0.4474201917052705,2.035567705000176,49,2.005727697000111,212.3848137075618,0.0468530363352221,105.88979591836734,106.1,462.0,65.0,PASS_NVML_LONG_WINDOW_SAMPLE_COUNT_RELEASE_QUALITY,TOTAL_DEVICE_ENERGY_NO_IDLE_SUBTRACTION,LONG_WINDOW_REPEATED_GENERATION_TO_LOSS_MATERIALIZATION_NOT_SPEEDUP_TIMING
saa.drcet.accuracy_cost_energy_pareto_gpu_h100_energy_long_window.v2.energy_workload_row,t_copula_heavy_tail|d=100|method=gpu_importance_sampling|paths=2048|repeat=2,t_copula_heavy_tail,100,gpu_importance_sampling,NVIDIA_GPU_H100_PCIE_LONG_WINDOW_ENERGY,2048,2,10,LONG_WINDOW_NVML_POWER_INTEGRATION,2.0,8.0,40,0.02,2,4540,2.0964111060002324,0.4617645607930027,2.0282423860001018,50,2.073691464998774,219.6198861548857,0.048374424263190684,105.9026,106.04,462.0,65.0,PASS_NVML_LONG_WINDOW_SAMPLE_COUNT_RELEASE_QUALITY,TOTAL_DEVICE_ENERGY_NO_IDLE_SUBTRACTION,LONG_WINDOW_REPEATED_GENERATION_TO_LOSS_MATERIALIZATION_NOT_SPEEDUP_TIMING
saa.drcet.accuracy_cost_energy_pareto_gpu_h100_energy_long_window.v2.energy_workload_row,t_copula_heavy_tail|d=100|method=gpu_randomized_qmc_cpu_sobol|paths=512|repeat=0,t_copula_heavy_tail,100,gpu_randomized_qmc_cpu_sobol,NVIDIA_GPU_H100_PCIE_LONG_WINDOW_ENERGY,512,0,10,LONG_WINDOW_NVML_POWER_INTEGRATION,2.0,8.0,40,0.02,2,462,2.023855362998802,4.380639313850221,2.0154210799998964,48,2.0035882080010197,200.3569568719164,0.43367306682232987,100.02458333333334,105.23,462.0,13.0,PASS_NVML_LONG_WINDOW_SAMPLE_COUNT_RELEASE_QUALITY,TOTAL_DEVICE_ENERGY_NO_IDLE_SUBTRACTION,LONG_WINDOW_REPEATED_GENERATION_TO_LOSS_MATERIALIZATION_NOT_SPEEDUP_TIMING
saa.drcet.accuracy_cost_energy_pareto_gpu_h100_energy_long_window.v2.energy_workload_row,t_copula_heavy_tail|d=100|method=gpu_randomized_qmc_cpu_sobol|paths=512|repeat=1,t_copula_heavy_tail,100,gpu_randomized_qmc_cpu_sobol,NVIDIA_GPU_H100_PCIE_LONG_WINDOW_ENERGY,512,1,10,LONG_WINDOW_NVML_POWER_INTEGRATION,2.0,8.0,40,0.02,2,462,2.029001676999542,4.39177852164403,2.0164652849998674,48,2.007795272000294,197.731556493299,0.4279903820201277,98.48187499999999,98.49,462.0,2.0,PASS_NVML_LONG_WINDOW_SAMPLE_COUNT_RELEASE_QUALITY,TOTAL_DEVICE_ENERGY_NO_IDLE_SUBTRACTION,LONG_WINDOW_REPEATED_GENERATION_TO_LOSS_MATERIALIZATION_NOT_SPEEDUP_TIMING
saa.drcet.accuracy_cost_energy_pareto_gpu_h100_energy_long_window.v2.energy_workload_row,t_copula_heavy_tail|d=100|method=gpu_randomized_qmc_cpu_sobol|paths=512|repeat=2,t_copula_heavy_tail,100,gpu_randomized_qmc_cpu_sobol,NVIDIA_GPU_H100_PCIE_LONG_WINDOW_ENERGY,512,2,10,LONG_WINDOW_NVML_POWER_INTEGRATION,2.0,8.0,40,0.02,2,463,2.0290156199989724,4.382323153345513,2.0156525520001196,48,2.008249114998762,197.78448298347305,0.42718030881959623,98.48583333333333,98.5,462.0,2.0,PASS_NVML_LONG_WINDOW_SAMPLE_COUNT_RELEASE_QUALITY,TOTAL_DEVICE_ENERGY_NO_IDLE_SUBTRACTION,LONG_WINDOW_REPEATED_GENERATION_TO_LOSS_MATERIALIZATION_NOT_SPEEDUP_TIMING
saa.drcet.accuracy_cost_energy_pareto_gpu_h100_energy_long_window.v2.energy_workload_row,t_copula_heavy_tail|d=100|method=gpu_randomized_qmc_cpu_sobol|paths=2048|repeat=0,t_copula_heavy_tail,100,gpu_randomized_qmc_cpu_sobol,NVIDIA_GPU_H100_PCIE_LONG_WINDOW_ENERGY,2048,0,10,LONG_WINDOW_NVML_POWER_INTEGRATION,2.0,8.0,40,0.02,2,258,2.0266024679986003,7.855048325575971,2.022706760000119,50,2.0060655730012513,197.56852000206322,0.765769457372338,98.48559999999999,98.49,462.0,2.0,PASS_NVML_LONG_WINDOW_SAMPLE_COUNT_RELEASE_QUALITY,TOTAL_DEVICE_ENERGY_NO_IDLE_SUBTRACTION,LONG_WINDOW_REPEATED_GENERATION_TO_LOSS_MATERIALIZATION_NOT_SPEEDUP_TIMING
saa.drcet.accuracy_cost_energy_pareto_gpu_h100_energy_long_window.v2.energy_workload_row,t_copula_heavy_tail|d=100|method=gpu_randomized_qmc_cpu_sobol|paths=2048|repeat=1,t_copula_heavy_tail,100,gpu_randomized_qmc_cpu_sobol,NVIDIA_GPU_H100_PCIE_LONG_WINDOW_ENERGY,2048,1,10,LONG_WINDOW_NVML_POWER_INTEGRATION,2.0,8.0,40,0.02,2,258,2.02812516800077,7.860950263568876,2.0191184949999297,50,2.0070286940008373,197.67060199951246,0.7661651240291181,98.48919999999998,98.49,462.0,1.0,PASS_NVML_LONG_WINDOW_SAMPLE_COUNT_RELEASE_QUALITY,TOTAL_DEVICE_ENERGY_NO_IDLE_SUBTRACTION,LONG_WINDOW_REPEATED_GENERATION_TO_LOSS_MATERIALIZATION_NOT_SPEEDUP_TIMING
saa.drcet.accuracy_cost_energy_pareto_gpu_h100_energy_long_window.v2.energy_workload_row,t_copula_heavy_tail|d=100|method=gpu_randomized_qmc_cpu_sobol|paths=2048|repeat=2,t_copula_heavy_tail,100,gpu_randomized_qmc_cpu_sobol,NVIDIA_GPU_H100_PCIE_LONG_WINDOW_ENERGY,2048,2,10,LONG_WINDOW_NVML_POWER_INTEGRATION,2.0,8.0,40,0.02,2,258,2.026732273001471,7.855551445742137,2.0229640800000652,48,2.0049779910004872,197.45024271120297,0.7653110182604766,98.48041666666667,98.5,462.0,1.0,PASS_NVML_LONG_WINDOW_SAMPLE_COUNT_RELEASE_QUALITY,TOTAL_DEVICE_ENERGY_NO_IDLE_SUBTRACTION,LONG_WINDOW_REPEATED_GENERATION_TO_LOSS_MATERIALIZATION_NOT_SPEEDUP_TIMING
saa.drcet.accuracy_cost_energy_pareto_gpu_h100_energy_long_window.v2.energy_workload_row,t_copula_heavy_tail|d=100|method=gpu_raw_mc|paths=512|repeat=0,t_copula_heavy_tail,100,gpu_raw_mc,NVIDIA_GPU_H100_PCIE_LONG_WINDOW_ENERGY,512,0,10,LONG_WINDOW_NVML_POWER_INTEGRATION,2.0,8.0,40,0.02,2,5046,2.020743045999552,0.40046433729678005,2.028124035000019,49,1.9988921339991066,205.54289595350687,0.040733827973346584,102.79551020408162,104.31,462.0,66.0,PASS_NVML_LONG_WINDOW_SAMPLE_COUNT_RELEASE_QUALITY,TOTAL_DEVICE_ENERGY_NO_IDLE_SUBTRACTION,LONG_WINDOW_REPEATED_GENERATION_TO_LOSS_MATERIALIZATION_NOT_SPEEDUP_TIMING
saa.drcet.accuracy_cost_energy_pareto_gpu_h100_energy_long_window.v2.energy_workload_row,t_copula_heavy_tail|d=100|method=gpu_raw_mc|paths=512|repeat=1,t_copula_heavy_tail,100,gpu_raw_mc,NVIDIA_GPU_H100_PCIE_LONG_WINDOW_ENERGY,512,1,10,LONG_WINDOW_NVML_POWER_INTEGRATION,2.0,8.0,40,0.02,2,5042,2.0209557289999793,0.40082422233240367,2.028509358000065,49,1.999059796000438,208.38069868310052,0.04132897633540272,104.23836734693876,104.33,462.0,66.0,PASS_NVML_LONG_WINDOW_SAMPLE_COUNT_RELEASE_QUALITY,TOTAL_DEVICE_ENERGY_NO_IDLE_SUBTRACTION,LONG_WINDOW_REPEATED_GENERATION_TO_LOSS_MATERIALIZATION_NOT_SPEEDUP_TIMING
saa.drcet.accuracy_cost_energy_pareto_gpu_h100_energy_long_window.v2.energy_workload_row,t_copula_heavy_tail|d=100|method=gpu_raw_mc|paths=512|repeat=2,t_copula_heavy_tail,100,gpu_raw_mc,NVIDIA_GPU_H100_PCIE_LONG_WINDOW_ENERGY,512,2,10,LONG_WINDOW_NVML_POWER_INTEGRATION,2.0,8.0,40,0.02,2,5051,2.0406976979993487,0.4040185503859332,2.028756895000015,50,2.018924915999378,210.4172709376102,0.04165853710901014,104.22059999999999,104.32,462.0,66.0,PASS_NVML_LONG_WINDOW_SAMPLE_COUNT_RELEASE_QUALITY,TOTAL_DEVICE_ENERGY_NO_IDLE_SUBTRACTION,LONG_WINDOW_REPEATED_GENERATION_TO_LOSS_MATERIALIZATION_NOT_SPEEDUP_TIMING
saa.drcet.accuracy_cost_energy_pareto_gpu_h100_energy_long_window.v2.energy_workload_row,t_copula_heavy_tail|d=100|method=gpu_raw_mc|paths=2048|repeat=0,t_copula_heavy_tail,100,gpu_raw_mc,NVIDIA_GPU_H100_PCIE_LONG_WINDOW_ENERGY,2048,0,10,LONG_WINDOW_NVML_POWER_INTEGRATION,2.0,8.0,40,0.02,2,5058,2.0216587930008245,0.39969529319905583,2.0319411890000083,49,2.0000043100008043,211.33747456920335,0.04178281426832806,105.6608163265306,106.32,462.0,68.0,PASS_NVML_LONG_WINDOW_SAMPLE_COUNT_RELEASE_QUALITY,TOTAL_DEVICE_ENERGY_NO_IDLE_SUBTRACTION,LONG_WINDOW_REPEATED_GENERATION_TO_LOSS_MATERIALIZATION_NOT_SPEEDUP_TIMING
saa.drcet.accuracy_cost_energy_pareto_gpu_h100_energy_long_window.v2.energy_workload_row,t_copula_heavy_tail|d=100|method=gpu_raw_mc|paths=2048|repeat=1,t_copula_heavy_tail,100,gpu_raw_mc,NVIDIA_GPU_H100_PCIE_LONG_WINDOW_ENERGY,2048,1,10,LONG_WINDOW_NVML_POWER_INTEGRATION,2.0,8.0,40,0.02,2,5057,2.035110363000058,0.40243432133677237,2.028215021000051,50,2.012819221999962,213.82180447951092,0.04228234219488054,106.22819999999997,106.37,462.0,68.0,PASS_NVML_LONG_WINDOW_SAMPLE_COUNT_RELEASE_QUALITY,TOTAL_DEVICE_ENERGY_NO_IDLE_SUBTRACTION,LONG_WINDOW_REPEATED_GENERATION_TO_LOSS_MATERIALIZATION_NOT_SPEEDUP_TIMING
saa.drcet.accuracy_cost_energy_pareto_gpu_h100_energy_long_window.v2.energy_workload_row,t_copula_heavy_tail|d=100|method=gpu_raw_mc|paths=2048|repeat=2,t_copula_heavy_tail,100,gpu_raw_mc,NVIDIA_GPU_H100_PCIE_LONG_WINDOW_ENERGY,2048,2,10,LONG_WINDOW_NVML_POWER_INTEGRATION,2.0,8.0,40,0.02,2,5047,2.022068329000831,0.40064757856168637,2.0304647429998113,48,2.0001877569993667,212.32965417069298,0.04207046843088825,106.15291666666667,106.35,462.0,68.0,PASS_NVML_LONG_WINDOW_SAMPLE_COUNT_RELEASE_QUALITY,TOTAL_DEVICE_ENERGY_NO_IDLE_SUBTRACTION,LONG_WINDOW_REPEATED_GENERATION_TO_LOSS_MATERIALIZATION_NOT_SPEEDUP_TIMING
saa.drcet.accuracy_cost_energy_pareto_gpu_h100_energy_long_window.v2.energy_workload_row,t_copula_heavy_tail|d=250|method=gpu_antithetic_mc|paths=512|repeat=0,t_copula_heavy_tail,250,gpu_antithetic_mc,NVIDIA_GPU_H100_PCIE_LONG_WINDOW_ENERGY,512,0,10,LONG_WINDOW_NVML_POWER_INTEGRATION,2.0,8.0,40,0.02,2,3832,2.020992773999751,0.5273989493736302,2.033374730999867,49,1.9982686410003225,208.6235704170144,0.054442476622394154,104.41326530612245,106.1,464.0,67.0,PASS_NVML_LONG_WINDOW_SAMPLE_COUNT_RELEASE_QUALITY,TOTAL_DEVICE_ENERGY_NO_IDLE_SUBTRACTION,LONG_WINDOW_REPEATED_GENERATION_TO_LOSS_MATERIALIZATION_NOT_SPEEDUP_TIMING
saa.drcet.accuracy_cost_energy_pareto_gpu_h100_energy_long_window.v2.energy_workload_row,t_copula_heavy_tail|d=250|method=gpu_antithetic_mc|paths=512|repeat=1,t_copula_heavy_tail,250,gpu_antithetic_mc,NVIDIA_GPU_H100_PCIE_LONG_WINDOW_ENERGY,512,1,10,LONG_WINDOW_NVML_POWER_INTEGRATION,2.0,8.0,40,0.02,2,3829,2.0356808909982647,0.5316481825537385,2.0353236189998825,50,2.011072561999754,208.87652065194942,0.054551193693379324,103.8608,103.95,464.0,57.0,PASS_NVML_LONG_WINDOW_SAMPLE_COUNT_RELEASE_QUALITY,TOTAL_DEVICE_ENERGY_NO_IDLE_SUBTRACTION,LONG_WINDOW_REPEATED_GENERATION_TO_LOSS_MATERIALIZATION_NOT_SPEEDUP_TIMING
saa.drcet.accuracy_cost_energy_pareto_gpu_h100_energy_long_window.v2.energy_workload_row,t_copula_heavy_tail|d=250|method=gpu_antithetic_mc|paths=512|repeat=2,t_copula_heavy_tail,250,gpu_antithetic_mc,NVIDIA_GPU_H100_PCIE_LONG_WINDOW_ENERGY,512,2,10,LONG_WINDOW_NVML_POWER_INTEGRATION,2.0,8.0,40,0.02,2,3849,2.021388658999058,0.5251724237461829,2.0360300659999666,49,1.9998103950001678,207.59677950621236,0.05393525058618144,103.80673469387756,103.94,464.0,58.0,PASS_NVML_LONG_WINDOW_SAMPLE_COUNT_RELEASE_QUALITY,TOTAL_DEVICE_ENERGY_NO_IDLE_SUBTRACTION,LONG_WINDOW_REPEATED_GENERATION_TO_LOSS_MATERIALIZATION_NOT_SPEEDUP_TIMING
saa.drcet.accuracy_cost_energy_pareto_gpu_h100_energy_long_window.v2.energy_workload_row,t_copula_heavy_tail|d=250|method=gpu_antithetic_mc|paths=2048|repeat=0,t_copula_heavy_tail,250,gpu_antithetic_mc,NVIDIA_GPU_H100_PCIE_LONG_WINDOW_ENERGY,2048,0,10,LONG_WINDOW_NVML_POWER_INTEGRATION,2.0,8.0,40,0.02,2,3837,2.020933842000886,0.5266963362003874,2.0363053749999835,49,1.9993786289996933,213.54342285160456,0.05565374585655579,106.79387755102042,107.94,470.0,60.0,PASS_NVML_LONG_WINDOW_SAMPLE_COUNT_RELEASE_QUALITY,TOTAL_DEVICE_ENERGY_NO_IDLE_SUBTRACTION,LONG_WINDOW_REPEATED_GENERATION_TO_LOSS_MATERIALIZATION_NOT_SPEEDUP_TIMING
saa.drcet.accuracy_cost_energy_pareto_gpu_h100_energy_long_window.v2.energy_workload_row,t_copula_heavy_tail|d=250|method=gpu_antithetic_mc|paths=2048|repeat=1,t_copula_heavy_tail,250,gpu_antithetic_mc,NVIDIA_GPU_H100_PCIE_LONG_WINDOW_ENERGY,2048,1,10,LONG_WINDOW_NVML_POWER_INTEGRATION,2.0,8.0,40,0.02,2,3786,2.0212957950006967,0.5338868977814836,2.0354038170000877,49,1.9987550730002113,215.26090651259278,0.05685708043121838,107.69632653061224,107.81,470.0,60.0,PASS_NVML_LONG_WINDOW_SAMPLE_COUNT_RELEASE_QUALITY,TOTAL_DEVICE_ENERGY_NO_IDLE_SUBTRACTION,LONG_WINDOW_REPEATED_GENERATION_TO_LOSS_MATERIALIZATION_NOT_SPEEDUP_TIMING
saa.drcet.accuracy_cost_energy_pareto_gpu_h100_energy_long_window.v2.energy_workload_row,t_copula_heavy_tail|d=250|method=gpu_antithetic_mc|paths=2048|repeat=2,t_copula_heavy_tail,250,gpu_antithetic_mc,NVIDIA_GPU_H100_PCIE_LONG_WINDOW_ENERGY,2048,2,10,LONG_WINDOW_NVML_POWER_INTEGRATION,2.0,8.0,40,0.02,2,3863,2.0209751180009334,0.5231620807664855,2.0337853810001434,48,1.9995747249995475,215.63670934015641,0.0558210482371619,107.83416666666666,108.06,470.0,60.0,PASS_NVML_LONG_WINDOW_SAMPLE_COUNT_RELEASE_QUALITY,TOTAL_DEVICE_ENERGY_NO_IDLE_SUBTRACTION,LONG_WINDOW_REPEATED_GENERATION_TO_LOSS_MATERIALIZATION_NOT_SPEEDUP_TIMING
saa.drcet.accuracy_cost_energy_pareto_gpu_h100_energy_long_window.v2.energy_workload_row,t_copula_heavy_tail|d=250|method=gpu_importance_sampling|paths=512|repeat=0,t_copula_heavy_tail,250,gpu_importance_sampling,NVIDIA_GPU_H100_PCIE_LONG_WINDOW_ENERGY,512,0,10,LONG_WINDOW_NVML_POWER_INTEGRATION,2.0,8.0,40,0.02,2,4599,2.02085734100001,0.43941233768210697,2.029418306000025,49,1.9991764179994789,210.69527591775943,0.045813280260439106,105.40591836734694,107.82,462.0,63.0,PASS_NVML_LONG_WINDOW_SAMPLE_COUNT_RELEASE_QUALITY,TOTAL_DEVICE_ENERGY_NO_IDLE_SUBTRACTION,LONG_WINDOW_REPEATED_GENERATION_TO_LOSS_MATERIALIZATION_NOT_SPEEDUP_TIMING
saa.drcet.accuracy_cost_energy_pareto_gpu_h100_energy_long_window.v2.energy_workload_row,t_copula_heavy_tail|d=250|method=gpu_importance_sampling|paths=512|repeat=1,t_copula_heavy_tail,250,gpu_importance_sampling,NVIDIA_GPU_H100_PCIE_LONG_WINDOW_ENERGY,512,1,10,LONG_WINDOW_NVML_POWER_INTEGRATION,2.0,8.0,40,0.02,2,4587,2.035984277999887,0.4438596638325457,2.0286814090000007,50,2.0142790250010876,210.49148423391358,0.045888703778921645,104.4982,104.57,462.0,63.0,PASS_NVML_LONG_WINDOW_SAMPLE_COUNT_RELEASE_QUALITY,TOTAL_DEVICE_ENERGY_NO_IDLE_SUBTRACTION,LONG_WINDOW_REPEATED_GENERATION_TO_LOSS_MATERIALIZATION_NOT_SPEEDUP_TIMING
saa.drcet.accuracy_cost_energy_pareto_gpu_h100_energy_long_window.v2.energy_workload_row,t_copula_heavy_tail|d=250|method=gpu_importance_sampling|paths=512|repeat=2,t_copula_heavy_tail,250,gpu_importance_sampling,NVIDIA_GPU_H100_PCIE_LONG_WINDOW_ENERGY,512,2,10,LONG_WINDOW_NVML_POWER_INTEGRATION,2.0,8.0,40,0.02,2,4541,2.035452083000564,0.44823873221769744,2.029393003999985,50,2.0126039609986037,210.01956495614422,0.04624962892669989,104.3526,104.52,462.0,63.0,PASS_NVML_LONG_WINDOW_SAMPLE_COUNT_RELEASE_QUALITY,TOTAL_DEVICE_ENERGY_NO_IDLE_SUBTRACTION,LONG_WINDOW_REPEATED_GENERATION_TO_LOSS_MATERIALIZATION_NOT_SPEEDUP_TIMING
saa.drcet.accuracy_cost_energy_pareto_gpu_h100_energy_long_window.v2.energy_workload_row,t_copula_heavy_tail|d=250|method=gpu_importance_sampling|paths=2048|repeat=0,t_copula_heavy_tail,250,gpu_importance_sampling,NVIDIA_GPU_H100_PCIE_LONG_WINDOW_ENERGY,2048,0,10,LONG_WINDOW_NVML_POWER_INTEGRATION,2.0,8.0,40,0.02,2,4567,2.0392211289999977,0.44651218064374815,2.02873604399997,50,2.0154839379993064,215.21323069132742,0.047123545148090085,106.77519999999998,107.71,466.0,67.0,PASS_NVML_LONG_WINDOW_SAMPLE_COUNT_RELEASE_QUALITY,TOTAL_DEVICE_ENERGY_NO_IDLE_SUBTRACTION,LONG_WINDOW_REPEATED_GENERATION_TO_LOSS_MATERIALIZATION_NOT_SPEEDUP_TIMING
saa.drcet.accuracy_cost_energy_pareto_gpu_h100_energy_long_window.v2.energy_workload_row,t_copula_heavy_tail|d=250|method=gpu_importance_sampling|paths=2048|repeat=1,t_copula_heavy_tail,250,gpu_importance_sampling,NVIDIA_GPU_H100_PCIE_LONG_WINDOW_ENERGY,2048,1,10,LONG_WINDOW_NVML_POWER_INTEGRATION,2.0,8.0,40,0.02,2,4557,2.0222868800010474,0.4437759227564291,2.0271437549999973,50,2.000419506999606,215.02418944603787,0.047185470582847895,107.49,107.67,466.0,67.0,PASS_NVML_LONG_WINDOW_SAMPLE_COUNT_RELEASE_QUALITY,TOTAL_DEVICE_ENERGY_NO_IDLE_SUBTRACTION,LONG_WINDOW_REPEATED_GENERATION_TO_LOSS_MATERIALIZATION_NOT_SPEEDUP_TIMING
saa.drcet.accuracy_cost_energy_pareto_gpu_h100_energy_long_window.v2.energy_workload_row,t_copula_heavy_tail|d=250|method=gpu_importance_sampling|paths=2048|repeat=2,t_copula_heavy_tail,250,gpu_importance_sampling,NVIDIA_GPU_H100_PCIE_LONG_WINDOW_ENERGY,2048,2,10,LONG_WINDOW_NVML_POWER_INTEGRATION,2.0,8.0,40,0.02,2,4534,2.0204602049998357,0.4456242181296506,2.028205415000002,48,1.9974473639995267,214.81367777624416,0.04737840268554128,107.541875,107.73,466.0,67.0,PASS_NVML_LONG_WINDOW_SAMPLE_COUNT_RELEASE_QUALITY,TOTAL_DEVICE_ENERGY_NO_IDLE_SUBTRACTION,LONG_WINDOW_REPEATED_GENERATION_TO_LOSS_MATERIALIZATION_NOT_SPEEDUP_TIMING
saa.drcet.accuracy_cost_energy_pareto_gpu_h100_energy_long_window.v2.energy_workload_row,t_copula_heavy_tail|d=250|method=gpu_randomized_qmc_cpu_sobol|paths=512|repeat=0,t_copula_heavy_tail,250,gpu_randomized_qmc_cpu_sobol,NVIDIA_GPU_H100_PCIE_LONG_WINDOW_ENERGY,512,0,10,LONG_WINDOW_NVML_POWER_INTEGRATION,2.0,8.0,40,0.02,2,209,2.0236180320007406,9.682382928233208,2.019991828000002,48,1.9979277450001973,200.97862819281696,0.9616202305876409,100.63687499999999,107.35,462.0,66.0,PASS_NVML_LONG_WINDOW_SAMPLE_COUNT_RELEASE_QUALITY,TOTAL_DEVICE_ENERGY_NO_IDLE_SUBTRACTION,LONG_WINDOW_REPEATED_GENERATION_TO_LOSS_MATERIALIZATION_NOT_SPEEDUP_TIMING
saa.drcet.accuracy_cost_energy_pareto_gpu_h100_energy_long_window.v2.energy_workload_row,t_copula_heavy_tail|d=250|method=gpu_randomized_qmc_cpu_sobol|paths=512|repeat=1,t_copula_heavy_tail,250,gpu_randomized_qmc_cpu_sobol,NVIDIA_GPU_H100_PCIE_LONG_WINDOW_ENERGY,512,1,10,LONG_WINDOW_NVML_POWER_INTEGRATION,2.0,8.0,40,0.02,2,209,2.027318178999849,9.70008698086052,2.021503812999981,48,2.001428372999726,196.9103541317431,0.942154804458101,98.38458333333334,98.44,462.0,1.0,PASS_NVML_LONG_WINDOW_SAMPLE_COUNT_RELEASE_QUALITY,TOTAL_DEVICE_ENERGY_NO_IDLE_SUBTRACTION,LONG_WINDOW_REPEATED_GENERATION_TO_LOSS_MATERIALIZATION_NOT_SPEEDUP_TIMING
saa.drcet.accuracy_cost_energy_pareto_gpu_h100_energy_long_window.v2.energy_workload_row,t_copula_heavy_tail|d=250|method=gpu_randomized_qmc_cpu_sobol|paths=512|repeat=2,t_copula_heavy_tail,250,gpu_randomized_qmc_cpu_sobol,NVIDIA_GPU_H100_PCIE_LONG_WINDOW_ENERGY,512,2,10,LONG_WINDOW_NVML_POWER_INTEGRATION,2.0,8.0,40,0.02,2,209,2.0229329289995803,9.679104923442969,2.0179700989999674,48,1.9970758440013014,196.26106162204786,0.9390481417322865,98.27416666666666,98.34,462.0,1.0,PASS_NVML_LONG_WINDOW_SAMPLE_COUNT_RELEASE_QUALITY,TOTAL_DEVICE_ENERGY_NO_IDLE_SUBTRACTION,LONG_WINDOW_REPEATED_GENERATION_TO_LOSS_MATERIALIZATION_NOT_SPEEDUP_TIMING
saa.drcet.accuracy_cost_energy_pareto_gpu_h100_energy_long_window.v2.energy_workload_row,t_copula_heavy_tail|d=250|method=gpu_randomized_qmc_cpu_sobol|paths=2048|repeat=0,t_copula_heavy_tail,250,gpu_randomized_qmc_cpu_sobol,NVIDIA_GPU_H100_PCIE_LONG_WINDOW_ENERGY,2048,0,10,LONG_WINDOW_NVML_POWER_INTEGRATION,2.0,8.0,40,0.02,2,58,2.0512847650006734,35.366978706908164,2.0441152020000573,50,2.0300818300001993,199.13089154160443,3.4332912334759382,98.09039999999999,98.21,466.0,1.0,PASS_NVML_LONG_WINDOW_SAMPLE_COUNT_RELEASE_QUALITY,TOTAL_DEVICE_ENERGY_NO_IDLE_SUBTRACTION,LONG_WINDOW_REPEATED_GENERATION_TO_LOSS_MATERIALIZATION_NOT_SPEEDUP_TIMING
saa.drcet.accuracy_cost_energy_pareto_gpu_h100_energy_long_window.v2.energy_workload_row,t_copula_heavy_tail|d=250|method=gpu_randomized_qmc_cpu_sobol|paths=2048|repeat=1,t_copula_heavy_tail,250,gpu_randomized_qmc_cpu_sobol,NVIDIA_GPU_H100_PCIE_LONG_WINDOW_ENERGY,2048,1,10,LONG_WINDOW_NVML_POWER_INTEGRATION,2.0,8.0,40,0.02,2,58,2.054879522000192,35.42895727586538,2.0471131939998486,50,2.033660797000266,199.31033405170606,3.436385069857001,98.0062,98.07,466.0,0.0,PASS_NVML_LONG_WINDOW_SAMPLE_COUNT_RELEASE_QUALITY,TOTAL_DEVICE_ENERGY_NO_IDLE_SUBTRACTION,LONG_WINDOW_REPEATED_GENERATION_TO_LOSS_MATERIALIZATION_NOT_SPEEDUP_TIMING
saa.drcet.accuracy_cost_energy_pareto_gpu_h100_energy_long_window.v2.energy_workload_row,t_copula_heavy_tail|d=250|method=gpu_randomized_qmc_cpu_sobol|paths=2048|repeat=2,t_copula_heavy_tail,250,gpu_randomized_qmc_cpu_sobol,NVIDIA_GPU_H100_PCIE_LONG_WINDOW_ENERGY,2048,2,10,LONG_WINDOW_NVML_POWER_INTEGRATION,2.0,8.0,40,0.02,2,57,2.0245737960012775,35.5188385263382,2.022202252999932,48,2.003307101000246,196.29138725824916,3.4437085483903362,97.98375000000003,98.03,466.0,0.0,PASS_NVML_LONG_WINDOW_SAMPLE_COUNT_RELEASE_QUALITY,TOTAL_DEVICE_ENERGY_NO_IDLE_SUBTRACTION,LONG_WINDOW_REPEATED_GENERATION_TO_LOSS_MATERIALIZATION_NOT_SPEEDUP_TIMING
saa.drcet.accuracy_cost_energy_pareto_gpu_h100_energy_long_window.v2.energy_workload_row,t_copula_heavy_tail|d=250|method=gpu_raw_mc|paths=512|repeat=0,t_copula_heavy_tail,250,gpu_raw_mc,NVIDIA_GPU_H100_PCIE_LONG_WINDOW_ENERGY,512,0,10,LONG_WINDOW_NVML_POWER_INTEGRATION,2.0,8.0,40,0.02,2,5006,2.020971894999093,0.4037099270873138,2.033728316999941,49,1.99899448099859,205.74995894003646,0.0411006709828279,102.90551020408164,104.62,462.0,66.0,PASS_NVML_LONG_WINDOW_SAMPLE_COUNT_RELEASE_QUALITY,TOTAL_DEVICE_ENERGY_NO_IDLE_SUBTRACTION,LONG_WINDOW_REPEATED_GENERATION_TO_LOSS_MATERIALIZATION_NOT_SPEEDUP_TIMING
saa.drcet.accuracy_cost_energy_pareto_gpu_h100_energy_long_window.v2.energy_workload_row,t_copula_heavy_tail|d=250|method=gpu_raw_mc|paths=512|repeat=1,t_copula_heavy_tail,250,gpu_raw_mc,NVIDIA_GPU_H100_PCIE_LONG_WINDOW_ENERGY,512,1,10,LONG_WINDOW_NVML_POWER_INTEGRATION,2.0,8.0,40,0.02,2,5054,2.0209906960008084,0.39987944123482555,2.0276381270000456,49,1.999686072998884,209.33323178982837,0.041419317726519266,104.68081632653062,104.82,462.0,67.0,PASS_NVML_LONG_WINDOW_SAMPLE_COUNT_RELEASE_QUALITY,TOTAL_DEVICE_ENERGY_NO_IDLE_SUBTRACTION,LONG_WINDOW_REPEATED_GENERATION_TO_LOSS_MATERIALIZATION_NOT_SPEEDUP_TIMING
saa.drcet.accuracy_cost_energy_pareto_gpu_h100_energy_long_window.v2.energy_workload_row,t_copula_heavy_tail|d=250|method=gpu_raw_mc|paths=512|repeat=2,t_copula_heavy_tail,250,gpu_raw_mc,NVIDIA_GPU_H100_PCIE_LONG_WINDOW_ENERGY,512,2,10,LONG_WINDOW_NVML_POWER_INTEGRATION,2.0,8.0,40,0.02,2,5037,2.0437290520003444,0.4057433099067589,2.0277375540001685,50,2.02183432899983,211.53841142035716,0.04199690518569727,104.62519999999999,104.72,462.0,66.0,PASS_NVML_LONG_WINDOW_SAMPLE_COUNT_RELEASE_QUALITY,TOTAL_DEVICE_ENERGY_NO_IDLE_SUBTRACTION,LONG_WINDOW_REPEATED_GENERATION_TO_LOSS_MATERIALIZATION_NOT_SPEEDUP_TIMING
saa.drcet.accuracy_cost_energy_pareto_gpu_h100_energy_long_window.v2.energy_workload_row,t_copula_heavy_tail|d=250|method=gpu_raw_mc|paths=2048|repeat=0,t_copula_heavy_tail,250,gpu_raw_mc,NVIDIA_GPU_H100_PCIE_LONG_WINDOW_ENERGY,2048,0,10,LONG_WINDOW_NVML_POWER_INTEGRATION,2.0,8.0,40,0.02,2,5039,2.0362529269987135,0.4040986161934339,2.0283992849999777,50,2.0140890839993517,215.92481014986797,0.042850726364331806,107.1952,108.28,466.0,70.0,PASS_NVML_LONG_WINDOW_SAMPLE_COUNT_RELEASE_QUALITY,TOTAL_DEVICE_ENERGY_NO_IDLE_SUBTRACTION,LONG_WINDOW_REPEATED_GENERATION_TO_LOSS_MATERIALIZATION_NOT_SPEEDUP_TIMING
saa.drcet.accuracy_cost_energy_pareto_gpu_h100_energy_long_window.v2.energy_workload_row,t_copula_heavy_tail|d=250|method=gpu_raw_mc|paths=2048|repeat=1,t_copula_heavy_tail,250,gpu_raw_mc,NVIDIA_GPU_H100_PCIE_LONG_WINDOW_ENERGY,2048,1,10,LONG_WINDOW_NVML_POWER_INTEGRATION,2.0,8.0,40,0.02,2,5000,2.0210509250009636,0.40421018500019273,2.0308622029999697,49,1.9981468630012387,215.83192197009868,0.043166384394019736,108.01510204081632,108.25,466.0,70.0,PASS_NVML_LONG_WINDOW_SAMPLE_COUNT_RELEASE_QUALITY,TOTAL_DEVICE_ENERGY_NO_IDLE_SUBTRACTION,LONG_WINDOW_REPEATED_GENERATION_TO_LOSS_MATERIALIZATION_NOT_SPEEDUP_TIMING
saa.drcet.accuracy_cost_energy_pareto_gpu_h100_energy_long_window.v2.energy_workload_row,t_copula_heavy_tail|d=250|method=gpu_raw_mc|paths=2048|repeat=2,t_copula_heavy_tail,250,gpu_raw_mc,NVIDIA_GPU_H100_PCIE_LONG_WINDOW_ENERGY,2048,2,10,LONG_WINDOW_NVML_POWER_INTEGRATION,2.0,8.0,40,0.02,2,5047,2.0236480429994117,0.4009605791558177,2.0274455700000544,48,2.0013626710006065,216.5411846880608,0.042904930590065546,108.20520833333335,108.46,466.0,71.0,PASS_NVML_LONG_WINDOW_SAMPLE_COUNT_RELEASE_QUALITY,TOTAL_DEVICE_ENERGY_NO_IDLE_SUBTRACTION,LONG_WINDOW_REPEATED_GENERATION_TO_LOSS_MATERIALIZATION_NOT_SPEEDUP_TIMING
saa.drcet.accuracy_cost_energy_pareto_gpu_h100_energy_long_window.v2.energy_workload_row,t_copula_heavy_tail|d=500|method=gpu_antithetic_mc|paths=512|repeat=0,t_copula_heavy_tail,500,gpu_antithetic_mc,NVIDIA_GPU_H100_PCIE_LONG_WINDOW_ENERGY,512,0,10,LONG_WINDOW_NVML_POWER_INTEGRATION,2.0,8.0,40,0.02,2,3834,2.0207560600010765,0.5270620918104008,2.0360089949999747,49,1.9981359889989108,211.0838419287397,0.055055775150949324,105.64938775510205,108.17,466.0,59.0,PASS_NVML_LONG_WINDOW_SAMPLE_COUNT_RELEASE_QUALITY,TOTAL_DEVICE_ENERGY_NO_IDLE_SUBTRACTION,LONG_WINDOW_REPEATED_GENERATION_TO_LOSS_MATERIALIZATION_NOT_SPEEDUP_TIMING
saa.drcet.accuracy_cost_energy_pareto_gpu_h100_energy_long_window.v2.energy_workload_row,t_copula_heavy_tail|d=500|method=gpu_antithetic_mc|paths=512|repeat=1,t_copula_heavy_tail,500,gpu_antithetic_mc,NVIDIA_GPU_H100_PCIE_LONG_WINDOW_ENERGY,512,1,10,LONG_WINDOW_NVML_POWER_INTEGRATION,2.0,8.0,40,0.02,2,3825,2.0212716109999747,0.5284370224836535,2.035785657999895,49,1.9989112479997857,209.35307912109755,0.054732831142770604,104.73183673469387,104.81,466.0,58.0,PASS_NVML_LONG_WINDOW_SAMPLE_COUNT_RELEASE_QUALITY,TOTAL_DEVICE_ENERGY_NO_IDLE_SUBTRACTION,LONG_WINDOW_REPEATED_GENERATION_TO_LOSS_MATERIALIZATION_NOT_SPEEDUP_TIMING
saa.drcet.accuracy_cost_energy_pareto_gpu_h100_energy_long_window.v2.energy_workload_row,t_copula_heavy_tail|d=500|method=gpu_antithetic_mc|paths=512|repeat=2,t_copula_heavy_tail,500,gpu_antithetic_mc,NVIDIA_GPU_H100_PCIE_LONG_WINDOW_ENERGY,512,2,10,LONG_WINDOW_NVML_POWER_INTEGRATION,2.0,8.0,40,0.02,2,3814,2.0207544559998496,0.5298254997377686,2.0356329130001996,49,1.99847069200041,209.25328102001288,0.05486452045621733,104.70571428571428,104.81,466.0,58.0,PASS_NVML_LONG_WINDOW_SAMPLE_COUNT_RELEASE_QUALITY,TOTAL_DEVICE_ENERGY_NO_IDLE_SUBTRACTION,LONG_WINDOW_REPEATED_GENERATION_TO_LOSS_MATERIALIZATION_NOT_SPEEDUP_TIMING
saa.drcet.accuracy_cost_energy_pareto_gpu_h100_energy_long_window.v2.energy_workload_row,t_copula_heavy_tail|d=500|method=gpu_antithetic_mc|paths=2048|repeat=0,t_copula_heavy_tail,500,gpu_antithetic_mc,NVIDIA_GPU_H100_PCIE_LONG_WINDOW_ENERGY,2048,0,10,LONG_WINDOW_NVML_POWER_INTEGRATION,2.0,8.0,40,0.02,2,3820,2.0209793679987342,0.5290521905755848,2.0351663330000065,49,1.9973551290004252,217.7427046565615,0.05700070802527788,108.99469387755101,110.54,478.0,63.0,PASS_NVML_LONG_WINDOW_SAMPLE_COUNT_RELEASE_QUALITY,TOTAL_DEVICE_ENERGY_NO_IDLE_SUBTRACTION,LONG_WINDOW_REPEATED_GENERATION_TO_LOSS_MATERIALIZATION_NOT_SPEEDUP_TIMING
saa.drcet.accuracy_cost_energy_pareto_gpu_h100_energy_long_window.v2.energy_workload_row,t_copula_heavy_tail|d=500|method=gpu_antithetic_mc|paths=2048|repeat=1,t_copula_heavy_tail,500,gpu_antithetic_mc,NVIDIA_GPU_H100_PCIE_LONG_WINDOW_ENERGY,2048,1,10,LONG_WINDOW_NVML_POWER_INTEGRATION,2.0,8.0,40,0.02,2,3830,2.023271895999642,0.5282694245429874,2.0367008579999037,49,2.0001253749996977,220.74109590963167,0.05763475089024325,110.36673469387756,110.61,478.0,62.0,PASS_NVML_LONG_WINDOW_SAMPLE_COUNT_RELEASE_QUALITY,TOTAL_DEVICE_ENERGY_NO_IDLE_SUBTRACTION,LONG_WINDOW_REPEATED_GENERATION_TO_LOSS_MATERIALIZATION_NOT_SPEEDUP_TIMING
saa.drcet.accuracy_cost_energy_pareto_gpu_h100_energy_long_window.v2.energy_workload_row,t_copula_heavy_tail|d=500|method=gpu_antithetic_mc|paths=2048|repeat=2,t_copula_heavy_tail,500,gpu_antithetic_mc,NVIDIA_GPU_H100_PCIE_LONG_WINDOW_ENERGY,2048,2,10,LONG_WINDOW_NVML_POWER_INTEGRATION,2.0,8.0,40,0.02,2,3887,2.0213274719990295,0.5200225037301337,2.0342460230001507,48,1.9996313489991735,221.04930861632357,0.0568688728109914,110.54895833333332,110.77,478.0,63.0,PASS_NVML_LONG_WINDOW_SAMPLE_COUNT_RELEASE_QUALITY,TOTAL_DEVICE_ENERGY_NO_IDLE_SUBTRACTION,LONG_WINDOW_REPEATED_GENERATION_TO_LOSS_MATERIALIZATION_NOT_SPEEDUP_TIMING
saa.drcet.accuracy_cost_energy_pareto_gpu_h100_energy_long_window.v2.energy_workload_row,t_copula_heavy_tail|d=500|method=gpu_importance_sampling|paths=512|repeat=0,t_copula_heavy_tail,500,gpu_importance_sampling,NVIDIA_GPU_H100_PCIE_LONG_WINDOW_ENERGY,512,0,10,LONG_WINDOW_NVML_POWER_INTEGRATION,2.0,8.0,40,0.02,2,4596,2.0300077610008884,0.4416901133596363,2.0273818769999252,50,2.0070148689992493,213.7547237581025,0.046508860695844756,106.5112,110.34,464.0,65.0,PASS_NVML_LONG_WINDOW_SAMPLE_COUNT_RELEASE_QUALITY,TOTAL_DEVICE_ENERGY_NO_IDLE_SUBTRACTION,LONG_WINDOW_REPEATED_GENERATION_TO_LOSS_MATERIALIZATION_NOT_SPEEDUP_TIMING
saa.drcet.accuracy_cost_energy_pareto_gpu_h100_energy_long_window.v2.energy_workload_row,t_copula_heavy_tail|d=500|method=gpu_importance_sampling|paths=512|repeat=1,t_copula_heavy_tail,500,gpu_importance_sampling,NVIDIA_GPU_H100_PCIE_LONG_WINDOW_ENERGY,512,1,10,LONG_WINDOW_NVML_POWER_INTEGRATION,2.0,8.0,40,0.02,2,4597,2.0369434210006148,0.44310276723963776,2.028167162000045,50,2.0152006070002244,211.96439565745868,0.04610928772187485,105.18160000000002,105.3,464.0,65.0,PASS_NVML_LONG_WINDOW_SAMPLE_COUNT_RELEASE_QUALITY,TOTAL_DEVICE_ENERGY_NO_IDLE_SUBTRACTION,LONG_WINDOW_REPEATED_GENERATION_TO_LOSS_MATERIALIZATION_NOT_SPEEDUP_TIMING
saa.drcet.accuracy_cost_energy_pareto_gpu_h100_energy_long_window.v2.energy_workload_row,t_copula_heavy_tail|d=500|method=gpu_importance_sampling|paths=512|repeat=2,t_copula_heavy_tail,500,gpu_importance_sampling,NVIDIA_GPU_H100_PCIE_LONG_WINDOW_ENERGY,512,2,10,LONG_WINDOW_NVML_POWER_INTEGRATION,2.0,8.0,40,0.02,2,4609,2.020791551000002,0.4384446845302673,2.0273347469999408,49,1.9990539769987663,210.22007647375537,0.04561077814574862,105.15979591836735,105.3,464.0,65.0,PASS_NVML_LONG_WINDOW_SAMPLE_COUNT_RELEASE_QUALITY,TOTAL_DEVICE_ENERGY_NO_IDLE_SUBTRACTION,LONG_WINDOW_REPEATED_GENERATION_TO_LOSS_MATERIALIZATION_NOT_SPEEDUP_TIMING
saa.drcet.accuracy_cost_energy_pareto_gpu_h100_energy_long_window.v2.energy_workload_row,t_copula_heavy_tail|d=500|method=gpu_importance_sampling|paths=2048|repeat=0,t_copula_heavy_tail,500,gpu_importance_sampling,NVIDIA_GPU_H100_PCIE_LONG_WINDOW_ENERGY,2048,0,10,LONG_WINDOW_NVML_POWER_INTEGRATION,2.0,8.0,40,0.02,2,4589,2.020543914000882,0.4403015720202402,2.028421827999864,49,1.9988800000010087,217.99455853330062,0.047503717265918635,109.03816326530612,110.42,470.0,72.0,PASS_NVML_LONG_WINDOW_SAMPLE_COUNT_RELEASE_QUALITY,TOTAL_DEVICE_ENERGY_NO_IDLE_SUBTRACTION,LONG_WINDOW_REPEATED_GENERATION_TO_LOSS_MATERIALIZATION_NOT_SPEEDUP_TIMING
saa.drcet.accuracy_cost_energy_pareto_gpu_h100_energy_long_window.v2.energy_workload_row,t_copula_heavy_tail|d=500|method=gpu_importance_sampling|paths=2048|repeat=1,t_copula_heavy_tail,500,gpu_importance_sampling,NVIDIA_GPU_H100_PCIE_LONG_WINDOW_ENERGY,2048,1,10,LONG_WINDOW_NVML_POWER_INTEGRATION,2.0,8.0,40,0.02,2,4589,2.020152106999376,0.4402161924165125,2.029757219999965,49,1.9973687849997077,220.36777087254268,0.04802086966061074,110.33040816326532,110.51,470.0,72.0,PASS_NVML_LONG_WINDOW_SAMPLE_COUNT_RELEASE_QUALITY,TOTAL_DEVICE_ENERGY_NO_IDLE_SUBTRACTION,LONG_WINDOW_REPEATED_GENERATION_TO_LOSS_MATERIALIZATION_NOT_SPEEDUP_TIMING
saa.drcet.accuracy_cost_energy_pareto_gpu_h100_energy_long_window.v2.energy_workload_row,t_copula_heavy_tail|d=500|method=gpu_importance_sampling|paths=2048|repeat=2,t_copula_heavy_tail,500,gpu_importance_sampling,NVIDIA_GPU_H100_PCIE_LONG_WINDOW_ENERGY,2048,2,10,LONG_WINDOW_NVML_POWER_INTEGRATION,2.0,8.0,40,0.02,2,4583,2.0210882579995086,0.44099678332958947,2.0296816970001146,48,1.9981171260005794,220.62839179861405,0.048140604800046706,110.42395833333332,110.61,470.0,72.0,PASS_NVML_LONG_WINDOW_SAMPLE_COUNT_RELEASE_QUALITY,TOTAL_DEVICE_ENERGY_NO_IDLE_SUBTRACTION,LONG_WINDOW_REPEATED_GENERATION_TO_LOSS_MATERIALIZATION_NOT_SPEEDUP_TIMING
saa.drcet.accuracy_cost_energy_pareto_gpu_h100_energy_long_window.v2.energy_workload_row,t_copula_heavy_tail|d=500|method=gpu_randomized_qmc_cpu_sobol|paths=512|repeat=0,t_copula_heavy_tail,500,gpu_randomized_qmc_cpu_sobol,NVIDIA_GPU_H100_PCIE_LONG_WINDOW_ENERGY,512,0,10,LONG_WINDOW_NVML_POWER_INTEGRATION,2.0,8.0,40,0.02,2,108,2.0404877889995987,18.893405453699987,2.0200470489999134,47,2.0092074719996162,202.98793338461286,1.8795179017093784,101.09468085106384,109.61,464.0,61.0,PASS_NVML_LONG_WINDOW_SAMPLE_COUNT_RELEASE_QUALITY,TOTAL_DEVICE_ENERGY_NO_IDLE_SUBTRACTION,LONG_WINDOW_REPEATED_GENERATION_TO_LOSS_MATERIALIZATION_NOT_SPEEDUP_TIMING
saa.drcet.accuracy_cost_energy_pareto_gpu_h100_energy_long_window.v2.energy_workload_row,t_copula_heavy_tail|d=500|method=gpu_randomized_qmc_cpu_sobol|paths=512|repeat=1,t_copula_heavy_tail,500,gpu_randomized_qmc_cpu_sobol,NVIDIA_GPU_H100_PCIE_LONG_WINDOW_ENERGY,512,1,10,LONG_WINDOW_NVML_POWER_INTEGRATION,2.0,8.0,40,0.02,2,108,2.0326093250005215,18.820456712967793,2.0275728819999586,47,2.0014858550002828,196.71749596536776,1.8214582959756274,98.28425531914893,98.38,464.0,1.0,PASS_NVML_LONG_WINDOW_SAMPLE_COUNT_RELEASE_QUALITY,TOTAL_DEVICE_ENERGY_NO_IDLE_SUBTRACTION,LONG_WINDOW_REPEATED_GENERATION_TO_LOSS_MATERIALIZATION_NOT_SPEEDUP_TIMING
saa.drcet.accuracy_cost_energy_pareto_gpu_h100_energy_long_window.v2.energy_workload_row,t_copula_heavy_tail|d=500|method=gpu_randomized_qmc_cpu_sobol|paths=512|repeat=2,t_copula_heavy_tail,500,gpu_randomized_qmc_cpu_sobol,NVIDIA_GPU_H100_PCIE_LONG_WINDOW_ENERGY,512,2,10,LONG_WINDOW_NVML_POWER_INTEGRATION,2.0,8.0,40,0.02,2,108,2.0464465240002028,18.948578925927805,2.0243161030000465,47,2.015172026000073,197.76862190219214,1.831190943538816,98.13914893617023,98.23,464.0,1.0,PASS_NVML_LONG_WINDOW_SAMPLE_COUNT_RELEASE_QUALITY,TOTAL_DEVICE_ENERGY_NO_IDLE_SUBTRACTION,LONG_WINDOW_REPEATED_GENERATION_TO_LOSS_MATERIALIZATION_NOT_SPEEDUP_TIMING
saa.drcet.accuracy_cost_energy_pareto_gpu_h100_energy_long_window.v2.energy_workload_row,t_copula_heavy_tail|d=500|method=gpu_randomized_qmc_cpu_sobol|paths=2048|repeat=0,t_copula_heavy_tail,500,gpu_randomized_qmc_cpu_sobol,NVIDIA_GPU_H100_PCIE_LONG_WINDOW_ENERGY,2048,0,10,LONG_WINDOW_NVML_POWER_INTEGRATION,2.0,8.0,40,0.02,2,42,2.040762516000541,48.58958371429859,2.0312482520000685,44,2.0194530110002233,198.0182678677319,4.714720663517427,98.05613636363638,98.11,470.0,1.0,PASS_NVML_LONG_WINDOW_SAMPLE_COUNT_RELEASE_QUALITY,TOTAL_DEVICE_ENERGY_NO_IDLE_SUBTRACTION,LONG_WINDOW_REPEATED_GENERATION_TO_LOSS_MATERIALIZATION_NOT_SPEEDUP_TIMING
saa.drcet.accuracy_cost_energy_pareto_gpu_h100_energy_long_window.v2.energy_workload_row,t_copula_heavy_tail|d=500|method=gpu_randomized_qmc_cpu_sobol|paths=2048|repeat=1,t_copula_heavy_tail,500,gpu_randomized_qmc_cpu_sobol,NVIDIA_GPU_H100_PCIE_LONG_WINDOW_ENERGY,2048,1,10,LONG_WINDOW_NVML_POWER_INTEGRATION,2.0,8.0,40,0.02,2,42,2.101444398998865,50.034390452353925,2.0294557540000824,44,2.080259004000254,203.98841406552495,4.856867001560118,98.05886363636364,98.11,470.0,1.0,PASS_NVML_LONG_WINDOW_SAMPLE_COUNT_RELEASE_QUALITY,TOTAL_DEVICE_ENERGY_NO_IDLE_SUBTRACTION,LONG_WINDOW_REPEATED_GENERATION_TO_LOSS_MATERIALIZATION_NOT_SPEEDUP_TIMING
saa.drcet.accuracy_cost_energy_pareto_gpu_h100_energy_long_window.v2.energy_workload_row,t_copula_heavy_tail|d=500|method=gpu_randomized_qmc_cpu_sobol|paths=2048|repeat=2,t_copula_heavy_tail,500,gpu_randomized_qmc_cpu_sobol,NVIDIA_GPU_H100_PCIE_LONG_WINDOW_ENERGY,2048,2,10,LONG_WINDOW_NVML_POWER_INTEGRATION,2.0,8.0,40,0.02,2,42,2.0401372229989647,48.574695785689634,2.0312565219999215,44,2.0187831559996994,197.90191691324054,4.711950402696203,98.03113636363638,98.1,470.0,1.0,PASS_NVML_LONG_WINDOW_SAMPLE_COUNT_RELEASE_QUALITY,TOTAL_DEVICE_ENERGY_NO_IDLE_SUBTRACTION,LONG_WINDOW_REPEATED_GENERATION_TO_LOSS_MATERIALIZATION_NOT_SPEEDUP_TIMING
saa.drcet.accuracy_cost_energy_pareto_gpu_h100_energy_long_window.v2.energy_workload_row,t_copula_heavy_tail|d=500|method=gpu_raw_mc|paths=512|repeat=0,t_copula_heavy_tail,500,gpu_raw_mc,NVIDIA_GPU_H100_PCIE_LONG_WINDOW_ENERGY,512,0,10,LONG_WINDOW_NVML_POWER_INTEGRATION,2.0,8.0,40,0.02,2,5120,2.0315170499998203,0.3967806738280899,2.0286226270000043,50,2.009827595000388,208.58090895746636,0.040738458780755146,103.76119999999999,105.74,464.0,68.0,PASS_NVML_LONG_WINDOW_SAMPLE_COUNT_RELEASE_QUALITY,TOTAL_DEVICE_ENERGY_NO_IDLE_SUBTRACTION,LONG_WINDOW_REPEATED_GENERATION_TO_LOSS_MATERIALIZATION_NOT_SPEEDUP_TIMING
saa.drcet.accuracy_cost_energy_pareto_gpu_h100_energy_long_window.v2.energy_workload_row,t_copula_heavy_tail|d=500|method=gpu_raw_mc|paths=512|repeat=1,t_copula_heavy_tail,500,gpu_raw_mc,NVIDIA_GPU_H100_PCIE_LONG_WINDOW_ENERGY,512,1,10,LONG_WINDOW_NVML_POWER_INTEGRATION,2.0,8.0,40,0.02,2,5105,2.021079658999952,0.3959019900097849,2.0286363529999107,49,1.9980042160004814,210.8760250702161,0.04130774242315692,105.54306122448979,105.7,464.0,68.0,PASS_NVML_LONG_WINDOW_SAMPLE_COUNT_RELEASE_QUALITY,TOTAL_DEVICE_ENERGY_NO_IDLE_SUBTRACTION,LONG_WINDOW_REPEATED_GENERATION_TO_LOSS_MATERIALIZATION_NOT_SPEEDUP_TIMING
saa.drcet.accuracy_cost_energy_pareto_gpu_h100_energy_long_window.v2.energy_workload_row,t_copula_heavy_tail|d=500|method=gpu_raw_mc|paths=512|repeat=2,t_copula_heavy_tail,500,gpu_raw_mc,NVIDIA_GPU_H100_PCIE_LONG_WINDOW_ENERGY,512,2,10,LONG_WINDOW_NVML_POWER_INTEGRATION,2.0,8.0,40,0.02,2,5133,2.020592401999238,0.3936474580166059,2.0256460860000516,49,1.9980947690000903,211.12497816412971,0.04113091333803423,105.66224489795918,105.78,464.0,68.0,PASS_NVML_LONG_WINDOW_SAMPLE_COUNT_RELEASE_QUALITY,TOTAL_DEVICE_ENERGY_NO_IDLE_SUBTRACTION,LONG_WINDOW_REPEATED_GENERATION_TO_LOSS_MATERIALIZATION_NOT_SPEEDUP_TIMING
saa.drcet.accuracy_cost_energy_pareto_gpu_h100_energy_long_window.v2.energy_workload_row,t_copula_heavy_tail|d=500|method=gpu_raw_mc|paths=2048|repeat=0,t_copula_heavy_tail,500,gpu_raw_mc,NVIDIA_GPU_H100_PCIE_LONG_WINDOW_ENERGY,2048,0,10,LONG_WINDOW_NVML_POWER_INTEGRATION,2.0,8.0,40,0.02,2,5114,2.021015342999817,0.3951926755963663,2.0273511360001066,49,1.9988900999996986,219.74174168562885,0.04296866282472211,109.91204081632654,111.51,470.0,76.0,PASS_NVML_LONG_WINDOW_SAMPLE_COUNT_RELEASE_QUALITY,TOTAL_DEVICE_ENERGY_NO_IDLE_SUBTRACTION,LONG_WINDOW_REPEATED_GENERATION_TO_LOSS_MATERIALIZATION_NOT_SPEEDUP_TIMING
saa.drcet.accuracy_cost_energy_pareto_gpu_h100_energy_long_window.v2.energy_workload_row,t_copula_heavy_tail|d=500|method=gpu_raw_mc|paths=2048|repeat=1,t_copula_heavy_tail,500,gpu_raw_mc,NVIDIA_GPU_H100_PCIE_LONG_WINDOW_ENERGY,2048,1,10,LONG_WINDOW_NVML_POWER_INTEGRATION,2.0,8.0,40,0.02,2,5088,2.0423049009987153,0.4013964034981752,2.0292009100000996,49,2.020268328000384,224.7242257648678,0.044167497202214585,111.22938775510204,111.37,470.0,76.0,PASS_NVML_LONG_WINDOW_SAMPLE_COUNT_RELEASE_QUALITY,TOTAL_DEVICE_ENERGY_NO_IDLE_SUBTRACTION,LONG_WINDOW_REPEATED_GENERATION_TO_LOSS_MATERIALIZATION_NOT_SPEEDUP_TIMING
saa.drcet.accuracy_cost_energy_pareto_gpu_h100_energy_long_window.v2.energy_workload_row,t_copula_heavy_tail|d=500|method=gpu_raw_mc|paths=2048|repeat=2,t_copula_heavy_tail,500,gpu_raw_mc,NVIDIA_GPU_H100_PCIE_LONG_WINDOW_ENERGY,2048,2,10,LONG_WINDOW_NVML_POWER_INTEGRATION,2.0,8.0,40,0.02,2,5072,2.0209469880010147,0.39845169321786567,2.028609770999992,49,1.995329531000607,221.6042296618023,0.04369168565887269,111.06142857142858,111.43,470.0,75.0,PASS_NVML_LONG_WINDOW_SAMPLE_COUNT_RELEASE_QUALITY,TOTAL_DEVICE_ENERGY_NO_IDLE_SUBTRACTION,LONG_WINDOW_REPEATED_GENERATION_TO_LOSS_MATERIALIZATION_NOT_SPEEDUP_TIMING
saa.drcet.accuracy_cost_energy_pareto_gpu_h100_energy_long_window.v2.energy_workload_row,t_copula_heavy_tail|d=1000|method=gpu_antithetic_mc|paths=512|repeat=0,t_copula_heavy_tail,1000,gpu_antithetic_mc,NVIDIA_GPU_H100_PCIE_LONG_WINDOW_ENERGY,512,0,10,LONG_WINDOW_NVML_POWER_INTEGRATION,2.0,8.0,40,0.02,2,3857,2.021010341000874,0.5239850508169236,2.036466804999918,49,1.999469536000106,216.04391248916298,0.05601345929197899,108.0630612244898,111.03,470.0,60.0,PASS_NVML_LONG_WINDOW_SAMPLE_COUNT_RELEASE_QUALITY,TOTAL_DEVICE_ENERGY_NO_IDLE_SUBTRACTION,LONG_WINDOW_REPEATED_GENERATION_TO_LOSS_MATERIALIZATION_NOT_SPEEDUP_TIMING
saa.drcet.accuracy_cost_energy_pareto_gpu_h100_energy_long_window.v2.energy_workload_row,t_copula_heavy_tail|d=1000|method=gpu_antithetic_mc|paths=512|repeat=1,t_copula_heavy_tail,1000,gpu_antithetic_mc,NVIDIA_GPU_H100_PCIE_LONG_WINDOW_ENERGY,512,1,10,LONG_WINDOW_NVML_POWER_INTEGRATION,2.0,8.0,40,0.02,2,3870,2.0210418529986782,0.5222330369505629,2.034620335999989,49,1.998333850000563,213.93149453837518,0.05527945595306852,107.05326530612244,107.15,470.0,60.0,PASS_NVML_LONG_WINDOW_SAMPLE_COUNT_RELEASE_QUALITY,TOTAL_DEVICE_ENERGY_NO_IDLE_SUBTRACTION,LONG_WINDOW_REPEATED_GENERATION_TO_LOSS_MATERIALIZATION_NOT_SPEEDUP_TIMING
saa.drcet.accuracy_cost_energy_pareto_gpu_h100_energy_long_window.v2.energy_workload_row,t_copula_heavy_tail|d=1000|method=gpu_antithetic_mc|paths=512|repeat=2,t_copula_heavy_tail,1000,gpu_antithetic_mc,NVIDIA_GPU_H100_PCIE_LONG_WINDOW_ENERGY,512,2,10,LONG_WINDOW_NVML_POWER_INTEGRATION,2.0,8.0,40,0.02,2,3853,2.0216775559983944,0.5247021946531,2.039284870000074,49,1.9983583729990642,213.89818771832483,0.055514712618303874,107.03571428571429,107.15,470.0,60.0,PASS_NVML_LONG_WINDOW_SAMPLE_COUNT_RELEASE_QUALITY,TOTAL_DEVICE_ENERGY_NO_IDLE_SUBTRACTION,LONG_WINDOW_REPEATED_GENERATION_TO_LOSS_MATERIALIZATION_NOT_SPEEDUP_TIMING
saa.drcet.accuracy_cost_energy_pareto_gpu_h100_energy_long_window.v2.energy_workload_row,t_copula_heavy_tail|d=1000|method=gpu_antithetic_mc|paths=2048|repeat=0,t_copula_heavy_tail,1000,gpu_antithetic_mc,NVIDIA_GPU_H100_PCIE_LONG_WINDOW_ENERGY,2048,0,10,LONG_WINDOW_NVML_POWER_INTEGRATION,2.0,8.0,40,0.02,2,3674,2.0216458169998077,0.5502574352204158,2.036638981999886,47,1.9980863349992433,230.8290790231946,0.06282772972868661,115.47170212765958,118.52,494.0,70.0,PASS_NVML_LONG_WINDOW_SAMPLE_COUNT_RELEASE_QUALITY,TOTAL_DEVICE_ENERGY_NO_IDLE_SUBTRACTION,LONG_WINDOW_REPEATED_GENERATION_TO_LOSS_MATERIALIZATION_NOT_SPEEDUP_TIMING
saa.drcet.accuracy_cost_energy_pareto_gpu_h100_energy_long_window.v2.energy_workload_row,t_copula_heavy_tail|d=1000|method=gpu_antithetic_mc|paths=2048|repeat=1,t_copula_heavy_tail,1000,gpu_antithetic_mc,NVIDIA_GPU_H100_PCIE_LONG_WINDOW_ENERGY,2048,1,10,LONG_WINDOW_NVML_POWER_INTEGRATION,2.0,8.0,40,0.02,2,3604,2.0217679100005626,0.5609788873475479,2.033730242999809,46,1.9985751570002321,236.1289406528528,0.06551857398802798,118.13521739130434,118.65,494.0,70.0,PASS_NVML_LONG_WINDOW_SAMPLE_COUNT_RELEASE_QUALITY,TOTAL_DEVICE_ENERGY_NO_IDLE_SUBTRACTION,LONG_WINDOW_REPEATED_GENERATION_TO_LOSS_MATERIALIZATION_NOT_SPEEDUP_TIMING
saa.drcet.accuracy_cost_energy_pareto_gpu_h100_energy_long_window.v2.energy_workload_row,t_copula_heavy_tail|d=1000|method=gpu_antithetic_mc|paths=2048|repeat=2,t_copula_heavy_tail,1000,gpu_antithetic_mc,NVIDIA_GPU_H100_PCIE_LONG_WINDOW_ENERGY,2048,2,10,LONG_WINDOW_NVML_POWER_INTEGRATION,2.0,8.0,40,0.02,2,3645,2.034185730999525,0.558075646364753,2.0356370920001154,48,2.0099024400005874,237.3484704947795,0.0651161784622166,118.09041666666667,118.53,494.0,69.0,PASS_NVML_LONG_WINDOW_SAMPLE_COUNT_RELEASE_QUALITY,TOTAL_DEVICE_ENERGY_NO_IDLE_SUBTRACTION,LONG_WINDOW_REPEATED_GENERATION_TO_LOSS_MATERIALIZATION_NOT_SPEEDUP_TIMING
saa.drcet.accuracy_cost_energy_pareto_gpu_h100_energy_long_window.v2.energy_workload_row,t_copula_heavy_tail|d=1000|method=gpu_importance_sampling|paths=512|repeat=0,t_copula_heavy_tail,1000,gpu_importance_sampling,NVIDIA_GPU_H100_PCIE_LONG_WINDOW_ENERGY,512,0,10,LONG_WINDOW_NVML_POWER_INTEGRATION,2.0,8.0,40,0.02,2,4599,2.0297298109999247,0.44134155490322347,2.0281775689998085,50,2.0066407279991836,219.63569308529554,0.04775727181676354,109.47300000000001,117.87,466.0,68.0,PASS_NVML_LONG_WINDOW_SAMPLE_COUNT_RELEASE_QUALITY,TOTAL_DEVICE_ENERGY_NO_IDLE_SUBTRACTION,LONG_WINDOW_REPEATED_GENERATION_TO_LOSS_MATERIALIZATION_NOT_SPEEDUP_TIMING
saa.drcet.accuracy_cost_energy_pareto_gpu_h100_energy_long_window.v2.energy_workload_row,t_copula_heavy_tail|d=1000|method=gpu_importance_sampling|paths=512|repeat=1,t_copula_heavy_tail,1000,gpu_importance_sampling,NVIDIA_GPU_H100_PCIE_LONG_WINDOW_ENERGY,512,1,10,LONG_WINDOW_NVML_POWER_INTEGRATION,2.0,8.0,40,0.02,2,4589,2.0326995870000246,0.44295044388756255,2.030945349999911,50,2.0099240250001458,214.4907345361558,0.04674019057227191,106.7154,106.86,466.0,67.0,PASS_NVML_LONG_WINDOW_SAMPLE_COUNT_RELEASE_QUALITY,TOTAL_DEVICE_ENERGY_NO_IDLE_SUBTRACTION,LONG_WINDOW_REPEATED_GENERATION_TO_LOSS_MATERIALIZATION_NOT_SPEEDUP_TIMING
saa.drcet.accuracy_cost_energy_pareto_gpu_h100_energy_long_window.v2.energy_workload_row,t_copula_heavy_tail|d=1000|method=gpu_importance_sampling|paths=512|repeat=2,t_copula_heavy_tail,1000,gpu_importance_sampling,NVIDIA_GPU_H100_PCIE_LONG_WINDOW_ENERGY,512,2,10,LONG_WINDOW_NVML_POWER_INTEGRATION,2.0,8.0,40,0.02,2,4600,2.0207350900000165,0.4392902369565253,2.0289853500000845,49,1.9996263649991306,213.3484096735172,0.04638008905946026,106.69408163265307,106.88,466.0,67.0,PASS_NVML_LONG_WINDOW_SAMPLE_COUNT_RELEASE_QUALITY,TOTAL_DEVICE_ENERGY_NO_IDLE_SUBTRACTION,LONG_WINDOW_REPEATED_GENERATION_TO_LOSS_MATERIALIZATION_NOT_SPEEDUP_TIMING
saa.drcet.accuracy_cost_energy_pareto_gpu_h100_energy_long_window.v2.energy_workload_row,t_copula_heavy_tail|d=1000|method=gpu_importance_sampling|paths=2048|repeat=0,t_copula_heavy_tail,1000,gpu_importance_sampling,NVIDIA_GPU_H100_PCIE_LONG_WINDOW_ENERGY,2048,0,10,LONG_WINDOW_NVML_POWER_INTEGRATION,2.0,8.0,40,0.02,2,4606,2.0339655810003023,0.44159044311773826,2.0350542669998504,49,2.0113743969995994,228.352342896468,0.04957714782815198,113.52367346938775,115.92,478.0,81.0,PASS_NVML_LONG_WINDOW_SAMPLE_COUNT_RELEASE_QUALITY,TOTAL_DEVICE_ENERGY_NO_IDLE_SUBTRACTION,LONG_WINDOW_REPEATED_GENERATION_TO_LOSS_MATERIALIZATION_NOT_SPEEDUP_TIMING
saa.drcet.accuracy_cost_energy_pareto_gpu_h100_energy_long_window.v2.energy_workload_row,t_copula_heavy_tail|d=1000|method=gpu_importance_sampling|paths=2048|repeat=1,t_copula_heavy_tail,1000,gpu_importance_sampling,NVIDIA_GPU_H100_PCIE_LONG_WINDOW_ENERGY,2048,1,10,LONG_WINDOW_NVML_POWER_INTEGRATION,2.0,8.0,40,0.02,2,4582,2.036413559000721,0.44443770384127473,2.0320860650001578,48,2.0128462270004093,232.73815736692748,0.05079401077410028,115.61291666666666,115.96,478.0,81.0,PASS_NVML_LONG_WINDOW_SAMPLE_COUNT_RELEASE_QUALITY,TOTAL_DEVICE_ENERGY_NO_IDLE_SUBTRACTION,LONG_WINDOW_REPEATED_GENERATION_TO_LOSS_MATERIALIZATION_NOT_SPEEDUP_TIMING
saa.drcet.accuracy_cost_energy_pareto_gpu_h100_energy_long_window.v2.energy_workload_row,t_copula_heavy_tail|d=1000|method=gpu_importance_sampling|paths=2048|repeat=2,t_copula_heavy_tail,1000,gpu_importance_sampling,NVIDIA_GPU_H100_PCIE_LONG_WINDOW_ENERGY,2048,2,10,LONG_WINDOW_NVML_POWER_INTEGRATION,2.0,8.0,40,0.02,2,4603,2.0210608870002034,0.4390747093200529,2.0290350289999424,49,1.997992943999634,231.02577041803295,0.05019026079036128,115.63020408163266,116.01,478.0,81.0,PASS_NVML_LONG_WINDOW_SAMPLE_COUNT_RELEASE_QUALITY,TOTAL_DEVICE_ENERGY_NO_IDLE_SUBTRACTION,LONG_WINDOW_REPEATED_GENERATION_TO_LOSS_MATERIALIZATION_NOT_SPEEDUP_TIMING
saa.drcet.accuracy_cost_energy_pareto_gpu_h100_energy_long_window.v2.energy_workload_row,t_copula_heavy_tail|d=1000|method=gpu_randomized_qmc_cpu_sobol|paths=512|repeat=0,t_copula_heavy_tail,1000,gpu_randomized_qmc_cpu_sobol,NVIDIA_GPU_H100_PCIE_LONG_WINDOW_ENERGY,512,0,10,LONG_WINDOW_NVML_POWER_INTEGRATION,2.0,8.0,40,0.02,2,40,2.1243852820007305,53.10963205001826,2.1082221280000795,42,2.0987985720003053,213.6856025346145,5.342140063365362,101.85214285714288,113.96,466.0,2.0,PASS_NVML_LONG_WINDOW_SAMPLE_COUNT_RELEASE_QUALITY,TOTAL_DEVICE_ENERGY_NO_IDLE_SUBTRACTION,LONG_WINDOW_REPEATED_GENERATION_TO_LOSS_MATERIALIZATION_NOT_SPEEDUP_TIMING
saa.drcet.accuracy_cost_energy_pareto_gpu_h100_energy_long_window.v2.energy_workload_row,t_copula_heavy_tail|d=1000|method=gpu_randomized_qmc_cpu_sobol|paths=512|repeat=1,t_copula_heavy_tail,1000,gpu_randomized_qmc_cpu_sobol,NVIDIA_GPU_H100_PCIE_LONG_WINDOW_ENERGY,512,1,10,LONG_WINDOW_NVML_POWER_INTEGRATION,2.0,8.0,40,0.02,2,40,2.1229384269990987,53.07346067497747,2.104912178999939,42,2.0971312889996625,206.56911321105187,5.164227830276297,98.50023809523807,98.58,466.0,0.0,PASS_NVML_LONG_WINDOW_SAMPLE_COUNT_RELEASE_QUALITY,TOTAL_DEVICE_ENERGY_NO_IDLE_SUBTRACTION,LONG_WINDOW_REPEATED_GENERATION_TO_LOSS_MATERIALIZATION_NOT_SPEEDUP_TIMING
saa.drcet.accuracy_cost_energy_pareto_gpu_h100_energy_long_window.v2.energy_workload_row,t_copula_heavy_tail|d=1000|method=gpu_randomized_qmc_cpu_sobol|paths=512|repeat=2,t_copula_heavy_tail,1000,gpu_randomized_qmc_cpu_sobol,NVIDIA_GPU_H100_PCIE_LONG_WINDOW_ENERGY,512,2,10,LONG_WINDOW_NVML_POWER_INTEGRATION,2.0,8.0,40,0.02,2,40,2.12875940000049,53.21898500001225,2.1110623170000054,42,2.103075371000159,207.0971544805306,5.177428862013265,98.47238095238096,98.53,466.0,0.0,PASS_NVML_LONG_WINDOW_SAMPLE_COUNT_RELEASE_QUALITY,TOTAL_DEVICE_ENERGY_NO_IDLE_SUBTRACTION,LONG_WINDOW_REPEATED_GENERATION_TO_LOSS_MATERIALIZATION_NOT_SPEEDUP_TIMING
saa.drcet.accuracy_cost_energy_pareto_gpu_h100_energy_long_window.v2.energy_workload_row,t_copula_heavy_tail|d=1000|method=gpu_randomized_qmc_cpu_sobol|paths=2048|repeat=0,t_copula_heavy_tail,1000,gpu_randomized_qmc_cpu_sobol,NVIDIA_GPU_H100_PCIE_LONG_WINDOW_ENERGY,2048,0,10,LONG_WINDOW_NVML_POWER_INTEGRATION,2.0,8.0,40,0.02,2,23,2.075588919000438,90.24299647827992,2.0556701099999373,48,2.049854929000503,201.83918229165457,8.775616621376285,98.46708333333333,98.54,478.0,1.0,PASS_NVML_LONG_WINDOW_SAMPLE_COUNT_RELEASE_QUALITY,TOTAL_DEVICE_ENERGY_NO_IDLE_SUBTRACTION,LONG_WINDOW_REPEATED_GENERATION_TO_LOSS_MATERIALIZATION_NOT_SPEEDUP_TIMING
saa.drcet.accuracy_cost_energy_pareto_gpu_h100_energy_long_window.v2.energy_workload_row,t_copula_heavy_tail|d=1000|method=gpu_randomized_qmc_cpu_sobol|paths=2048|repeat=1,t_copula_heavy_tail,1000,gpu_randomized_qmc_cpu_sobol,NVIDIA_GPU_H100_PCIE_LONG_WINDOW_ENERGY,2048,1,10,LONG_WINDOW_NVML_POWER_INTEGRATION,2.0,8.0,40,0.02,2,23,2.0780566979992727,90.35029121735968,2.058409728000015,47,2.0520600180007023,201.9979588816541,8.782519951376266,98.43531914893619,98.52,478.0,1.0,PASS_NVML_LONG_WINDOW_SAMPLE_COUNT_RELEASE_QUALITY,TOTAL_DEVICE_ENERGY_NO_IDLE_SUBTRACTION,LONG_WINDOW_REPEATED_GENERATION_TO_LOSS_MATERIALIZATION_NOT_SPEEDUP_TIMING
saa.drcet.accuracy_cost_energy_pareto_gpu_h100_energy_long_window.v2.energy_workload_row,t_copula_heavy_tail|d=1000|method=gpu_randomized_qmc_cpu_sobol|paths=2048|repeat=2,t_copula_heavy_tail,1000,gpu_randomized_qmc_cpu_sobol,NVIDIA_GPU_H100_PCIE_LONG_WINDOW_ENERGY,2048,2,10,LONG_WINDOW_NVML_POWER_INTEGRATION,2.0,8.0,40,0.02,2,23,2.074801695998758,90.20876939125036,2.052726102999941,48,2.0489154970000527,201.5737511357652,8.764076136337618,98.37895833333333,98.45,478.0,1.0,PASS_NVML_LONG_WINDOW_SAMPLE_COUNT_RELEASE_QUALITY,TOTAL_DEVICE_ENERGY_NO_IDLE_SUBTRACTION,LONG_WINDOW_REPEATED_GENERATION_TO_LOSS_MATERIALIZATION_NOT_SPEEDUP_TIMING
saa.drcet.accuracy_cost_energy_pareto_gpu_h100_energy_long_window.v2.energy_workload_row,t_copula_heavy_tail|d=1000|method=gpu_raw_mc|paths=512|repeat=0,t_copula_heavy_tail,1000,gpu_raw_mc,NVIDIA_GPU_H100_PCIE_LONG_WINDOW_ENERGY,512,0,10,LONG_WINDOW_NVML_POWER_INTEGRATION,2.0,8.0,40,0.02,2,5109,2.0208644949998416,0.3955499109414448,2.0274982630000977,49,1.9988272800001141,210.0276542957593,0.04110934709253461,105.04346938775511,107.42,466.0,70.0,PASS_NVML_LONG_WINDOW_SAMPLE_COUNT_RELEASE_QUALITY,TOTAL_DEVICE_ENERGY_NO_IDLE_SUBTRACTION,LONG_WINDOW_REPEATED_GENERATION_TO_LOSS_MATERIALIZATION_NOT_SPEEDUP_TIMING
saa.drcet.accuracy_cost_energy_pareto_gpu_h100_energy_long_window.v2.energy_workload_row,t_copula_heavy_tail|d=1000|method=gpu_raw_mc|paths=512|repeat=1,t_copula_heavy_tail,1000,gpu_raw_mc,NVIDIA_GPU_H100_PCIE_LONG_WINDOW_ENERGY,512,1,10,LONG_WINDOW_NVML_POWER_INTEGRATION,2.0,8.0,40,0.02,2,5109,2.037769239001136,0.3988587275398583,2.027730940000083,50,2.0158520149998367,216.3833994246026,0.0423533762819735,107.3382,107.52,466.0,70.0,PASS_NVML_LONG_WINDOW_SAMPLE_COUNT_RELEASE_QUALITY,TOTAL_DEVICE_ENERGY_NO_IDLE_SUBTRACTION,LONG_WINDOW_REPEATED_GENERATION_TO_LOSS_MATERIALIZATION_NOT_SPEEDUP_TIMING
saa.drcet.accuracy_cost_energy_pareto_gpu_h100_energy_long_window.v2.energy_workload_row,t_copula_heavy_tail|d=1000|method=gpu_raw_mc|paths=512|repeat=2,t_copula_heavy_tail,1000,gpu_raw_mc,NVIDIA_GPU_H100_PCIE_LONG_WINDOW_ENERGY,512,2,10,LONG_WINDOW_NVML_POWER_INTEGRATION,2.0,8.0,40,0.02,2,5110,2.0210736289991473,0.3955134303325142,2.0293469449998156,49,1.9994494930015208,214.53066850505795,0.041982518298445785,107.29367346938776,107.49,466.0,70.0,PASS_NVML_LONG_WINDOW_SAMPLE_COUNT_RELEASE_QUALITY,TOTAL_DEVICE_ENERGY_NO_IDLE_SUBTRACTION,LONG_WINDOW_REPEATED_GENERATION_TO_LOSS_MATERIALIZATION_NOT_SPEEDUP_TIMING
saa.drcet.accuracy_cost_energy_pareto_gpu_h100_energy_long_window.v2.energy_workload_row,t_copula_heavy_tail|d=1000|method=gpu_raw_mc|paths=2048|repeat=0,t_copula_heavy_tail,1000,gpu_raw_mc,NVIDIA_GPU_H100_PCIE_LONG_WINDOW_ENERGY,2048,0,10,LONG_WINDOW_NVML_POWER_INTEGRATION,2.0,8.0,40,0.02,2,5094,2.0336315799995646,0.3992209619158941,2.0282527020001453,48,2.0120890349990077,230.9449890031032,0.045336668434060305,114.65354166666668,117.51,478.0,85.0,PASS_NVML_LONG_WINDOW_SAMPLE_COUNT_RELEASE_QUALITY,TOTAL_DEVICE_ENERGY_NO_IDLE_SUBTRACTION,LONG_WINDOW_REPEATED_GENERATION_TO_LOSS_MATERIALIZATION_NOT_SPEEDUP_TIMING
saa.drcet.accuracy_cost_energy_pareto_gpu_h100_energy_long_window.v2.energy_workload_row,t_copula_heavy_tail|d=1000|method=gpu_raw_mc|paths=2048|repeat=1,t_copula_heavy_tail,1000,gpu_raw_mc,NVIDIA_GPU_H100_PCIE_LONG_WINDOW_ENERGY,2048,1,10,LONG_WINDOW_NVML_POWER_INTEGRATION,2.0,8.0,40,0.02,2,5075,2.01993030399899,0.39801582344807684,2.0322378610001124,49,1.997352399999727,233.9693995110236,0.04610234473123618,117.13897959183674,117.58,478.0,85.0,PASS_NVML_LONG_WINDOW_SAMPLE_COUNT_RELEASE_QUALITY,TOTAL_DEVICE_ENERGY_NO_IDLE_SUBTRACTION,LONG_WINDOW_REPEATED_GENERATION_TO_LOSS_MATERIALIZATION_NOT_SPEEDUP_TIMING
saa.drcet.accuracy_cost_energy_pareto_gpu_h100_energy_long_window.v2.energy_workload_row,t_copula_heavy_tail|d=1000|method=gpu_raw_mc|paths=2048|repeat=2,t_copula_heavy_tail,1000,gpu_raw_mc,NVIDIA_GPU_H100_PCIE_LONG_WINDOW_ENERGY,2048,2,10,LONG_WINDOW_NVML_POWER_INTEGRATION,2.0,8.0,40,0.02,2,5068,2.02118361400062,0.39881286779807024,2.030587190999995,49,1.9988461210014066,234.2367992646049,0.04621878438528116,117.1869387755102,117.55,478.0,85.0,PASS_NVML_LONG_WINDOW_SAMPLE_COUNT_RELEASE_QUALITY,TOTAL_DEVICE_ENERGY_NO_IDLE_SUBTRACTION,LONG_WINDOW_REPEATED_GENERATION_TO_LOSS_MATERIALIZATION_NOT_SPEEDUP_TIMING
